serving /Users/alex/Documents/CR_projects/phil_sycophancy/results at http://127.0.0.1:8791/  (comments -> /Users/alex/Documents/CR_projects/phil_sycophancy/results/comments/comments_<doc>.md)
27/Sep/2026 10:32:25 - "GET /api/post_mtime HTTP/1.1" 200 -
27/Sep/2026 10:32:27 - "GET /api/post_mtime HTTP/1.1" 200 -
27/Sep/2026 10:32:28 - "GET /api/post_mtime HTTP/1.1" 200 -
27/Sep/2026 10:32:30 - "GET /api/post_mtime HTTP/1.1" 200 -
27/Sep/2026 10:32:31 - "GET /api/post_mtime HTTP/1.1" 200 -
27/Sep/2026 10:32:33 - "GET /api/post_mtime HTTP/1.1" 200 -
27/Sep/2026 10:32:34 - "GET /api/post_mtime HTTP/1.1" 200 -
27/Sep/2026 10:32:36 - "GET /api/post_mtime HTTP/1.1" 200 -
27/Sep/2026 10:32:37 - "GET /api/post_mtime HTTP/1.1" 200 -
27/Sep/2026 10:32:37 - "GET /api/post_mtime HTTP/1.1" 200 -
27/Sep/2026 10:32:39 - "GET /api/post_mtime HTTP/1.1" 200 -
27/Sep/2026 10:32:40 - "GET /api/post_mtime HTTP/1.1" 200 -
27/Sep/2026 10:32:42 - "GET /api/post_mtime HTTP/1.1" 200 -
27/Sep/2026 10:32:43 - "GET /api/post_mtime HTTP/1.1" 200 -
27/Sep/2026 10:32:45 - "GET /api/post_mtime HTTP/1.1" 200 -
27/Sep/2026 10:32:46 - "GET /api/post_mtime HTTP/1.1" 200 -
27/Sep/2026 10:32:48 - "GET /api/post_mtime HTTP/1.1" 200 -
27/Sep/2026 10:32:49 - "GET /api/post_mtime HTTP/1.1" 200 -
27/Sep/2026 10:32:51 - "GET /api/post_mtime HTTP/1.1" 200 -
27/Sep/2026 10:32:52 - "GET /api/post_mtime HTTP/1.1" 200 -
27/Sep/2026 10:32:54 - "GET /api/post_mtime HTTP/1.1" 200 -
27/Sep/2026 10:32:55 - "GET /api/post_mtime HTTP/1.1" 200 -
27/Sep/2026 10:32:57 - "GET /api/post_mtime HTTP/1.1" 200 -
27/Sep/2026 10:32:58 - "GET /api/post_mtime HTTP/1.1" 200 -
27/Sep/2026 10:33:00 - "GET /api/post_mtime HTTP/1.1" 200 -
27/Sep/2026 10:33:01 - "GET /api/post_mtime HTTP/1.1" 200 -
27/Sep/2026 10:33:03 - "GET /api/post_mtime HTTP/1.1" 200 -
27/Sep/2026 10:33:04 - "GET /api/post_mtime HTTP/1.1" 200 -
----------------------------------------
Exception occurred during processing of request from ('127.0.0.1', 60999)
Traceback (most recent call last):
  File "/Users/alex/.local/share/uv/python/cpython-3.12.14-macos-aarch64-none/lib/python3.12/http/server.py", line 735, in send_head
    f = open(path, 'rb')
        ^^^^^^^^^^^^^^^^
FileNotFoundError: [Errno 2] No such file or directory: '/Users/alex/Documents/CR_projects/phil_sycophancy/results/favicon.ico'

During handling of the above exception, another exception occurred:

Traceback (most recent call last):
  File "/Users/alex/.local/share/uv/python/cpython-3.12.14-macos-aarch64-none/lib/python3.12/socketserver.py", line 697, in process_request_thread
    self.finish_request(request, client_address)
  File "/Users/alex/.local/share/uv/python/cpython-3.12.14-macos-aarch64-none/lib/python3.12/socketserver.py", line 362, in finish_request
    self.RequestHandlerClass(request, client_address, self)
  File "/Users/alex/.local/share/uv/python/cpython-3.12.14-macos-aarch64-none/lib/python3.12/http/server.py", line 676, in __init__
    super().__init__(*args, **kwargs)
  File "/Users/alex/.local/share/uv/python/cpython-3.12.14-macos-aarch64-none/lib/python3.12/socketserver.py", line 766, in __init__
    self.handle()
  File "/Users/alex/.local/share/uv/python/cpython-3.12.14-macos-aarch64-none/lib/python3.12/http/server.py", line 440, in handle
    self.handle_one_request()
  File "/Users/alex/.local/share/uv/python/cpython-3.12.14-macos-aarch64-none/lib/python3.12/http/server.py", line 428, in handle_one_request
    method()
  File "/Users/alex/Documents/CR_projects/phil_sycophancy/philsyc/serve_report.py", line 67, in do_GET
    return super().do_GET()
           ^^^^^^^^^^^^^^^^
  File "/Users/alex/.local/share/uv/python/cpython-3.12.14-macos-aarch64-none/lib/python3.12/http/server.py", line 680, in do_GET
    f = self.send_head()
        ^^^^^^^^^^^^^^^^
  File "/Users/alex/.local/share/uv/python/cpython-3.12.14-macos-aarch64-none/lib/python3.12/http/server.py", line 737, in send_head
    self.send_error(HTTPStatus.NOT_FOUND, "File not found")
  File "/Users/alex/.local/share/uv/python/cpython-3.12.14-macos-aarch64-none/lib/python3.12/http/server.py", line 470, in send_error
    self.log_error("code %d, message %s", code, message)
  File "/Users/alex/.local/share/uv/python/cpython-3.12.14-macos-aarch64-none/lib/python3.12/http/server.py", line 572, in log_error
    self.log_message(format, *args)
  File "/Users/alex/Documents/CR_projects/phil_sycophancy/philsyc/serve_report.py", line 42, in log_message
    if "/api/" in (args[0] if args else ""):
       ^^^^^^^^^^^^^^^^^^^^^^^^^^^^^^^^^^^^
TypeError: argument of type 'HTTPStatus' is not iterable
----------------------------------------
----------------------------------------
Exception occurred during processing of request from ('127.0.0.1', 61000)
Traceback (most recent call last):
  File "/Users/alex/.local/share/uv/python/cpython-3.12.14-macos-aarch64-none/lib/python3.12/http/server.py", line 735, in send_head
    f = open(path, 'rb')
        ^^^^^^^^^^^^^^^^
FileNotFoundError: [Errno 2] No such file or directory: '/Users/alex/Documents/CR_projects/phil_sycophancy/results/favicon.ico'

During handling of the above exception, another exception occurred:

Traceback (most recent call last):
  File "/Users/alex/.local/share/uv/python/cpython-3.12.14-macos-aarch64-none/lib/python3.12/socketserver.py", line 697, in process_request_thread
    self.finish_request(request, client_address)
  File "/Users/alex/.local/share/uv/python/cpython-3.12.14-macos-aarch64-none/lib/python3.12/socketserver.py", line 362, in finish_request
    self.RequestHandlerClass(request, client_address, self)
  File "/Users/alex/.local/share/uv/python/cpython-3.12.14-macos-aarch64-none/lib/python3.12/http/server.py", line 676, in __init__
    super().__init__(*args, **kwargs)
  File "/Users/alex/.local/share/uv/python/cpython-3.12.14-macos-aarch64-none/lib/python3.12/socketserver.py", line 766, in __init__
    self.handle()
  File "/Users/alex/.local/share/uv/python/cpython-3.12.14-macos-aarch64-none/lib/python3.12/http/server.py", line 440, in handle
    self.handle_one_request()
  File "/Users/alex/.local/share/uv/python/cpython-3.12.14-macos-aarch64-none/lib/python3.12/http/server.py", line 428, in handle_one_request
    method()
  File "/Users/alex/Documents/CR_projects/phil_sycophancy/philsyc/serve_report.py", line 67, in do_GET
    return super().do_GET()
           ^^^^^^^^^^^^^^^^
  File "/Users/alex/.local/share/uv/python/cpython-3.12.14-macos-aarch64-none/lib/python3.12/http/server.py", line 680, in do_GET
    f = self.send_head()
        ^^^^^^^^^^^^^^^^
  File "/Users/alex/.local/share/uv/python/cpython-3.12.14-macos-aarch64-none/lib/python3.12/http/server.py", line 737, in send_head
    self.send_error(HTTPStatus.NOT_FOUND, "File not found")
  File "/Users/alex/.local/share/uv/python/cpython-3.12.14-macos-aarch64-none/lib/python3.12/http/server.py", line 470, in send_error
    self.log_error("code %d, message %s", code, message)
  File "/Users/alex/.local/share/uv/python/cpython-3.12.14-macos-aarch64-none/lib/python3.12/http/server.py", line 572, in log_error
    self.log_message(format, *args)
  File "/Users/alex/Documents/CR_projects/phil_sycophancy/philsyc/serve_report.py", line 42, in log_message
    if "/api/" in (args[0] if args else ""):
       ^^^^^^^^^^^^^^^^^^^^^^^^^^^^^^^^^^^^
TypeError: argument of type 'HTTPStatus' is not iterable
----------------------------------------
27/Sep/2026 10:33:07 - "GET /api/post_mtime HTTP/1.1" 200 -
27/Sep/2026 10:33:09 - "GET /api/post_mtime HTTP/1.1" 200 -
27/Sep/2026 10:33:10 - "GET /api/post_mtime HTTP/1.1" 200 -
27/Sep/2026 10:33:12 - "GET /api/post_mtime HTTP/1.1" 200 -
27/Sep/2026 10:33:13 - "GET /api/post_mtime HTTP/1.1" 200 -
27/Sep/2026 10:33:15 - "GET /api/post_mtime HTTP/1.1" 200 -
27/Sep/2026 10:33:16 - "GET /api/post_mtime HTTP/1.1" 200 -
27/Sep/2026 10:33:18 - "GET /api/post_mtime HTTP/1.1" 200 -
27/Sep/2026 10:33:19 - "GET /api/post_mtime HTTP/1.1" 200 -
27/Sep/2026 10:33:21 - "GET /api/post_mtime HTTP/1.1" 200 -
27/Sep/2026 10:33:22 - "GET /api/post_mtime HTTP/1.1" 200 -
27/Sep/2026 10:33:24 - "GET /api/post_mtime HTTP/1.1" 200 -
27/Sep/2026 10:33:25 - "GET /api/post_mtime HTTP/1.1" 200 -
27/Sep/2026 10:33:27 - "GET /api/post_mtime HTTP/1.1" 200 -
27/Sep/2026 10:33:28 - "GET /api/post_mtime HTTP/1.1" 200 -
27/Sep/2026 10:33:30 - "GET /api/post_mtime HTTP/1.1" 200 -
27/Sep/2026 10:33:31 - "GET /api/post_mtime HTTP/1.1" 200 -
27/Sep/2026 10:33:33 - "GET /api/post_mtime HTTP/1.1" 200 -
27/Sep/2026 10:33:34 - "GET /api/post_mtime HTTP/1.1" 200 -
27/Sep/2026 10:33:36 - "GET /api/post_mtime HTTP/1.1" 200 -
27/Sep/2026 10:33:37 - "GET /api/post_mtime HTTP/1.1" 200 -
27/Sep/2026 10:33:37 - "GET /api/post_mtime HTTP/1.1" 200 -
27/Sep/2026 10:33:39 - "GET /api/post_mtime HTTP/1.1" 200 -
27/Sep/2026 10:33:40 - "GET /api/post_mtime HTTP/1.1" 200 -
27/Sep/2026 10:33:42 - "GET /api/post_mtime HTTP/1.1" 200 -
27/Sep/2026 10:33:43 - "GET /api/post_mtime HTTP/1.1" 200 -
27/Sep/2026 10:33:45 - "GET /api/post_mtime HTTP/1.1" 200 -
27/Sep/2026 10:33:46 - "GET /api/post_mtime HTTP/1.1" 200 -
27/Sep/2026 10:33:48 - "GET /api/post_mtime HTTP/1.1" 200 -
27/Sep/2026 10:33:49 - "GET /api/post_mtime HTTP/1.1" 200 -
27/Sep/2026 10:33:51 - "GET /api/post_mtime HTTP/1.1" 200 -
27/Sep/2026 10:33:52 - "GET /api/post_mtime HTTP/1.1" 200 -
27/Sep/2026 10:33:54 - "GET /api/post_mtime HTTP/1.1" 200 -
27/Sep/2026 10:33:55 - "GET /api/post_mtime HTTP/1.1" 200 -
27/Sep/2026 10:33:57 - "GET /api/post_mtime HTTP/1.1" 200 -
27/Sep/2026 10:33:58 - "GET /api/post_mtime HTTP/1.1" 200 -
27/Sep/2026 10:34:00 - "GET /api/post_mtime HTTP/1.1" 200 -
27/Sep/2026 10:34:01 - "GET /api/post_mtime HTTP/1.1" 200 -
27/Sep/2026 10:34:03 - "GET /api/post_mtime HTTP/1.1" 200 -
27/Sep/2026 10:34:04 - "GET /api/post_mtime HTTP/1.1" 200 -
27/Sep/2026 10:34:06 - "GET /api/post_mtime HTTP/1.1" 200 -
27/Sep/2026 10:34:07 - "GET /api/post_mtime HTTP/1.1" 200 -
27/Sep/2026 10:34:09 - "GET /api/post_mtime HTTP/1.1" 200 -
27/Sep/2026 10:34:10 - "GET /api/post_mtime HTTP/1.1" 200 -
27/Sep/2026 10:34:12 - "GET /api/post_mtime HTTP/1.1" 200 -
27/Sep/2026 10:34:13 - "GET /api/post_mtime HTTP/1.1" 200 -
27/Sep/2026 10:34:15 - "GET /api/post_mtime HTTP/1.1" 200 -
27/Sep/2026 10:34:16 - "GET /api/post_mtime HTTP/1.1" 200 -
27/Sep/2026 10:34:18 - "GET /api/post_mtime HTTP/1.1" 200 -
27/Sep/2026 10:34:19 - "GET /api/post_mtime HTTP/1.1" 200 -
27/Sep/2026 10:34:21 - "GET /api/post_mtime HTTP/1.1" 200 -
27/Sep/2026 10:34:22 - "GET /api/post_mtime HTTP/1.1" 200 -
27/Sep/2026 10:34:24 - "GET /api/post_mtime HTTP/1.1" 200 -
27/Sep/2026 10:34:25 - "GET /api/post_mtime HTTP/1.1" 200 -
27/Sep/2026 10:34:27 - "GET /api/post_mtime HTTP/1.1" 200 -
27/Sep/2026 10:34:28 - "GET /api/post_mtime HTTP/1.1" 200 -
27/Sep/2026 10:34:30 - "GET /api/post_mtime HTTP/1.1" 200 -
27/Sep/2026 10:34:31 - "GET /api/post_mtime HTTP/1.1" 200 -
27/Sep/2026 10:34:33 - "GET /api/post_mtime HTTP/1.1" 200 -
27/Sep/2026 10:34:34 - "GET /api/post_mtime HTTP/1.1" 200 -
27/Sep/2026 10:34:36 - "GET /api/post_mtime HTTP/1.1" 200 -
27/Sep/2026 10:34:37 - "GET /api/post_mtime HTTP/1.1" 200 -
27/Sep/2026 10:34:37 - "GET /api/post_mtime HTTP/1.1" 200 -
27/Sep/2026 10:34:39 - "GET /api/post_mtime HTTP/1.1" 200 -
27/Sep/2026 10:34:40 - "GET /api/post_mtime HTTP/1.1" 200 -
27/Sep/2026 10:34:42 - "GET /api/post_mtime HTTP/1.1" 200 -
27/Sep/2026 10:34:43 - "GET /api/post_mtime HTTP/1.1" 200 -
27/Sep/2026 10:34:45 - "GET /api/post_mtime HTTP/1.1" 200 -
27/Sep/2026 10:34:46 - "GET /api/post_mtime HTTP/1.1" 200 -
27/Sep/2026 10:34:48 - "GET /api/post_mtime HTTP/1.1" 200 -
27/Sep/2026 10:34:49 - "GET /api/post_mtime HTTP/1.1" 200 -
27/Sep/2026 10:34:51 - "GET /api/post_mtime HTTP/1.1" 200 -
27/Sep/2026 10:34:52 - "GET /api/post_mtime HTTP/1.1" 200 -
27/Sep/2026 10:34:54 - "GET /api/post_mtime HTTP/1.1" 200 -
27/Sep/2026 10:34:55 - "GET /api/post_mtime HTTP/1.1" 200 -
27/Sep/2026 10:34:57 - "GET /api/post_mtime HTTP/1.1" 200 -
27/Sep/2026 10:34:58 - "GET /api/post_mtime HTTP/1.1" 200 -
27/Sep/2026 10:35:00 - "GET /api/post_mtime HTTP/1.1" 200 -
27/Sep/2026 10:35:01 - "GET /api/post_mtime HTTP/1.1" 200 -
27/Sep/2026 10:35:03 - "GET /api/post_mtime HTTP/1.1" 200 -
27/Sep/2026 10:35:04 - "GET /api/post_mtime HTTP/1.1" 200 -
27/Sep/2026 10:35:06 - "GET /api/post_mtime HTTP/1.1" 200 -
27/Sep/2026 10:35:07 - "GET /api/post_mtime HTTP/1.1" 200 -
27/Sep/2026 10:35:09 - "GET /api/post_mtime HTTP/1.1" 200 -
27/Sep/2026 10:35:10 - "GET /api/post_mtime HTTP/1.1" 200 -
27/Sep/2026 10:35:12 - "GET /api/post_mtime HTTP/1.1" 200 -
27/Sep/2026 10:35:13 - "GET /api/post_mtime HTTP/1.1" 200 -
27/Sep/2026 10:35:15 - "GET /api/post_mtime HTTP/1.1" 200 -
27/Sep/2026 10:35:16 - "GET /api/post_mtime HTTP/1.1" 200 -
27/Sep/2026 10:35:18 - "GET /api/post_mtime HTTP/1.1" 200 -
27/Sep/2026 10:35:19 - "GET /api/post_mtime HTTP/1.1" 200 -
27/Sep/2026 10:35:21 - "GET /api/post_mtime HTTP/1.1" 200 -
27/Sep/2026 10:35:22 - "GET /api/post_mtime HTTP/1.1" 200 -
27/Sep/2026 10:35:24 - "GET /api/post_mtime HTTP/1.1" 200 -
27/Sep/2026 10:35:25 - "GET /api/post_mtime HTTP/1.1" 200 -
----------------------------------------
Exception occurred during processing of request from ('127.0.0.1', 61139)
Traceback (most recent call last):
  File "/Users/alex/.local/share/uv/python/cpython-3.12.14-macos-aarch64-none/lib/python3.12/http/server.py", line 735, in send_head
    f = open(path, 'rb')
        ^^^^^^^^^^^^^^^^
FileNotFoundError: [Errno 2] No such file or directory: '/Users/alex/Documents/CR_projects/phil_sycophancy/results/favicon.ico'

During handling of the above exception, another exception occurred:

Traceback (most recent call last):
  File "/Users/alex/.local/share/uv/python/cpython-3.12.14-macos-aarch64-none/lib/python3.12/socketserver.py", line 697, in process_request_thread
    self.finish_request(request, client_address)
  File "/Users/alex/.local/share/uv/python/cpython-3.12.14-macos-aarch64-none/lib/python3.12/socketserver.py", line 362, in finish_request
    self.RequestHandlerClass(request, client_address, self)
  File "/Users/alex/.local/share/uv/python/cpython-3.12.14-macos-aarch64-none/lib/python3.12/http/server.py", line 676, in __init__
    super().__init__(*args, **kwargs)
  File "/Users/alex/.local/share/uv/python/cpython-3.12.14-macos-aarch64-none/lib/python3.12/socketserver.py", line 766, in __init__
    self.handle()
  File "/Users/alex/.local/share/uv/python/cpython-3.12.14-macos-aarch64-none/lib/python3.12/http/server.py", line 440, in handle
    self.handle_one_request()
  File "/Users/alex/.local/share/uv/python/cpython-3.12.14-macos-aarch64-none/lib/python3.12/http/server.py", line 428, in handle_one_request
    method()
  File "/Users/alex/Documents/CR_projects/phil_sycophancy/philsyc/serve_report.py", line 67, in do_GET
    return super().do_GET()
           ^^^^^^^^^^^^^^^^
  File "/Users/alex/.local/share/uv/python/cpython-3.12.14-macos-aarch64-none/lib/python3.12/http/server.py", line 680, in do_GET
    f = self.send_head()
        ^^^^^^^^^^^^^^^^
  File "/Users/alex/.local/share/uv/python/cpython-3.12.14-macos-aarch64-none/lib/python3.12/http/server.py", line 737, in send_head
    self.send_error(HTTPStatus.NOT_FOUND, "File not found")
  File "/Users/alex/.local/share/uv/python/cpython-3.12.14-macos-aarch64-none/lib/python3.12/http/server.py", line 470, in send_error
    self.log_error("code %d, message %s", code, message)
  File "/Users/alex/.local/share/uv/python/cpython-3.12.14-macos-aarch64-none/lib/python3.12/http/server.py", line 572, in log_error
    self.log_message(format, *args)
  File "/Users/alex/Documents/CR_projects/phil_sycophancy/philsyc/serve_report.py", line 42, in log_message
    if "/api/" in (args[0] if args else ""):
       ^^^^^^^^^^^^^^^^^^^^^^^^^^^^^^^^^^^^
TypeError: argument of type 'HTTPStatus' is not iterable
----------------------------------------
----------------------------------------
Exception occurred during processing of request from ('127.0.0.1', 61140)
Traceback (most recent call last):
  File "/Users/alex/.local/share/uv/python/cpython-3.12.14-macos-aarch64-none/lib/python3.12/http/server.py", line 735, in send_head
    f = open(path, 'rb')
        ^^^^^^^^^^^^^^^^
FileNotFoundError: [Errno 2] No such file or directory: '/Users/alex/Documents/CR_projects/phil_sycophancy/results/favicon.ico'

During handling of the above exception, another exception occurred:

Traceback (most recent call last):
  File "/Users/alex/.local/share/uv/python/cpython-3.12.14-macos-aarch64-none/lib/python3.12/socketserver.py", line 697, in process_request_thread
    self.finish_request(request, client_address)
  File "/Users/alex/.local/share/uv/python/cpython-3.12.14-macos-aarch64-none/lib/python3.12/socketserver.py", line 362, in finish_request
    self.RequestHandlerClass(request, client_address, self)
  File "/Users/alex/.local/share/uv/python/cpython-3.12.14-macos-aarch64-none/lib/python3.12/http/server.py", line 676, in __init__
    super().__init__(*args, **kwargs)
  File "/Users/alex/.local/share/uv/python/cpython-3.12.14-macos-aarch64-none/lib/python3.12/socketserver.py", line 766, in __init__
    self.handle()
  File "/Users/alex/.local/share/uv/python/cpython-3.12.14-macos-aarch64-none/lib/python3.12/http/server.py", line 440, in handle
    self.handle_one_request()
  File "/Users/alex/.local/share/uv/python/cpython-3.12.14-macos-aarch64-none/lib/python3.12/http/server.py", line 428, in handle_one_request
    method()
  File "/Users/alex/Documents/CR_projects/phil_sycophancy/philsyc/serve_report.py", line 67, in do_GET
    return super().do_GET()
           ^^^^^^^^^^^^^^^^
  File "/Users/alex/.local/share/uv/python/cpython-3.12.14-macos-aarch64-none/lib/python3.12/http/server.py", line 680, in do_GET
    f = self.send_head()
        ^^^^^^^^^^^^^^^^
  File "/Users/alex/.local/share/uv/python/cpython-3.12.14-macos-aarch64-none/lib/python3.12/http/server.py", line 737, in send_head
    self.send_error(HTTPStatus.NOT_FOUND, "File not found")
  File "/Users/alex/.local/share/uv/python/cpython-3.12.14-macos-aarch64-none/lib/python3.12/http/server.py", line 470, in send_error
    self.log_error("code %d, message %s", code, message)
  File "/Users/alex/.local/share/uv/python/cpython-3.12.14-macos-aarch64-none/lib/python3.12/http/server.py", line 572, in log_error
    self.log_message(format, *args)
  File "/Users/alex/Documents/CR_projects/phil_sycophancy/philsyc/serve_report.py", line 42, in log_message
    if "/api/" in (args[0] if args else ""):
       ^^^^^^^^^^^^^^^^^^^^^^^^^^^^^^^^^^^^
TypeError: argument of type 'HTTPStatus' is not iterable
----------------------------------------
27/Sep/2026 10:35:27 - "GET /api/post_mtime HTTP/1.1" 200 -
27/Sep/2026 10:35:28 - "GET /api/post_mtime HTTP/1.1" 200 -
27/Sep/2026 10:35:30 - "GET /api/post_mtime HTTP/1.1" 200 -
----------------------------------------
Exception occurred during processing of request from ('127.0.0.1', 61147)
Traceback (most recent call last):
  File "/Users/alex/.local/share/uv/python/cpython-3.12.14-macos-aarch64-none/lib/python3.12/http/server.py", line 735, in send_head
    f = open(path, 'rb')
        ^^^^^^^^^^^^^^^^
FileNotFoundError: [Errno 2] No such file or directory: '/Users/alex/Documents/CR_projects/phil_sycophancy/results/favicon.ico'

During handling of the above exception, another exception occurred:

Traceback (most recent call last):
  File "/Users/alex/.local/share/uv/python/cpython-3.12.14-macos-aarch64-none/lib/python3.12/socketserver.py", line 697, in process_request_thread
    self.finish_request(request, client_address)
  File "/Users/alex/.local/share/uv/python/cpython-3.12.14-macos-aarch64-none/lib/python3.12/socketserver.py", line 362, in finish_request
    self.RequestHandlerClass(request, client_address, self)
  File "/Users/alex/.local/share/uv/python/cpython-3.12.14-macos-aarch64-none/lib/python3.12/http/server.py", line 676, in __init__
    super().__init__(*args, **kwargs)
  File "/Users/alex/.local/share/uv/python/cpython-3.12.14-macos-aarch64-none/lib/python3.12/socketserver.py", line 766, in __init__
    self.handle()
  File "/Users/alex/.local/share/uv/python/cpython-3.12.14-macos-aarch64-none/lib/python3.12/http/server.py", line 440, in handle
    self.handle_one_request()
  File "/Users/alex/.local/share/uv/python/cpython-3.12.14-macos-aarch64-none/lib/python3.12/http/server.py", line 428, in handle_one_request
    method()
  File "/Users/alex/Documents/CR_projects/phil_sycophancy/philsyc/serve_report.py", line 67, in do_GET
    return super().do_GET()
           ^^^^^^^^^^^^^^^^
  File "/Users/alex/.local/share/uv/python/cpython-3.12.14-macos-aarch64-none/lib/python3.12/http/server.py", line 680, in do_GET
    f = self.send_head()
        ^^^^^^^^^^^^^^^^
  File "/Users/alex/.local/share/uv/python/cpython-3.12.14-macos-aarch64-none/lib/python3.12/http/server.py", line 737, in send_head
    self.send_error(HTTPStatus.NOT_FOUND, "File not found")
  File "/Users/alex/.local/share/uv/python/cpython-3.12.14-macos-aarch64-none/lib/python3.12/http/server.py", line 470, in send_error
    self.log_error("code %d, message %s", code, message)
  File "/Users/alex/.local/share/uv/python/cpython-3.12.14-macos-aarch64-none/lib/python3.12/http/server.py", line 572, in log_error
    self.log_message(format, *args)
  File "/Users/alex/Documents/CR_projects/phil_sycophancy/philsyc/serve_report.py", line 42, in log_message
    if "/api/" in (args[0] if args else ""):
       ^^^^^^^^^^^^^^^^^^^^^^^^^^^^^^^^^^^^
TypeError: argument of type 'HTTPStatus' is not iterable
----------------------------------------
----------------------------------------
Exception occurred during processing of request from ('127.0.0.1', 61148)
Traceback (most recent call last):
  File "/Users/alex/.local/share/uv/python/cpython-3.12.14-macos-aarch64-none/lib/python3.12/http/server.py", line 735, in send_head
    f = open(path, 'rb')
        ^^^^^^^^^^^^^^^^
FileNotFoundError: [Errno 2] No such file or directory: '/Users/alex/Documents/CR_projects/phil_sycophancy/results/favicon.ico'

During handling of the above exception, another exception occurred:

Traceback (most recent call last):
  File "/Users/alex/.local/share/uv/python/cpython-3.12.14-macos-aarch64-none/lib/python3.12/socketserver.py", line 697, in process_request_thread
    self.finish_request(request, client_address)
  File "/Users/alex/.local/share/uv/python/cpython-3.12.14-macos-aarch64-none/lib/python3.12/socketserver.py", line 362, in finish_request
    self.RequestHandlerClass(request, client_address, self)
  File "/Users/alex/.local/share/uv/python/cpython-3.12.14-macos-aarch64-none/lib/python3.12/http/server.py", line 676, in __init__
    super().__init__(*args, **kwargs)
  File "/Users/alex/.local/share/uv/python/cpython-3.12.14-macos-aarch64-none/lib/python3.12/socketserver.py", line 766, in __init__
    self.handle()
  File "/Users/alex/.local/share/uv/python/cpython-3.12.14-macos-aarch64-none/lib/python3.12/http/server.py", line 440, in handle
    self.handle_one_request()
  File "/Users/alex/.local/share/uv/python/cpython-3.12.14-macos-aarch64-none/lib/python3.12/http/server.py", line 428, in handle_one_request
    method()
  File "/Users/alex/Documents/CR_projects/phil_sycophancy/philsyc/serve_report.py", line 67, in do_GET
    return super().do_GET()
           ^^^^^^^^^^^^^^^^
  File "/Users/alex/.local/share/uv/python/cpython-3.12.14-macos-aarch64-none/lib/python3.12/http/server.py", line 680, in do_GET
    f = self.send_head()
        ^^^^^^^^^^^^^^^^
  File "/Users/alex/.local/share/uv/python/cpython-3.12.14-macos-aarch64-none/lib/python3.12/http/server.py", line 737, in send_head
    self.send_error(HTTPStatus.NOT_FOUND, "File not found")
  File "/Users/alex/.local/share/uv/python/cpython-3.12.14-macos-aarch64-none/lib/python3.12/http/server.py", line 470, in send_error
    self.log_error("code %d, message %s", code, message)
  File "/Users/alex/.local/share/uv/python/cpython-3.12.14-macos-aarch64-none/lib/python3.12/http/server.py", line 572, in log_error
    self.log_message(format, *args)
  File "/Users/alex/Documents/CR_projects/phil_sycophancy/philsyc/serve_report.py", line 42, in log_message
    if "/api/" in (args[0] if args else ""):
       ^^^^^^^^^^^^^^^^^^^^^^^^^^^^^^^^^^^^
TypeError: argument of type 'HTTPStatus' is not iterable
----------------------------------------
27/Sep/2026 10:35:31 - "GET /api/post_mtime HTTP/1.1" 200 -
27/Sep/2026 10:35:33 - "GET /api/post_mtime HTTP/1.1" 200 -
----------------------------------------
Exception occurred during processing of request from ('127.0.0.1', 61159)
Traceback (most recent call last):
  File "/Users/alex/.local/share/uv/python/cpython-3.12.14-macos-aarch64-none/lib/python3.12/http/server.py", line 735, in send_head
    f = open(path, 'rb')
        ^^^^^^^^^^^^^^^^
FileNotFoundError: [Errno 2] No such file or directory: '/Users/alex/Documents/CR_projects/phil_sycophancy/results/favicon.ico'

During handling of the above exception, another exception occurred:

Traceback (most recent call last):
  File "/Users/alex/.local/share/uv/python/cpython-3.12.14-macos-aarch64-none/lib/python3.12/socketserver.py", line 697, in process_request_thread
    self.finish_request(request, client_address)
  File "/Users/alex/.local/share/uv/python/cpython-3.12.14-macos-aarch64-none/lib/python3.12/socketserver.py", line 362, in finish_request
    self.RequestHandlerClass(request, client_address, self)
  File "/Users/alex/.local/share/uv/python/cpython-3.12.14-macos-aarch64-none/lib/python3.12/http/server.py", line 676, in __init__
    super().__init__(*args, **kwargs)
  File "/Users/alex/.local/share/uv/python/cpython-3.12.14-macos-aarch64-none/lib/python3.12/socketserver.py", line 766, in __init__
    self.handle()
  File "/Users/alex/.local/share/uv/python/cpython-3.12.14-macos-aarch64-none/lib/python3.12/http/server.py", line 440, in handle
    self.handle_one_request()
  File "/Users/alex/.local/share/uv/python/cpython-3.12.14-macos-aarch64-none/lib/python3.12/http/server.py", line 428, in handle_one_request
    method()
  File "/Users/alex/Documents/CR_projects/phil_sycophancy/philsyc/serve_report.py", line 67, in do_GET
    return super().do_GET()
           ^^^^^^^^^^^^^^^^
  File "/Users/alex/.local/share/uv/python/cpython-3.12.14-macos-aarch64-none/lib/python3.12/http/server.py", line 680, in do_GET
    f = self.send_head()
        ^^^^^^^^^^^^^^^^
  File "/Users/alex/.local/share/uv/python/cpython-3.12.14-macos-aarch64-none/lib/python3.12/http/server.py", line 737, in send_head
    self.send_error(HTTPStatus.NOT_FOUND, "File not found")
  File "/Users/alex/.local/share/uv/python/cpython-3.12.14-macos-aarch64-none/lib/python3.12/http/server.py", line 470, in send_error
    self.log_error("code %d, message %s", code, message)
  File "/Users/alex/.local/share/uv/python/cpython-3.12.14-macos-aarch64-none/lib/python3.12/http/server.py", line 572, in log_error
    self.log_message(format, *args)
  File "/Users/alex/Documents/CR_projects/phil_sycophancy/philsyc/serve_report.py", line 42, in log_message
    if "/api/" in (args[0] if args else ""):
       ^^^^^^^^^^^^^^^^^^^^^^^^^^^^^^^^^^^^
TypeError: argument of type 'HTTPStatus' is not iterable
----------------------------------------
----------------------------------------
Exception occurred during processing of request from ('127.0.0.1', 61160)
Traceback (most recent call last):
  File "/Users/alex/.local/share/uv/python/cpython-3.12.14-macos-aarch64-none/lib/python3.12/http/server.py", line 735, in send_head
    f = open(path, 'rb')
        ^^^^^^^^^^^^^^^^
FileNotFoundError: [Errno 2] No such file or directory: '/Users/alex/Documents/CR_projects/phil_sycophancy/results/favicon.ico'

During handling of the above exception, another exception occurred:

Traceback (most recent call last):
  File "/Users/alex/.local/share/uv/python/cpython-3.12.14-macos-aarch64-none/lib/python3.12/socketserver.py", line 697, in process_request_thread
    self.finish_request(request, client_address)
  File "/Users/alex/.local/share/uv/python/cpython-3.12.14-macos-aarch64-none/lib/python3.12/socketserver.py", line 362, in finish_request
    self.RequestHandlerClass(request, client_address, self)
  File "/Users/alex/.local/share/uv/python/cpython-3.12.14-macos-aarch64-none/lib/python3.12/http/server.py", line 676, in __init__
    super().__init__(*args, **kwargs)
  File "/Users/alex/.local/share/uv/python/cpython-3.12.14-macos-aarch64-none/lib/python3.12/socketserver.py", line 766, in __init__
    self.handle()
  File "/Users/alex/.local/share/uv/python/cpython-3.12.14-macos-aarch64-none/lib/python3.12/http/server.py", line 440, in handle
    self.handle_one_request()
  File "/Users/alex/.local/share/uv/python/cpython-3.12.14-macos-aarch64-none/lib/python3.12/http/server.py", line 428, in handle_one_request
    method()
  File "/Users/alex/Documents/CR_projects/phil_sycophancy/philsyc/serve_report.py", line 67, in do_GET
    return super().do_GET()
           ^^^^^^^^^^^^^^^^
  File "/Users/alex/.local/share/uv/python/cpython-3.12.14-macos-aarch64-none/lib/python3.12/http/server.py", line 680, in do_GET
    f = self.send_head()
        ^^^^^^^^^^^^^^^^
  File "/Users/alex/.local/share/uv/python/cpython-3.12.14-macos-aarch64-none/lib/python3.12/http/server.py", line 737, in send_head
    self.send_error(HTTPStatus.NOT_FOUND, "File not found")
  File "/Users/alex/.local/share/uv/python/cpython-3.12.14-macos-aarch64-none/lib/python3.12/http/server.py", line 470, in send_error
    self.log_error("code %d, message %s", code, message)
  File "/Users/alex/.local/share/uv/python/cpython-3.12.14-macos-aarch64-none/lib/python3.12/http/server.py", line 572, in log_error
    self.log_message(format, *args)
  File "/Users/alex/Documents/CR_projects/phil_sycophancy/philsyc/serve_report.py", line 42, in log_message
    if "/api/" in (args[0] if args else ""):
       ^^^^^^^^^^^^^^^^^^^^^^^^^^^^^^^^^^^^
TypeError: argument of type 'HTTPStatus' is not iterable
----------------------------------------
27/Sep/2026 10:35:34 - "GET /api/post_mtime HTTP/1.1" 200 -
27/Sep/2026 10:35:36 - "GET /api/post_mtime HTTP/1.1" 200 -
----------------------------------------
Exception occurred during processing of request from ('127.0.0.1', 61165)
Traceback (most recent call last):
  File "/Users/alex/.local/share/uv/python/cpython-3.12.14-macos-aarch64-none/lib/python3.12/http/server.py", line 735, in send_head
    f = open(path, 'rb')
        ^^^^^^^^^^^^^^^^
FileNotFoundError: [Errno 2] No such file or directory: '/Users/alex/Documents/CR_projects/phil_sycophancy/results/favicon.ico'

During handling of the above exception, another exception occurred:

Traceback (most recent call last):
  File "/Users/alex/.local/share/uv/python/cpython-3.12.14-macos-aarch64-none/lib/python3.12/socketserver.py", line 697, in process_request_thread
    self.finish_request(request, client_address)
  File "/Users/alex/.local/share/uv/python/cpython-3.12.14-macos-aarch64-none/lib/python3.12/socketserver.py", line 362, in finish_request
    self.RequestHandlerClass(request, client_address, self)
  File "/Users/alex/.local/share/uv/python/cpython-3.12.14-macos-aarch64-none/lib/python3.12/http/server.py", line 676, in __init__
    super().__init__(*args, **kwargs)
  File "/Users/alex/.local/share/uv/python/cpython-3.12.14-macos-aarch64-none/lib/python3.12/socketserver.py", line 766, in __init__
    self.handle()
  File "/Users/alex/.local/share/uv/python/cpython-3.12.14-macos-aarch64-none/lib/python3.12/http/server.py", line 440, in handle
    self.handle_one_request()
  File "/Users/alex/.local/share/uv/python/cpython-3.12.14-macos-aarch64-none/lib/python3.12/http/server.py", line 428, in handle_one_request
    method()
  File "/Users/alex/Documents/CR_projects/phil_sycophancy/philsyc/serve_report.py", line 67, in do_GET
    return super().do_GET()
           ^^^^^^^^^^^^^^^^
  File "/Users/alex/.local/share/uv/python/cpython-3.12.14-macos-aarch64-none/lib/python3.12/http/server.py", line 680, in do_GET
    f = self.send_head()
        ^^^^^^^^^^^^^^^^
  File "/Users/alex/.local/share/uv/python/cpython-3.12.14-macos-aarch64-none/lib/python3.12/http/server.py", line 737, in send_head
    self.send_error(HTTPStatus.NOT_FOUND, "File not found")
  File "/Users/alex/.local/share/uv/python/cpython-3.12.14-macos-aarch64-none/lib/python3.12/http/server.py", line 470, in send_error
    self.log_error("code %d, message %s", code, message)
  File "/Users/alex/.local/share/uv/python/cpython-3.12.14-macos-aarch64-none/lib/python3.12/http/server.py", line 572, in log_error
    self.log_message(format, *args)
  File "/Users/alex/Documents/CR_projects/phil_sycophancy/philsyc/serve_report.py", line 42, in log_message
    if "/api/" in (args[0] if args else ""):
       ^^^^^^^^^^^^^^^^^^^^^^^^^^^^^^^^^^^^
TypeError: argument of type 'HTTPStatus' is not iterable
----------------------------------------
----------------------------------------
Exception occurred during processing of request from ('127.0.0.1', 61166)
Traceback (most recent call last):
  File "/Users/alex/.local/share/uv/python/cpython-3.12.14-macos-aarch64-none/lib/python3.12/http/server.py", line 735, in send_head
    f = open(path, 'rb')
        ^^^^^^^^^^^^^^^^
FileNotFoundError: [Errno 2] No such file or directory: '/Users/alex/Documents/CR_projects/phil_sycophancy/results/favicon.ico'

During handling of the above exception, another exception occurred:

Traceback (most recent call last):
  File "/Users/alex/.local/share/uv/python/cpython-3.12.14-macos-aarch64-none/lib/python3.12/socketserver.py", line 697, in process_request_thread
    self.finish_request(request, client_address)
  File "/Users/alex/.local/share/uv/python/cpython-3.12.14-macos-aarch64-none/lib/python3.12/socketserver.py", line 362, in finish_request
    self.RequestHandlerClass(request, client_address, self)
  File "/Users/alex/.local/share/uv/python/cpython-3.12.14-macos-aarch64-none/lib/python3.12/http/server.py", line 676, in __init__
    super().__init__(*args, **kwargs)
  File "/Users/alex/.local/share/uv/python/cpython-3.12.14-macos-aarch64-none/lib/python3.12/socketserver.py", line 766, in __init__
    self.handle()
  File "/Users/alex/.local/share/uv/python/cpython-3.12.14-macos-aarch64-none/lib/python3.12/http/server.py", line 440, in handle
    self.handle_one_request()
  File "/Users/alex/.local/share/uv/python/cpython-3.12.14-macos-aarch64-none/lib/python3.12/http/server.py", line 428, in handle_one_request
    method()
  File "/Users/alex/Documents/CR_projects/phil_sycophancy/philsyc/serve_report.py", line 67, in do_GET
    return super().do_GET()
           ^^^^^^^^^^^^^^^^
  File "/Users/alex/.local/share/uv/python/cpython-3.12.14-macos-aarch64-none/lib/python3.12/http/server.py", line 680, in do_GET
    f = self.send_head()
        ^^^^^^^^^^^^^^^^
  File "/Users/alex/.local/share/uv/python/cpython-3.12.14-macos-aarch64-none/lib/python3.12/http/server.py", line 737, in send_head
    self.send_error(HTTPStatus.NOT_FOUND, "File not found")
  File "/Users/alex/.local/share/uv/python/cpython-3.12.14-macos-aarch64-none/lib/python3.12/http/server.py", line 470, in send_error
    self.log_error("code %d, message %s", code, message)
  File "/Users/alex/.local/share/uv/python/cpython-3.12.14-macos-aarch64-none/lib/python3.12/http/server.py", line 572, in log_error
    self.log_message(format, *args)
  File "/Users/alex/Documents/CR_projects/phil_sycophancy/philsyc/serve_report.py", line 42, in log_message
    if "/api/" in (args[0] if args else ""):
       ^^^^^^^^^^^^^^^^^^^^^^^^^^^^^^^^^^^^
TypeError: argument of type 'HTTPStatus' is not iterable
----------------------------------------
27/Sep/2026 10:35:37 - "GET /api/post_mtime HTTP/1.1" 200 -
----------------------------------------
Exception occurred during processing of request from ('127.0.0.1', 61169)
Traceback (most recent call last):
  File "/Users/alex/.local/share/uv/python/cpython-3.12.14-macos-aarch64-none/lib/python3.12/http/server.py", line 735, in send_head
    f = open(path, 'rb')
        ^^^^^^^^^^^^^^^^
FileNotFoundError: [Errno 2] No such file or directory: '/Users/alex/Documents/CR_projects/phil_sycophancy/results/favicon.ico'

During handling of the above exception, another exception occurred:

Traceback (most recent call last):
  File "/Users/alex/.local/share/uv/python/cpython-3.12.14-macos-aarch64-none/lib/python3.12/socketserver.py", line 697, in process_request_thread
    self.finish_request(request, client_address)
  File "/Users/alex/.local/share/uv/python/cpython-3.12.14-macos-aarch64-none/lib/python3.12/socketserver.py", line 362, in finish_request
    self.RequestHandlerClass(request, client_address, self)
  File "/Users/alex/.local/share/uv/python/cpython-3.12.14-macos-aarch64-none/lib/python3.12/http/server.py", line 676, in __init__
    super().__init__(*args, **kwargs)
  File "/Users/alex/.local/share/uv/python/cpython-3.12.14-macos-aarch64-none/lib/python3.12/socketserver.py", line 766, in __init__
    self.handle()
  File "/Users/alex/.local/share/uv/python/cpython-3.12.14-macos-aarch64-none/lib/python3.12/http/server.py", line 440, in handle
    self.handle_one_request()
  File "/Users/alex/.local/share/uv/python/cpython-3.12.14-macos-aarch64-none/lib/python3.12/http/server.py", line 428, in handle_one_request
    method()
  File "/Users/alex/Documents/CR_projects/phil_sycophancy/philsyc/serve_report.py", line 67, in do_GET
    return super().do_GET()
           ^^^^^^^^^^^^^^^^
  File "/Users/alex/.local/share/uv/python/cpython-3.12.14-macos-aarch64-none/lib/python3.12/http/server.py", line 680, in do_GET
    f = self.send_head()
        ^^^^^^^^^^^^^^^^
  File "/Users/alex/.local/share/uv/python/cpython-3.12.14-macos-aarch64-none/lib/python3.12/http/server.py", line 737, in send_head
    self.send_error(HTTPStatus.NOT_FOUND, "File not found")
  File "/Users/alex/.local/share/uv/python/cpython-3.12.14-macos-aarch64-none/lib/python3.12/http/server.py", line 470, in send_error
    self.log_error("code %d, message %s", code, message)
  File "/Users/alex/.local/share/uv/python/cpython-3.12.14-macos-aarch64-none/lib/python3.12/http/server.py", line 572, in log_error
    self.log_message(format, *args)
  File "/Users/alex/Documents/CR_projects/phil_sycophancy/philsyc/serve_report.py", line 42, in log_message
    if "/api/" in (args[0] if args else ""):
       ^^^^^^^^^^^^^^^^^^^^^^^^^^^^^^^^^^^^
TypeError: argument of type 'HTTPStatus' is not iterable
----------------------------------------
----------------------------------------
Exception occurred during processing of request from ('127.0.0.1', 61170)
Traceback (most recent call last):
  File "/Users/alex/.local/share/uv/python/cpython-3.12.14-macos-aarch64-none/lib/python3.12/http/server.py", line 735, in send_head
    f = open(path, 'rb')
        ^^^^^^^^^^^^^^^^
FileNotFoundError: [Errno 2] No such file or directory: '/Users/alex/Documents/CR_projects/phil_sycophancy/results/favicon.ico'

During handling of the above exception, another exception occurred:

Traceback (most recent call last):
  File "/Users/alex/.local/share/uv/python/cpython-3.12.14-macos-aarch64-none/lib/python3.12/socketserver.py", line 697, in process_request_thread
    self.finish_request(request, client_address)
  File "/Users/alex/.local/share/uv/python/cpython-3.12.14-macos-aarch64-none/lib/python3.12/socketserver.py", line 362, in finish_request
    self.RequestHandlerClass(request, client_address, self)
  File "/Users/alex/.local/share/uv/python/cpython-3.12.14-macos-aarch64-none/lib/python3.12/http/server.py", line 676, in __init__
    super().__init__(*args, **kwargs)
  File "/Users/alex/.local/share/uv/python/cpython-3.12.14-macos-aarch64-none/lib/python3.12/socketserver.py", line 766, in __init__
    self.handle()
  File "/Users/alex/.local/share/uv/python/cpython-3.12.14-macos-aarch64-none/lib/python3.12/http/server.py", line 440, in handle
    self.handle_one_request()
  File "/Users/alex/.local/share/uv/python/cpython-3.12.14-macos-aarch64-none/lib/python3.12/http/server.py", line 428, in handle_one_request
    method()
  File "/Users/alex/Documents/CR_projects/phil_sycophancy/philsyc/serve_report.py", line 67, in do_GET
    return super().do_GET()
           ^^^^^^^^^^^^^^^^
  File "/Users/alex/.local/share/uv/python/cpython-3.12.14-macos-aarch64-none/lib/python3.12/http/server.py", line 680, in do_GET
    f = self.send_head()
        ^^^^^^^^^^^^^^^^
  File "/Users/alex/.local/share/uv/python/cpython-3.12.14-macos-aarch64-none/lib/python3.12/http/server.py", line 737, in send_head
    self.send_error(HTTPStatus.NOT_FOUND, "File not found")
  File "/Users/alex/.local/share/uv/python/cpython-3.12.14-macos-aarch64-none/lib/python3.12/http/server.py", line 470, in send_error
    self.log_error("code %d, message %s", code, message)
  File "/Users/alex/.local/share/uv/python/cpython-3.12.14-macos-aarch64-none/lib/python3.12/http/server.py", line 572, in log_error
    self.log_message(format, *args)
  File "/Users/alex/Documents/CR_projects/phil_sycophancy/philsyc/serve_report.py", line 42, in log_message
    if "/api/" in (args[0] if args else ""):
       ^^^^^^^^^^^^^^^^^^^^^^^^^^^^^^^^^^^^
TypeError: argument of type 'HTTPStatus' is not iterable
----------------------------------------
27/Sep/2026 10:35:37 - "GET /api/post_mtime HTTP/1.1" 200 -
27/Sep/2026 10:35:39 - "GET /api/post_mtime HTTP/1.1" 200 -
27/Sep/2026 10:35:39 - "GET /api/post_mtime HTTP/1.1" 200 -
27/Sep/2026 10:35:40 - "GET /api/post_mtime HTTP/1.1" 200 -
27/Sep/2026 10:35:41 - "GET /api/post_mtime HTTP/1.1" 200 -
27/Sep/2026 10:35:42 - "GET /api/post_mtime HTTP/1.1" 200 -
27/Sep/2026 10:35:42 - "GET /api/post_mtime HTTP/1.1" 200 -
27/Sep/2026 10:35:43 - "GET /api/post_mtime HTTP/1.1" 200 -
27/Sep/2026 10:35:44 - "GET /api/post_mtime HTTP/1.1" 200 -
27/Sep/2026 10:35:45 - "GET /api/post_mtime HTTP/1.1" 200 -
----------------------------------------
Exception occurred during processing of request from ('127.0.0.1', 61182)
Traceback (most recent call last):
  File "/Users/alex/.local/share/uv/python/cpython-3.12.14-macos-aarch64-none/lib/python3.12/http/server.py", line 735, in send_head
    f = open(path, 'rb')
        ^^^^^^^^^^^^^^^^
FileNotFoundError: [Errno 2] No such file or directory: '/Users/alex/Documents/CR_projects/phil_sycophancy/results/favicon.ico'

During handling of the above exception, another exception occurred:

Traceback (most recent call last):
  File "/Users/alex/.local/share/uv/python/cpython-3.12.14-macos-aarch64-none/lib/python3.12/socketserver.py", line 697, in process_request_thread
    self.finish_request(request, client_address)
  File "/Users/alex/.local/share/uv/python/cpython-3.12.14-macos-aarch64-none/lib/python3.12/socketserver.py", line 362, in finish_request
    self.RequestHandlerClass(request, client_address, self)
  File "/Users/alex/.local/share/uv/python/cpython-3.12.14-macos-aarch64-none/lib/python3.12/http/server.py", line 676, in __init__
    super().__init__(*args, **kwargs)
  File "/Users/alex/.local/share/uv/python/cpython-3.12.14-macos-aarch64-none/lib/python3.12/socketserver.py", line 766, in __init__
    self.handle()
  File "/Users/alex/.local/share/uv/python/cpython-3.12.14-macos-aarch64-none/lib/python3.12/http/server.py", line 440, in handle
    self.handle_one_request()
  File "/Users/alex/.local/share/uv/python/cpython-3.12.14-macos-aarch64-none/lib/python3.12/http/server.py", line 428, in handle_one_request
    method()
  File "/Users/alex/Documents/CR_projects/phil_sycophancy/philsyc/serve_report.py", line 67, in do_GET
    return super().do_GET()
           ^^^^^^^^^^^^^^^^
  File "/Users/alex/.local/share/uv/python/cpython-3.12.14-macos-aarch64-none/lib/python3.12/http/server.py", line 680, in do_GET
    f = self.send_head()
        ^^^^^^^^^^^^^^^^
  File "/Users/alex/.local/share/uv/python/cpython-3.12.14-macos-aarch64-none/lib/python3.12/http/server.py", line 737, in send_head
    self.send_error(HTTPStatus.NOT_FOUND, "File not found")
  File "/Users/alex/.local/share/uv/python/cpython-3.12.14-macos-aarch64-none/lib/python3.12/http/server.py", line 470, in send_error
    self.log_error("code %d, message %s", code, message)
  File "/Users/alex/.local/share/uv/python/cpython-3.12.14-macos-aarch64-none/lib/python3.12/http/server.py", line 572, in log_error
    self.log_message(format, *args)
  File "/Users/alex/Documents/CR_projects/phil_sycophancy/philsyc/serve_report.py", line 42, in log_message
    if "/api/" in (args[0] if args else ""):
       ^^^^^^^^^^^^^^^^^^^^^^^^^^^^^^^^^^^^
TypeError: argument of type 'HTTPStatus' is not iterable
----------------------------------------
----------------------------------------
Exception occurred during processing of request from ('127.0.0.1', 61183)
Traceback (most recent call last):
  File "/Users/alex/.local/share/uv/python/cpython-3.12.14-macos-aarch64-none/lib/python3.12/http/server.py", line 735, in send_head
    f = open(path, 'rb')
        ^^^^^^^^^^^^^^^^
FileNotFoundError: [Errno 2] No such file or directory: '/Users/alex/Documents/CR_projects/phil_sycophancy/results/favicon.ico'

During handling of the above exception, another exception occurred:

Traceback (most recent call last):
  File "/Users/alex/.local/share/uv/python/cpython-3.12.14-macos-aarch64-none/lib/python3.12/socketserver.py", line 697, in process_request_thread
    self.finish_request(request, client_address)
  File "/Users/alex/.local/share/uv/python/cpython-3.12.14-macos-aarch64-none/lib/python3.12/socketserver.py", line 362, in finish_request
    self.RequestHandlerClass(request, client_address, self)
  File "/Users/alex/.local/share/uv/python/cpython-3.12.14-macos-aarch64-none/lib/python3.12/http/server.py", line 676, in __init__
    super().__init__(*args, **kwargs)
  File "/Users/alex/.local/share/uv/python/cpython-3.12.14-macos-aarch64-none/lib/python3.12/socketserver.py", line 766, in __init__
    self.handle()
  File "/Users/alex/.local/share/uv/python/cpython-3.12.14-macos-aarch64-none/lib/python3.12/http/server.py", line 440, in handle
    self.handle_one_request()
  File "/Users/alex/.local/share/uv/python/cpython-3.12.14-macos-aarch64-none/lib/python3.12/http/server.py", line 428, in handle_one_request
    method()
  File "/Users/alex/Documents/CR_projects/phil_sycophancy/philsyc/serve_report.py", line 67, in do_GET
    return super().do_GET()
           ^^^^^^^^^^^^^^^^
  File "/Users/alex/.local/share/uv/python/cpython-3.12.14-macos-aarch64-none/lib/python3.12/http/server.py", line 680, in do_GET
    f = self.send_head()
        ^^^^^^^^^^^^^^^^
  File "/Users/alex/.local/share/uv/python/cpython-3.12.14-macos-aarch64-none/lib/python3.12/http/server.py", line 737, in send_head
    self.send_error(HTTPStatus.NOT_FOUND, "File not found")
  File "/Users/alex/.local/share/uv/python/cpython-3.12.14-macos-aarch64-none/lib/python3.12/http/server.py", line 470, in send_error
    self.log_error("code %d, message %s", code, message)
  File "/Users/alex/.local/share/uv/python/cpython-3.12.14-macos-aarch64-none/lib/python3.12/http/server.py", line 572, in log_error
    self.log_message(format, *args)
  File "/Users/alex/Documents/CR_projects/phil_sycophancy/philsyc/serve_report.py", line 42, in log_message
    if "/api/" in (args[0] if args else ""):
       ^^^^^^^^^^^^^^^^^^^^^^^^^^^^^^^^^^^^
TypeError: argument of type 'HTTPStatus' is not iterable
----------------------------------------
27/Sep/2026 10:35:45 - "GET /api/post_mtime HTTP/1.1" 200 -
----------------------------------------
Exception occurred during processing of request from ('127.0.0.1', 61186)
Traceback (most recent call last):
  File "/Users/alex/.local/share/uv/python/cpython-3.12.14-macos-aarch64-none/lib/python3.12/http/server.py", line 735, in send_head
    f = open(path, 'rb')
        ^^^^^^^^^^^^^^^^
FileNotFoundError: [Errno 2] No such file or directory: '/Users/alex/Documents/CR_projects/phil_sycophancy/results/favicon.ico'

During handling of the above exception, another exception occurred:

Traceback (most recent call last):
  File "/Users/alex/.local/share/uv/python/cpython-3.12.14-macos-aarch64-none/lib/python3.12/socketserver.py", line 697, in process_request_thread
    self.finish_request(request, client_address)
  File "/Users/alex/.local/share/uv/python/cpython-3.12.14-macos-aarch64-none/lib/python3.12/socketserver.py", line 362, in finish_request
    self.RequestHandlerClass(request, client_address, self)
  File "/Users/alex/.local/share/uv/python/cpython-3.12.14-macos-aarch64-none/lib/python3.12/http/server.py", line 676, in __init__
    super().__init__(*args, **kwargs)
  File "/Users/alex/.local/share/uv/python/cpython-3.12.14-macos-aarch64-none/lib/python3.12/socketserver.py", line 766, in __init__
    self.handle()
  File "/Users/alex/.local/share/uv/python/cpython-3.12.14-macos-aarch64-none/lib/python3.12/http/server.py", line 440, in handle
    self.handle_one_request()
  File "/Users/alex/.local/share/uv/python/cpython-3.12.14-macos-aarch64-none/lib/python3.12/http/server.py", line 428, in handle_one_request
    method()
  File "/Users/alex/Documents/CR_projects/phil_sycophancy/philsyc/serve_report.py", line 67, in do_GET
    return super().do_GET()
           ^^^^^^^^^^^^^^^^
  File "/Users/alex/.local/share/uv/python/cpython-3.12.14-macos-aarch64-none/lib/python3.12/http/server.py", line 680, in do_GET
    f = self.send_head()
        ^^^^^^^^^^^^^^^^
  File "/Users/alex/.local/share/uv/python/cpython-3.12.14-macos-aarch64-none/lib/python3.12/http/server.py", line 737, in send_head
    self.send_error(HTTPStatus.NOT_FOUND, "File not found")
  File "/Users/alex/.local/share/uv/python/cpython-3.12.14-macos-aarch64-none/lib/python3.12/http/server.py", line 470, in send_error
    self.log_error("code %d, message %s", code, message)
  File "/Users/alex/.local/share/uv/python/cpython-3.12.14-macos-aarch64-none/lib/python3.12/http/server.py", line 572, in log_error
    self.log_message(format, *args)
  File "/Users/alex/Documents/CR_projects/phil_sycophancy/philsyc/serve_report.py", line 42, in log_message
    if "/api/" in (args[0] if args else ""):
       ^^^^^^^^^^^^^^^^^^^^^^^^^^^^^^^^^^^^
TypeError: argument of type 'HTTPStatus' is not iterable
----------------------------------------
----------------------------------------
Exception occurred during processing of request from ('127.0.0.1', 61187)
Traceback (most recent call last):
  File "/Users/alex/.local/share/uv/python/cpython-3.12.14-macos-aarch64-none/lib/python3.12/http/server.py", line 735, in send_head
    f = open(path, 'rb')
        ^^^^^^^^^^^^^^^^
FileNotFoundError: [Errno 2] No such file or directory: '/Users/alex/Documents/CR_projects/phil_sycophancy/results/favicon.ico'

During handling of the above exception, another exception occurred:

Traceback (most recent call last):
  File "/Users/alex/.local/share/uv/python/cpython-3.12.14-macos-aarch64-none/lib/python3.12/socketserver.py", line 697, in process_request_thread
    self.finish_request(request, client_address)
  File "/Users/alex/.local/share/uv/python/cpython-3.12.14-macos-aarch64-none/lib/python3.12/socketserver.py", line 362, in finish_request
    self.RequestHandlerClass(request, client_address, self)
  File "/Users/alex/.local/share/uv/python/cpython-3.12.14-macos-aarch64-none/lib/python3.12/http/server.py", line 676, in __init__
    super().__init__(*args, **kwargs)
  File "/Users/alex/.local/share/uv/python/cpython-3.12.14-macos-aarch64-none/lib/python3.12/socketserver.py", line 766, in __init__
    self.handle()
  File "/Users/alex/.local/share/uv/python/cpython-3.12.14-macos-aarch64-none/lib/python3.12/http/server.py", line 440, in handle
    self.handle_one_request()
  File "/Users/alex/.local/share/uv/python/cpython-3.12.14-macos-aarch64-none/lib/python3.12/http/server.py", line 428, in handle_one_request
    method()
  File "/Users/alex/Documents/CR_projects/phil_sycophancy/philsyc/serve_report.py", line 67, in do_GET
    return super().do_GET()
           ^^^^^^^^^^^^^^^^
  File "/Users/alex/.local/share/uv/python/cpython-3.12.14-macos-aarch64-none/lib/python3.12/http/server.py", line 680, in do_GET
    f = self.send_head()
        ^^^^^^^^^^^^^^^^
  File "/Users/alex/.local/share/uv/python/cpython-3.12.14-macos-aarch64-none/lib/python3.12/http/server.py", line 737, in send_head
    self.send_error(HTTPStatus.NOT_FOUND, "File not found")
  File "/Users/alex/.local/share/uv/python/cpython-3.12.14-macos-aarch64-none/lib/python3.12/http/server.py", line 470, in send_error
    self.log_error("code %d, message %s", code, message)
  File "/Users/alex/.local/share/uv/python/cpython-3.12.14-macos-aarch64-none/lib/python3.12/http/server.py", line 572, in log_error
    self.log_message(format, *args)
  File "/Users/alex/Documents/CR_projects/phil_sycophancy/philsyc/serve_report.py", line 42, in log_message
    if "/api/" in (args[0] if args else ""):
       ^^^^^^^^^^^^^^^^^^^^^^^^^^^^^^^^^^^^
TypeError: argument of type 'HTTPStatus' is not iterable
----------------------------------------
27/Sep/2026 10:35:46 - "GET /api/post_mtime HTTP/1.1" 200 -
27/Sep/2026 10:35:47 - "GET /api/post_mtime HTTP/1.1" 200 -
27/Sep/2026 10:35:48 - "GET /api/post_mtime HTTP/1.1" 200 -
27/Sep/2026 10:35:49 - "GET /api/post_mtime HTTP/1.1" 200 -
27/Sep/2026 10:35:49 - "GET /api/post_mtime HTTP/1.1" 200 -
27/Sep/2026 10:35:50 - "GET /api/post_mtime HTTP/1.1" 200 -
27/Sep/2026 10:35:51 - "GET /api/post_mtime HTTP/1.1" 200 -
27/Sep/2026 10:35:52 - "GET /api/post_mtime HTTP/1.1" 200 -
27/Sep/2026 10:35:52 - "GET /api/post_mtime HTTP/1.1" 200 -
27/Sep/2026 10:35:53 - "GET /api/post_mtime HTTP/1.1" 200 -
27/Sep/2026 10:35:54 - "GET /api/post_mtime HTTP/1.1" 200 -
27/Sep/2026 10:35:55 - "GET /api/post_mtime HTTP/1.1" 200 -
27/Sep/2026 10:35:55 - "GET /api/post_mtime HTTP/1.1" 200 -
27/Sep/2026 10:35:56 - "GET /api/post_mtime HTTP/1.1" 200 -
27/Sep/2026 10:35:57 - "GET /api/post_mtime HTTP/1.1" 200 -
27/Sep/2026 10:35:58 - "GET /api/post_mtime HTTP/1.1" 200 -
27/Sep/2026 10:35:58 - "GET /api/post_mtime HTTP/1.1" 200 -
27/Sep/2026 10:35:59 - "GET /api/post_mtime HTTP/1.1" 200 -
27/Sep/2026 10:36:00 - "GET /api/post_mtime HTTP/1.1" 200 -
27/Sep/2026 10:36:01 - "GET /api/post_mtime HTTP/1.1" 200 -
27/Sep/2026 10:36:01 - "GET /api/post_mtime HTTP/1.1" 200 -
27/Sep/2026 10:36:02 - "GET /api/post_mtime HTTP/1.1" 200 -
27/Sep/2026 10:36:03 - "GET /api/post_mtime HTTP/1.1" 200 -
27/Sep/2026 10:36:04 - "GET /api/post_mtime HTTP/1.1" 200 -
27/Sep/2026 10:36:04 - "GET /api/post_mtime HTTP/1.1" 200 -
27/Sep/2026 10:36:05 - "GET /api/post_mtime HTTP/1.1" 200 -
27/Sep/2026 10:36:06 - "GET /api/post_mtime HTTP/1.1" 200 -
27/Sep/2026 10:36:07 - "GET /api/post_mtime HTTP/1.1" 200 -
27/Sep/2026 10:36:07 - "GET /api/post_mtime HTTP/1.1" 200 -
27/Sep/2026 10:36:08 - "GET /api/post_mtime HTTP/1.1" 200 -
27/Sep/2026 10:36:09 - "GET /api/post_mtime HTTP/1.1" 200 -
27/Sep/2026 10:36:10 - "GET /api/post_mtime HTTP/1.1" 200 -
27/Sep/2026 10:36:10 - "GET /api/post_mtime HTTP/1.1" 200 -
27/Sep/2026 10:36:11 - "GET /api/post_mtime HTTP/1.1" 200 -
27/Sep/2026 10:36:12 - "GET /api/post_mtime HTTP/1.1" 200 -
27/Sep/2026 10:36:13 - "GET /api/post_mtime HTTP/1.1" 200 -
27/Sep/2026 10:36:13 - "GET /api/post_mtime HTTP/1.1" 200 -
27/Sep/2026 10:36:14 - "GET /api/post_mtime HTTP/1.1" 200 -
27/Sep/2026 10:36:15 - "GET /api/post_mtime HTTP/1.1" 200 -
27/Sep/2026 10:36:16 - "GET /api/post_mtime HTTP/1.1" 200 -
27/Sep/2026 10:36:16 - "GET /api/post_mtime HTTP/1.1" 200 -
27/Sep/2026 10:36:17 - "GET /api/post_mtime HTTP/1.1" 200 -
27/Sep/2026 10:36:18 - "GET /api/post_mtime HTTP/1.1" 200 -
27/Sep/2026 10:36:19 - "GET /api/post_mtime HTTP/1.1" 200 -
27/Sep/2026 10:36:19 - "GET /api/post_mtime HTTP/1.1" 200 -
27/Sep/2026 10:36:20 - "GET /api/post_mtime HTTP/1.1" 200 -
27/Sep/2026 10:36:21 - "GET /api/post_mtime HTTP/1.1" 200 -
27/Sep/2026 10:36:22 - "GET /api/post_mtime HTTP/1.1" 200 -
27/Sep/2026 10:36:22 - "GET /api/post_mtime HTTP/1.1" 200 -
27/Sep/2026 10:36:23 - "GET /api/post_mtime HTTP/1.1" 200 -
27/Sep/2026 10:36:24 - "GET /api/post_mtime HTTP/1.1" 200 -
27/Sep/2026 10:36:25 - "GET /api/post_mtime HTTP/1.1" 200 -
27/Sep/2026 10:36:25 - "GET /api/post_mtime HTTP/1.1" 200 -
27/Sep/2026 10:36:26 - "GET /api/post_mtime HTTP/1.1" 200 -
27/Sep/2026 10:36:27 - "GET /api/post_mtime HTTP/1.1" 200 -
27/Sep/2026 10:36:28 - "GET /api/post_mtime HTTP/1.1" 200 -
27/Sep/2026 10:36:28 - "GET /api/post_mtime HTTP/1.1" 200 -
27/Sep/2026 10:36:29 - "GET /api/post_mtime HTTP/1.1" 200 -
27/Sep/2026 10:36:30 - "GET /api/post_mtime HTTP/1.1" 200 -
27/Sep/2026 10:36:31 - "GET /api/post_mtime HTTP/1.1" 200 -
27/Sep/2026 10:36:31 - "GET /api/post_mtime HTTP/1.1" 200 -
27/Sep/2026 10:36:32 - "GET /api/post_mtime HTTP/1.1" 200 -
27/Sep/2026 10:36:33 - "GET /api/post_mtime HTTP/1.1" 200 -
27/Sep/2026 10:36:34 - "GET /api/post_mtime HTTP/1.1" 200 -
27/Sep/2026 10:36:34 - "GET /api/post_mtime HTTP/1.1" 200 -
27/Sep/2026 10:36:35 - "GET /api/post_mtime HTTP/1.1" 200 -
27/Sep/2026 10:36:36 - "GET /api/post_mtime HTTP/1.1" 200 -
27/Sep/2026 10:36:37 - "GET /api/post_mtime HTTP/1.1" 200 -
27/Sep/2026 10:36:37 - "GET /api/post_mtime HTTP/1.1" 200 -
27/Sep/2026 10:36:38 - "GET /api/post_mtime HTTP/1.1" 200 -
27/Sep/2026 10:36:39 - "GET /api/post_mtime HTTP/1.1" 200 -
27/Sep/2026 10:36:40 - "GET /api/post_mtime HTTP/1.1" 200 -
27/Sep/2026 10:36:40 - "GET /api/post_mtime HTTP/1.1" 200 -
27/Sep/2026 10:36:41 - "GET /api/post_mtime HTTP/1.1" 200 -
27/Sep/2026 10:36:42 - "GET /api/post_mtime HTTP/1.1" 200 -
27/Sep/2026 10:36:43 - "GET /api/post_mtime HTTP/1.1" 200 -
27/Sep/2026 10:36:43 - "GET /api/post_mtime HTTP/1.1" 200 -
27/Sep/2026 10:36:44 - "GET /api/post_mtime HTTP/1.1" 200 -
27/Sep/2026 10:36:45 - "GET /api/post_mtime HTTP/1.1" 200 -
27/Sep/2026 10:36:46 - "GET /api/post_mtime HTTP/1.1" 200 -
27/Sep/2026 10:36:48 - "GET /api/post_mtime HTTP/1.1" 200 -
27/Sep/2026 10:36:49 - "GET /api/post_mtime HTTP/1.1" 200 -
27/Sep/2026 10:36:51 - "GET /api/post_mtime HTTP/1.1" 200 -
27/Sep/2026 10:36:52 - "GET /api/post_mtime HTTP/1.1" 200 -
27/Sep/2026 10:36:54 - "GET /api/post_mtime HTTP/1.1" 200 -
27/Sep/2026 10:36:55 - "GET /api/post_mtime HTTP/1.1" 200 -
27/Sep/2026 10:36:57 - "GET /api/post_mtime HTTP/1.1" 200 -
27/Sep/2026 10:36:58 - "GET /api/post_mtime HTTP/1.1" 200 -
27/Sep/2026 10:37:00 - "GET /api/post_mtime HTTP/1.1" 200 -
27/Sep/2026 10:37:01 - "GET /api/post_mtime HTTP/1.1" 200 -
27/Sep/2026 10:37:03 - "GET /api/post_mtime HTTP/1.1" 200 -
27/Sep/2026 10:37:04 - "GET /api/post_mtime HTTP/1.1" 200 -
27/Sep/2026 10:37:06 - "GET /api/post_mtime HTTP/1.1" 200 -
27/Sep/2026 10:37:07 - "GET /api/post_mtime HTTP/1.1" 200 -
27/Sep/2026 10:37:09 - "GET /api/post_mtime HTTP/1.1" 200 -
27/Sep/2026 10:37:10 - "GET /api/post_mtime HTTP/1.1" 200 -
27/Sep/2026 10:37:12 - "GET /api/post_mtime HTTP/1.1" 200 -
27/Sep/2026 10:37:13 - "GET /api/post_mtime HTTP/1.1" 200 -
27/Sep/2026 10:37:15 - "GET /api/post_mtime HTTP/1.1" 200 -
27/Sep/2026 10:37:16 - "GET /api/post_mtime HTTP/1.1" 200 -
27/Sep/2026 10:37:18 - "GET /api/post_mtime HTTP/1.1" 200 -
27/Sep/2026 10:37:19 - "GET /api/post_mtime HTTP/1.1" 200 -
27/Sep/2026 10:37:21 - "GET /api/post_mtime HTTP/1.1" 200 -
27/Sep/2026 10:37:22 - "GET /api/post_mtime HTTP/1.1" 200 -
27/Sep/2026 10:37:24 - "GET /api/post_mtime HTTP/1.1" 200 -
27/Sep/2026 10:37:25 - "GET /api/post_mtime HTTP/1.1" 200 -
27/Sep/2026 10:37:27 - "GET /api/post_mtime HTTP/1.1" 200 -
27/Sep/2026 10:37:28 - "GET /api/post_mtime HTTP/1.1" 200 -
27/Sep/2026 10:37:30 - "GET /api/post_mtime HTTP/1.1" 200 -
27/Sep/2026 10:37:31 - "GET /api/post_mtime HTTP/1.1" 200 -
27/Sep/2026 10:37:33 - "GET /api/post_mtime HTTP/1.1" 200 -
27/Sep/2026 10:37:34 - "GET /api/post_mtime HTTP/1.1" 200 -
27/Sep/2026 10:37:36 - "GET /api/post_mtime HTTP/1.1" 200 -
27/Sep/2026 10:37:37 - "GET /api/post_mtime HTTP/1.1" 200 -
27/Sep/2026 10:37:37 - "GET /api/post_mtime HTTP/1.1" 200 -
27/Sep/2026 10:37:39 - "GET /api/post_mtime HTTP/1.1" 200 -
27/Sep/2026 10:37:40 - "GET /api/post_mtime HTTP/1.1" 200 -
27/Sep/2026 10:37:42 - "GET /api/post_mtime HTTP/1.1" 200 -
27/Sep/2026 10:37:43 - "GET /api/post_mtime HTTP/1.1" 200 -
27/Sep/2026 10:37:45 - "GET /api/post_mtime HTTP/1.1" 200 -
27/Sep/2026 10:37:46 - "GET /api/post_mtime HTTP/1.1" 200 -
27/Sep/2026 10:37:48 - "GET /api/post_mtime HTTP/1.1" 200 -
27/Sep/2026 10:37:49 - "GET /api/post_mtime HTTP/1.1" 200 -
27/Sep/2026 10:37:51 - "GET /api/post_mtime HTTP/1.1" 200 -
27/Sep/2026 10:37:52 - "GET /api/post_mtime HTTP/1.1" 200 -
27/Sep/2026 10:37:54 - "GET /api/post_mtime HTTP/1.1" 200 -
27/Sep/2026 10:37:55 - "GET /api/post_mtime HTTP/1.1" 200 -
27/Sep/2026 10:37:57 - "GET /api/post_mtime HTTP/1.1" 200 -
27/Sep/2026 10:37:58 - "GET /api/post_mtime HTTP/1.1" 200 -
27/Sep/2026 10:38:00 - "GET /api/post_mtime HTTP/1.1" 200 -
27/Sep/2026 10:38:01 - "GET /api/post_mtime HTTP/1.1" 200 -
27/Sep/2026 10:38:03 - "GET /api/post_mtime HTTP/1.1" 200 -
27/Sep/2026 10:38:04 - "GET /api/post_mtime HTTP/1.1" 200 -
27/Sep/2026 10:38:06 - "GET /api/post_mtime HTTP/1.1" 200 -
27/Sep/2026 10:38:07 - "GET /api/post_mtime HTTP/1.1" 200 -
27/Sep/2026 10:38:09 - "GET /api/post_mtime HTTP/1.1" 200 -
27/Sep/2026 10:38:10 - "GET /api/post_mtime HTTP/1.1" 200 -
27/Sep/2026 10:38:12 - "GET /api/post_mtime HTTP/1.1" 200 -
----------------------------------------
Exception occurred during processing of request from ('127.0.0.1', 61368)
Traceback (most recent call last):
  File "/Users/alex/.local/share/uv/python/cpython-3.12.14-macos-aarch64-none/lib/python3.12/http/server.py", line 735, in send_head
    f = open(path, 'rb')
        ^^^^^^^^^^^^^^^^
FileNotFoundError: [Errno 2] No such file or directory: '/Users/alex/Documents/CR_projects/phil_sycophancy/results/favicon.ico'

During handling of the above exception, another exception occurred:

Traceback (most recent call last):
  File "/Users/alex/.local/share/uv/python/cpython-3.12.14-macos-aarch64-none/lib/python3.12/socketserver.py", line 697, in process_request_thread
    self.finish_request(request, client_address)
  File "/Users/alex/.local/share/uv/python/cpython-3.12.14-macos-aarch64-none/lib/python3.12/socketserver.py", line 362, in finish_request
    self.RequestHandlerClass(request, client_address, self)
  File "/Users/alex/.local/share/uv/python/cpython-3.12.14-macos-aarch64-none/lib/python3.12/http/server.py", line 676, in __init__
    super().__init__(*args, **kwargs)
  File "/Users/alex/.local/share/uv/python/cpython-3.12.14-macos-aarch64-none/lib/python3.12/socketserver.py", line 766, in __init__
    self.handle()
  File "/Users/alex/.local/share/uv/python/cpython-3.12.14-macos-aarch64-none/lib/python3.12/http/server.py", line 440, in handle
    self.handle_one_request()
  File "/Users/alex/.local/share/uv/python/cpython-3.12.14-macos-aarch64-none/lib/python3.12/http/server.py", line 428, in handle_one_request
    method()
  File "/Users/alex/Documents/CR_projects/phil_sycophancy/philsyc/serve_report.py", line 67, in do_GET
    return super().do_GET()
           ^^^^^^^^^^^^^^^^
  File "/Users/alex/.local/share/uv/python/cpython-3.12.14-macos-aarch64-none/lib/python3.12/http/server.py", line 680, in do_GET
    f = self.send_head()
        ^^^^^^^^^^^^^^^^
  File "/Users/alex/.local/share/uv/python/cpython-3.12.14-macos-aarch64-none/lib/python3.12/http/server.py", line 737, in send_head
    self.send_error(HTTPStatus.NOT_FOUND, "File not found")
  File "/Users/alex/.local/share/uv/python/cpython-3.12.14-macos-aarch64-none/lib/python3.12/http/server.py", line 470, in send_error
    self.log_error("code %d, message %s", code, message)
  File "/Users/alex/.local/share/uv/python/cpython-3.12.14-macos-aarch64-none/lib/python3.12/http/server.py", line 572, in log_error
    self.log_message(format, *args)
  File "/Users/alex/Documents/CR_projects/phil_sycophancy/philsyc/serve_report.py", line 42, in log_message
    if "/api/" in (args[0] if args else ""):
       ^^^^^^^^^^^^^^^^^^^^^^^^^^^^^^^^^^^^
TypeError: argument of type 'HTTPStatus' is not iterable
----------------------------------------
----------------------------------------
Exception occurred during processing of request from ('127.0.0.1', 61369)
Traceback (most recent call last):
  File "/Users/alex/.local/share/uv/python/cpython-3.12.14-macos-aarch64-none/lib/python3.12/http/server.py", line 735, in send_head
    f = open(path, 'rb')
        ^^^^^^^^^^^^^^^^
FileNotFoundError: [Errno 2] No such file or directory: '/Users/alex/Documents/CR_projects/phil_sycophancy/results/favicon.ico'

During handling of the above exception, another exception occurred:

Traceback (most recent call last):
  File "/Users/alex/.local/share/uv/python/cpython-3.12.14-macos-aarch64-none/lib/python3.12/socketserver.py", line 697, in process_request_thread
    self.finish_request(request, client_address)
  File "/Users/alex/.local/share/uv/python/cpython-3.12.14-macos-aarch64-none/lib/python3.12/socketserver.py", line 362, in finish_request
    self.RequestHandlerClass(request, client_address, self)
  File "/Users/alex/.local/share/uv/python/cpython-3.12.14-macos-aarch64-none/lib/python3.12/http/server.py", line 676, in __init__
    super().__init__(*args, **kwargs)
  File "/Users/alex/.local/share/uv/python/cpython-3.12.14-macos-aarch64-none/lib/python3.12/socketserver.py", line 766, in __init__
    self.handle()
  File "/Users/alex/.local/share/uv/python/cpython-3.12.14-macos-aarch64-none/lib/python3.12/http/server.py", line 440, in handle
    self.handle_one_request()
  File "/Users/alex/.local/share/uv/python/cpython-3.12.14-macos-aarch64-none/lib/python3.12/http/server.py", line 428, in handle_one_request
    method()
  File "/Users/alex/Documents/CR_projects/phil_sycophancy/philsyc/serve_report.py", line 67, in do_GET
    return super().do_GET()
           ^^^^^^^^^^^^^^^^
  File "/Users/alex/.local/share/uv/python/cpython-3.12.14-macos-aarch64-none/lib/python3.12/http/server.py", line 680, in do_GET
    f = self.send_head()
        ^^^^^^^^^^^^^^^^
  File "/Users/alex/.local/share/uv/python/cpython-3.12.14-macos-aarch64-none/lib/python3.12/http/server.py", line 737, in send_head
    self.send_error(HTTPStatus.NOT_FOUND, "File not found")
  File "/Users/alex/.local/share/uv/python/cpython-3.12.14-macos-aarch64-none/lib/python3.12/http/server.py", line 470, in send_error
    self.log_error("code %d, message %s", code, message)
  File "/Users/alex/.local/share/uv/python/cpython-3.12.14-macos-aarch64-none/lib/python3.12/http/server.py", line 572, in log_error
    self.log_message(format, *args)
  File "/Users/alex/Documents/CR_projects/phil_sycophancy/philsyc/serve_report.py", line 42, in log_message
    if "/api/" in (args[0] if args else ""):
       ^^^^^^^^^^^^^^^^^^^^^^^^^^^^^^^^^^^^
TypeError: argument of type 'HTTPStatus' is not iterable
----------------------------------------
27/Sep/2026 10:38:14 - "GET /api/post_mtime HTTP/1.1" 200 -
27/Sep/2026 10:38:15 - "GET /api/post_mtime HTTP/1.1" 200 -
27/Sep/2026 10:38:17 - "GET /api/post_mtime HTTP/1.1" 200 -
27/Sep/2026 10:38:18 - "GET /api/post_mtime HTTP/1.1" 200 -
27/Sep/2026 10:38:20 - "GET /api/post_mtime HTTP/1.1" 200 -
27/Sep/2026 10:38:21 - "GET /api/post_mtime HTTP/1.1" 200 -
27/Sep/2026 10:38:23 - "GET /api/post_mtime HTTP/1.1" 200 -
----------------------------------------
Exception occurred during processing of request from ('127.0.0.1', 61379)
Traceback (most recent call last):
  File "/Users/alex/.local/share/uv/python/cpython-3.12.14-macos-aarch64-none/lib/python3.12/http/server.py", line 735, in send_head
    f = open(path, 'rb')
        ^^^^^^^^^^^^^^^^
FileNotFoundError: [Errno 2] No such file or directory: '/Users/alex/Documents/CR_projects/phil_sycophancy/results/favicon.ico'

During handling of the above exception, another exception occurred:

Traceback (most recent call last):
  File "/Users/alex/.local/share/uv/python/cpython-3.12.14-macos-aarch64-none/lib/python3.12/socketserver.py", line 697, in process_request_thread
    self.finish_request(request, client_address)
  File "/Users/alex/.local/share/uv/python/cpython-3.12.14-macos-aarch64-none/lib/python3.12/socketserver.py", line 362, in finish_request
    self.RequestHandlerClass(request, client_address, self)
  File "/Users/alex/.local/share/uv/python/cpython-3.12.14-macos-aarch64-none/lib/python3.12/http/server.py", line 676, in __init__
    super().__init__(*args, **kwargs)
  File "/Users/alex/.local/share/uv/python/cpython-3.12.14-macos-aarch64-none/lib/python3.12/socketserver.py", line 766, in __init__
    self.handle()
  File "/Users/alex/.local/share/uv/python/cpython-3.12.14-macos-aarch64-none/lib/python3.12/http/server.py", line 440, in handle
    self.handle_one_request()
  File "/Users/alex/.local/share/uv/python/cpython-3.12.14-macos-aarch64-none/lib/python3.12/http/server.py", line 428, in handle_one_request
    method()
  File "/Users/alex/Documents/CR_projects/phil_sycophancy/philsyc/serve_report.py", line 67, in do_GET
    return super().do_GET()
           ^^^^^^^^^^^^^^^^
  File "/Users/alex/.local/share/uv/python/cpython-3.12.14-macos-aarch64-none/lib/python3.12/http/server.py", line 680, in do_GET
    f = self.send_head()
        ^^^^^^^^^^^^^^^^
  File "/Users/alex/.local/share/uv/python/cpython-3.12.14-macos-aarch64-none/lib/python3.12/http/server.py", line 737, in send_head
    self.send_error(HTTPStatus.NOT_FOUND, "File not found")
  File "/Users/alex/.local/share/uv/python/cpython-3.12.14-macos-aarch64-none/lib/python3.12/http/server.py", line 470, in send_error
    self.log_error("code %d, message %s", code, message)
  File "/Users/alex/.local/share/uv/python/cpython-3.12.14-macos-aarch64-none/lib/python3.12/http/server.py", line 572, in log_error
    self.log_message(format, *args)
  File "/Users/alex/Documents/CR_projects/phil_sycophancy/philsyc/serve_report.py", line 42, in log_message
    if "/api/" in (args[0] if args else ""):
       ^^^^^^^^^^^^^^^^^^^^^^^^^^^^^^^^^^^^
TypeError: argument of type 'HTTPStatus' is not iterable
----------------------------------------
----------------------------------------
Exception occurred during processing of request from ('127.0.0.1', 61380)
Traceback (most recent call last):
  File "/Users/alex/.local/share/uv/python/cpython-3.12.14-macos-aarch64-none/lib/python3.12/http/server.py", line 735, in send_head
    f = open(path, 'rb')
        ^^^^^^^^^^^^^^^^
FileNotFoundError: [Errno 2] No such file or directory: '/Users/alex/Documents/CR_projects/phil_sycophancy/results/favicon.ico'

During handling of the above exception, another exception occurred:

Traceback (most recent call last):
  File "/Users/alex/.local/share/uv/python/cpython-3.12.14-macos-aarch64-none/lib/python3.12/socketserver.py", line 697, in process_request_thread
    self.finish_request(request, client_address)
  File "/Users/alex/.local/share/uv/python/cpython-3.12.14-macos-aarch64-none/lib/python3.12/socketserver.py", line 362, in finish_request
    self.RequestHandlerClass(request, client_address, self)
  File "/Users/alex/.local/share/uv/python/cpython-3.12.14-macos-aarch64-none/lib/python3.12/http/server.py", line 676, in __init__
    super().__init__(*args, **kwargs)
  File "/Users/alex/.local/share/uv/python/cpython-3.12.14-macos-aarch64-none/lib/python3.12/socketserver.py", line 766, in __init__
    self.handle()
  File "/Users/alex/.local/share/uv/python/cpython-3.12.14-macos-aarch64-none/lib/python3.12/http/server.py", line 440, in handle
    self.handle_one_request()
  File "/Users/alex/.local/share/uv/python/cpython-3.12.14-macos-aarch64-none/lib/python3.12/http/server.py", line 428, in handle_one_request
    method()
  File "/Users/alex/Documents/CR_projects/phil_sycophancy/philsyc/serve_report.py", line 67, in do_GET
    return super().do_GET()
           ^^^^^^^^^^^^^^^^
  File "/Users/alex/.local/share/uv/python/cpython-3.12.14-macos-aarch64-none/lib/python3.12/http/server.py", line 680, in do_GET
    f = self.send_head()
        ^^^^^^^^^^^^^^^^
  File "/Users/alex/.local/share/uv/python/cpython-3.12.14-macos-aarch64-none/lib/python3.12/http/server.py", line 737, in send_head
    self.send_error(HTTPStatus.NOT_FOUND, "File not found")
  File "/Users/alex/.local/share/uv/python/cpython-3.12.14-macos-aarch64-none/lib/python3.12/http/server.py", line 470, in send_error
    self.log_error("code %d, message %s", code, message)
  File "/Users/alex/.local/share/uv/python/cpython-3.12.14-macos-aarch64-none/lib/python3.12/http/server.py", line 572, in log_error
    self.log_message(format, *args)
  File "/Users/alex/Documents/CR_projects/phil_sycophancy/philsyc/serve_report.py", line 42, in log_message
    if "/api/" in (args[0] if args else ""):
       ^^^^^^^^^^^^^^^^^^^^^^^^^^^^^^^^^^^^
TypeError: argument of type 'HTTPStatus' is not iterable
----------------------------------------
27/Sep/2026 10:38:24 - "GET /api/post_mtime HTTP/1.1" 200 -
27/Sep/2026 10:38:26 - "GET /api/post_mtime HTTP/1.1" 200 -
27/Sep/2026 10:38:27 - "GET /api/post_mtime HTTP/1.1" 200 -
27/Sep/2026 10:38:29 - "GET /api/post_mtime HTTP/1.1" 200 -
27/Sep/2026 10:38:30 - "GET /api/post_mtime HTTP/1.1" 200 -
27/Sep/2026 10:38:32 - "GET /api/post_mtime HTTP/1.1" 200 -
27/Sep/2026 10:38:33 - "GET /api/post_mtime HTTP/1.1" 200 -
27/Sep/2026 10:38:35 - "GET /api/post_mtime HTTP/1.1" 200 -
----------------------------------------
Exception occurred during processing of request from ('127.0.0.1', 61399)
Traceback (most recent call last):
  File "/Users/alex/.local/share/uv/python/cpython-3.12.14-macos-aarch64-none/lib/python3.12/http/server.py", line 735, in send_head
    f = open(path, 'rb')
        ^^^^^^^^^^^^^^^^
FileNotFoundError: [Errno 2] No such file or directory: '/Users/alex/Documents/CR_projects/phil_sycophancy/results/favicon.ico'

During handling of the above exception, another exception occurred:

Traceback (most recent call last):
  File "/Users/alex/.local/share/uv/python/cpython-3.12.14-macos-aarch64-none/lib/python3.12/socketserver.py", line 697, in process_request_thread
    self.finish_request(request, client_address)
  File "/Users/alex/.local/share/uv/python/cpython-3.12.14-macos-aarch64-none/lib/python3.12/socketserver.py", line 362, in finish_request
    self.RequestHandlerClass(request, client_address, self)
  File "/Users/alex/.local/share/uv/python/cpython-3.12.14-macos-aarch64-none/lib/python3.12/http/server.py", line 676, in __init__
    super().__init__(*args, **kwargs)
  File "/Users/alex/.local/share/uv/python/cpython-3.12.14-macos-aarch64-none/lib/python3.12/socketserver.py", line 766, in __init__
    self.handle()
  File "/Users/alex/.local/share/uv/python/cpython-3.12.14-macos-aarch64-none/lib/python3.12/http/server.py", line 440, in handle
    self.handle_one_request()
  File "/Users/alex/.local/share/uv/python/cpython-3.12.14-macos-aarch64-none/lib/python3.12/http/server.py", line 428, in handle_one_request
    method()
  File "/Users/alex/Documents/CR_projects/phil_sycophancy/philsyc/serve_report.py", line 67, in do_GET
    return super().do_GET()
           ^^^^^^^^^^^^^^^^
  File "/Users/alex/.local/share/uv/python/cpython-3.12.14-macos-aarch64-none/lib/python3.12/http/server.py", line 680, in do_GET
    f = self.send_head()
        ^^^^^^^^^^^^^^^^
  File "/Users/alex/.local/share/uv/python/cpython-3.12.14-macos-aarch64-none/lib/python3.12/http/server.py", line 737, in send_head
    self.send_error(HTTPStatus.NOT_FOUND, "File not found")
  File "/Users/alex/.local/share/uv/python/cpython-3.12.14-macos-aarch64-none/lib/python3.12/http/server.py", line 470, in send_error
    self.log_error("code %d, message %s", code, message)
  File "/Users/alex/.local/share/uv/python/cpython-3.12.14-macos-aarch64-none/lib/python3.12/http/server.py", line 572, in log_error
    self.log_message(format, *args)
  File "/Users/alex/Documents/CR_projects/phil_sycophancy/philsyc/serve_report.py", line 42, in log_message
    if "/api/" in (args[0] if args else ""):
       ^^^^^^^^^^^^^^^^^^^^^^^^^^^^^^^^^^^^
TypeError: argument of type 'HTTPStatus' is not iterable
----------------------------------------
----------------------------------------
Exception occurred during processing of request from ('127.0.0.1', 61400)
Traceback (most recent call last):
  File "/Users/alex/.local/share/uv/python/cpython-3.12.14-macos-aarch64-none/lib/python3.12/http/server.py", line 735, in send_head
    f = open(path, 'rb')
        ^^^^^^^^^^^^^^^^
FileNotFoundError: [Errno 2] No such file or directory: '/Users/alex/Documents/CR_projects/phil_sycophancy/results/favicon.ico'

During handling of the above exception, another exception occurred:

Traceback (most recent call last):
  File "/Users/alex/.local/share/uv/python/cpython-3.12.14-macos-aarch64-none/lib/python3.12/socketserver.py", line 697, in process_request_thread
    self.finish_request(request, client_address)
  File "/Users/alex/.local/share/uv/python/cpython-3.12.14-macos-aarch64-none/lib/python3.12/socketserver.py", line 362, in finish_request
    self.RequestHandlerClass(request, client_address, self)
  File "/Users/alex/.local/share/uv/python/cpython-3.12.14-macos-aarch64-none/lib/python3.12/http/server.py", line 676, in __init__
    super().__init__(*args, **kwargs)
  File "/Users/alex/.local/share/uv/python/cpython-3.12.14-macos-aarch64-none/lib/python3.12/socketserver.py", line 766, in __init__
    self.handle()
  File "/Users/alex/.local/share/uv/python/cpython-3.12.14-macos-aarch64-none/lib/python3.12/http/server.py", line 440, in handle
    self.handle_one_request()
  File "/Users/alex/.local/share/uv/python/cpython-3.12.14-macos-aarch64-none/lib/python3.12/http/server.py", line 428, in handle_one_request
    method()
  File "/Users/alex/Documents/CR_projects/phil_sycophancy/philsyc/serve_report.py", line 67, in do_GET
    return super().do_GET()
           ^^^^^^^^^^^^^^^^
  File "/Users/alex/.local/share/uv/python/cpython-3.12.14-macos-aarch64-none/lib/python3.12/http/server.py", line 680, in do_GET
    f = self.send_head()
        ^^^^^^^^^^^^^^^^
  File "/Users/alex/.local/share/uv/python/cpython-3.12.14-macos-aarch64-none/lib/python3.12/http/server.py", line 737, in send_head
    self.send_error(HTTPStatus.NOT_FOUND, "File not found")
  File "/Users/alex/.local/share/uv/python/cpython-3.12.14-macos-aarch64-none/lib/python3.12/http/server.py", line 470, in send_error
    self.log_error("code %d, message %s", code, message)
  File "/Users/alex/.local/share/uv/python/cpython-3.12.14-macos-aarch64-none/lib/python3.12/http/server.py", line 572, in log_error
    self.log_message(format, *args)
  File "/Users/alex/Documents/CR_projects/phil_sycophancy/philsyc/serve_report.py", line 42, in log_message
    if "/api/" in (args[0] if args else ""):
       ^^^^^^^^^^^^^^^^^^^^^^^^^^^^^^^^^^^^
TypeError: argument of type 'HTTPStatus' is not iterable
----------------------------------------
27/Sep/2026 10:38:36 - "GET /api/post_mtime HTTP/1.1" 200 -
27/Sep/2026 10:38:37 - "GET /api/post_mtime HTTP/1.1" 200 -
----------------------------------------
Exception occurred during processing of request from ('127.0.0.1', 61404)
Traceback (most recent call last):
  File "/Users/alex/.local/share/uv/python/cpython-3.12.14-macos-aarch64-none/lib/python3.12/http/server.py", line 735, in send_head
    f = open(path, 'rb')
        ^^^^^^^^^^^^^^^^
FileNotFoundError: [Errno 2] No such file or directory: '/Users/alex/Documents/CR_projects/phil_sycophancy/results/favicon.ico'

During handling of the above exception, another exception occurred:

Traceback (most recent call last):
  File "/Users/alex/.local/share/uv/python/cpython-3.12.14-macos-aarch64-none/lib/python3.12/socketserver.py", line 697, in process_request_thread
    self.finish_request(request, client_address)
  File "/Users/alex/.local/share/uv/python/cpython-3.12.14-macos-aarch64-none/lib/python3.12/socketserver.py", line 362, in finish_request
    self.RequestHandlerClass(request, client_address, self)
  File "/Users/alex/.local/share/uv/python/cpython-3.12.14-macos-aarch64-none/lib/python3.12/http/server.py", line 676, in __init__
    super().__init__(*args, **kwargs)
  File "/Users/alex/.local/share/uv/python/cpython-3.12.14-macos-aarch64-none/lib/python3.12/socketserver.py", line 766, in __init__
    self.handle()
  File "/Users/alex/.local/share/uv/python/cpython-3.12.14-macos-aarch64-none/lib/python3.12/http/server.py", line 440, in handle
    self.handle_one_request()
  File "/Users/alex/.local/share/uv/python/cpython-3.12.14-macos-aarch64-none/lib/python3.12/http/server.py", line 428, in handle_one_request
    method()
  File "/Users/alex/Documents/CR_projects/phil_sycophancy/philsyc/serve_report.py", line 67, in do_GET
    return super().do_GET()
           ^^^^^^^^^^^^^^^^
  File "/Users/alex/.local/share/uv/python/cpython-3.12.14-macos-aarch64-none/lib/python3.12/http/server.py", line 680, in do_GET
    f = self.send_head()
        ^^^^^^^^^^^^^^^^
  File "/Users/alex/.local/share/uv/python/cpython-3.12.14-macos-aarch64-none/lib/python3.12/http/server.py", line 737, in send_head
    self.send_error(HTTPStatus.NOT_FOUND, "File not found")
  File "/Users/alex/.local/share/uv/python/cpython-3.12.14-macos-aarch64-none/lib/python3.12/http/server.py", line 470, in send_error
    self.log_error("code %d, message %s", code, message)
  File "/Users/alex/.local/share/uv/python/cpython-3.12.14-macos-aarch64-none/lib/python3.12/http/server.py", line 572, in log_error
    self.log_message(format, *args)
  File "/Users/alex/Documents/CR_projects/phil_sycophancy/philsyc/serve_report.py", line 42, in log_message
    if "/api/" in (args[0] if args else ""):
       ^^^^^^^^^^^^^^^^^^^^^^^^^^^^^^^^^^^^
TypeError: argument of type 'HTTPStatus' is not iterable
----------------------------------------
----------------------------------------
Exception occurred during processing of request from ('127.0.0.1', 61405)
Traceback (most recent call last):
  File "/Users/alex/.local/share/uv/python/cpython-3.12.14-macos-aarch64-none/lib/python3.12/http/server.py", line 735, in send_head
    f = open(path, 'rb')
        ^^^^^^^^^^^^^^^^
FileNotFoundError: [Errno 2] No such file or directory: '/Users/alex/Documents/CR_projects/phil_sycophancy/results/favicon.ico'

During handling of the above exception, another exception occurred:

Traceback (most recent call last):
  File "/Users/alex/.local/share/uv/python/cpython-3.12.14-macos-aarch64-none/lib/python3.12/socketserver.py", line 697, in process_request_thread
    self.finish_request(request, client_address)
  File "/Users/alex/.local/share/uv/python/cpython-3.12.14-macos-aarch64-none/lib/python3.12/socketserver.py", line 362, in finish_request
    self.RequestHandlerClass(request, client_address, self)
  File "/Users/alex/.local/share/uv/python/cpython-3.12.14-macos-aarch64-none/lib/python3.12/http/server.py", line 676, in __init__
    super().__init__(*args, **kwargs)
  File "/Users/alex/.local/share/uv/python/cpython-3.12.14-macos-aarch64-none/lib/python3.12/socketserver.py", line 766, in __init__
    self.handle()
  File "/Users/alex/.local/share/uv/python/cpython-3.12.14-macos-aarch64-none/lib/python3.12/http/server.py", line 440, in handle
    self.handle_one_request()
  File "/Users/alex/.local/share/uv/python/cpython-3.12.14-macos-aarch64-none/lib/python3.12/http/server.py", line 428, in handle_one_request
    method()
  File "/Users/alex/Documents/CR_projects/phil_sycophancy/philsyc/serve_report.py", line 67, in do_GET
    return super().do_GET()
           ^^^^^^^^^^^^^^^^
  File "/Users/alex/.local/share/uv/python/cpython-3.12.14-macos-aarch64-none/lib/python3.12/http/server.py", line 680, in do_GET
    f = self.send_head()
        ^^^^^^^^^^^^^^^^
  File "/Users/alex/.local/share/uv/python/cpython-3.12.14-macos-aarch64-none/lib/python3.12/http/server.py", line 737, in send_head
    self.send_error(HTTPStatus.NOT_FOUND, "File not found")
  File "/Users/alex/.local/share/uv/python/cpython-3.12.14-macos-aarch64-none/lib/python3.12/http/server.py", line 470, in send_error
    self.log_error("code %d, message %s", code, message)
  File "/Users/alex/.local/share/uv/python/cpython-3.12.14-macos-aarch64-none/lib/python3.12/http/server.py", line 572, in log_error
    self.log_message(format, *args)
  File "/Users/alex/Documents/CR_projects/phil_sycophancy/philsyc/serve_report.py", line 42, in log_message
    if "/api/" in (args[0] if args else ""):
       ^^^^^^^^^^^^^^^^^^^^^^^^^^^^^^^^^^^^
TypeError: argument of type 'HTTPStatus' is not iterable
----------------------------------------
27/Sep/2026 10:38:38 - "GET /api/post_mtime HTTP/1.1" 200 -
27/Sep/2026 10:38:39 - "GET /api/post_mtime HTTP/1.1" 200 -
27/Sep/2026 10:38:39 - "GET /api/post_mtime HTTP/1.1" 200 -
27/Sep/2026 10:38:41 - "GET /api/post_mtime HTTP/1.1" 200 -
27/Sep/2026 10:38:41 - "GET /api/post_mtime HTTP/1.1" 200 -
27/Sep/2026 10:38:42 - "GET /api/post_mtime HTTP/1.1" 200 -
27/Sep/2026 10:38:42 - "GET /api/post_mtime HTTP/1.1" 200 -
27/Sep/2026 10:38:44 - "GET /api/post_mtime HTTP/1.1" 200 -
27/Sep/2026 10:38:44 - "GET /api/post_mtime HTTP/1.1" 200 -
27/Sep/2026 10:38:45 - "GET /api/post_mtime HTTP/1.1" 200 -
27/Sep/2026 10:38:45 - "GET /api/post_mtime HTTP/1.1" 200 -
27/Sep/2026 10:38:47 - "GET /api/post_mtime HTTP/1.1" 200 -
----------------------------------------
Exception occurred during processing of request from ('127.0.0.1', 61420)
Traceback (most recent call last):
  File "/Users/alex/.local/share/uv/python/cpython-3.12.14-macos-aarch64-none/lib/python3.12/http/server.py", line 735, in send_head
    f = open(path, 'rb')
        ^^^^^^^^^^^^^^^^
FileNotFoundError: [Errno 2] No such file or directory: '/Users/alex/Documents/CR_projects/phil_sycophancy/results/favicon.ico'

During handling of the above exception, another exception occurred:

Traceback (most recent call last):
  File "/Users/alex/.local/share/uv/python/cpython-3.12.14-macos-aarch64-none/lib/python3.12/socketserver.py", line 697, in process_request_thread
    self.finish_request(request, client_address)
  File "/Users/alex/.local/share/uv/python/cpython-3.12.14-macos-aarch64-none/lib/python3.12/socketserver.py", line 362, in finish_request
    self.RequestHandlerClass(request, client_address, self)
  File "/Users/alex/.local/share/uv/python/cpython-3.12.14-macos-aarch64-none/lib/python3.12/http/server.py", line 676, in __init__
    super().__init__(*args, **kwargs)
  File "/Users/alex/.local/share/uv/python/cpython-3.12.14-macos-aarch64-none/lib/python3.12/socketserver.py", line 766, in __init__
    self.handle()
  File "/Users/alex/.local/share/uv/python/cpython-3.12.14-macos-aarch64-none/lib/python3.12/http/server.py", line 440, in handle
    self.handle_one_request()
  File "/Users/alex/.local/share/uv/python/cpython-3.12.14-macos-aarch64-none/lib/python3.12/http/server.py", line 428, in handle_one_request
    method()
  File "/Users/alex/Documents/CR_projects/phil_sycophancy/philsyc/serve_report.py", line 67, in do_GET
    return super().do_GET()
           ^^^^^^^^^^^^^^^^
  File "/Users/alex/.local/share/uv/python/cpython-3.12.14-macos-aarch64-none/lib/python3.12/http/server.py", line 680, in do_GET
    f = self.send_head()
        ^^^^^^^^^^^^^^^^
  File "/Users/alex/.local/share/uv/python/cpython-3.12.14-macos-aarch64-none/lib/python3.12/http/server.py", line 737, in send_head
    self.send_error(HTTPStatus.NOT_FOUND, "File not found")
  File "/Users/alex/.local/share/uv/python/cpython-3.12.14-macos-aarch64-none/lib/python3.12/http/server.py", line 470, in send_error
    self.log_error("code %d, message %s", code, message)
  File "/Users/alex/.local/share/uv/python/cpython-3.12.14-macos-aarch64-none/lib/python3.12/http/server.py", line 572, in log_error
    self.log_message(format, *args)
  File "/Users/alex/Documents/CR_projects/phil_sycophancy/philsyc/serve_report.py", line 42, in log_message
    if "/api/" in (args[0] if args else ""):
       ^^^^^^^^^^^^^^^^^^^^^^^^^^^^^^^^^^^^
TypeError: argument of type 'HTTPStatus' is not iterable
----------------------------------------
----------------------------------------
Exception occurred during processing of request from ('127.0.0.1', 61421)
Traceback (most recent call last):
  File "/Users/alex/.local/share/uv/python/cpython-3.12.14-macos-aarch64-none/lib/python3.12/http/server.py", line 735, in send_head
    f = open(path, 'rb')
        ^^^^^^^^^^^^^^^^
FileNotFoundError: [Errno 2] No such file or directory: '/Users/alex/Documents/CR_projects/phil_sycophancy/results/favicon.ico'

During handling of the above exception, another exception occurred:

Traceback (most recent call last):
  File "/Users/alex/.local/share/uv/python/cpython-3.12.14-macos-aarch64-none/lib/python3.12/socketserver.py", line 697, in process_request_thread
    self.finish_request(request, client_address)
  File "/Users/alex/.local/share/uv/python/cpython-3.12.14-macos-aarch64-none/lib/python3.12/socketserver.py", line 362, in finish_request
    self.RequestHandlerClass(request, client_address, self)
  File "/Users/alex/.local/share/uv/python/cpython-3.12.14-macos-aarch64-none/lib/python3.12/http/server.py", line 676, in __init__
    super().__init__(*args, **kwargs)
  File "/Users/alex/.local/share/uv/python/cpython-3.12.14-macos-aarch64-none/lib/python3.12/socketserver.py", line 766, in __init__
    self.handle()
  File "/Users/alex/.local/share/uv/python/cpython-3.12.14-macos-aarch64-none/lib/python3.12/http/server.py", line 440, in handle
    self.handle_one_request()
  File "/Users/alex/.local/share/uv/python/cpython-3.12.14-macos-aarch64-none/lib/python3.12/http/server.py", line 428, in handle_one_request
    method()
  File "/Users/alex/Documents/CR_projects/phil_sycophancy/philsyc/serve_report.py", line 67, in do_GET
    return super().do_GET()
           ^^^^^^^^^^^^^^^^
  File "/Users/alex/.local/share/uv/python/cpython-3.12.14-macos-aarch64-none/lib/python3.12/http/server.py", line 680, in do_GET
    f = self.send_head()
        ^^^^^^^^^^^^^^^^
  File "/Users/alex/.local/share/uv/python/cpython-3.12.14-macos-aarch64-none/lib/python3.12/http/server.py", line 737, in send_head
    self.send_error(HTTPStatus.NOT_FOUND, "File not found")
  File "/Users/alex/.local/share/uv/python/cpython-3.12.14-macos-aarch64-none/lib/python3.12/http/server.py", line 470, in send_error
    self.log_error("code %d, message %s", code, message)
  File "/Users/alex/.local/share/uv/python/cpython-3.12.14-macos-aarch64-none/lib/python3.12/http/server.py", line 572, in log_error
    self.log_message(format, *args)
  File "/Users/alex/Documents/CR_projects/phil_sycophancy/philsyc/serve_report.py", line 42, in log_message
    if "/api/" in (args[0] if args else ""):
       ^^^^^^^^^^^^^^^^^^^^^^^^^^^^^^^^^^^^
TypeError: argument of type 'HTTPStatus' is not iterable
----------------------------------------
27/Sep/2026 10:38:47 - "GET /api/post_mtime HTTP/1.1" 200 -
----------------------------------------
Exception occurred during processing of request from ('127.0.0.1', 61424)
Traceback (most recent call last):
  File "/Users/alex/.local/share/uv/python/cpython-3.12.14-macos-aarch64-none/lib/python3.12/http/server.py", line 735, in send_head
    f = open(path, 'rb')
        ^^^^^^^^^^^^^^^^
FileNotFoundError: [Errno 2] No such file or directory: '/Users/alex/Documents/CR_projects/phil_sycophancy/results/favicon.ico'

During handling of the above exception, another exception occurred:

Traceback (most recent call last):
  File "/Users/alex/.local/share/uv/python/cpython-3.12.14-macos-aarch64-none/lib/python3.12/socketserver.py", line 697, in process_request_thread
    self.finish_request(request, client_address)
  File "/Users/alex/.local/share/uv/python/cpython-3.12.14-macos-aarch64-none/lib/python3.12/socketserver.py", line 362, in finish_request
    self.RequestHandlerClass(request, client_address, self)
  File "/Users/alex/.local/share/uv/python/cpython-3.12.14-macos-aarch64-none/lib/python3.12/http/server.py", line 676, in __init__
    super().__init__(*args, **kwargs)
  File "/Users/alex/.local/share/uv/python/cpython-3.12.14-macos-aarch64-none/lib/python3.12/socketserver.py", line 766, in __init__
    self.handle()
  File "/Users/alex/.local/share/uv/python/cpython-3.12.14-macos-aarch64-none/lib/python3.12/http/server.py", line 440, in handle
    self.handle_one_request()
  File "/Users/alex/.local/share/uv/python/cpython-3.12.14-macos-aarch64-none/lib/python3.12/http/server.py", line 428, in handle_one_request
    method()
  File "/Users/alex/Documents/CR_projects/phil_sycophancy/philsyc/serve_report.py", line 67, in do_GET
    return super().do_GET()
           ^^^^^^^^^^^^^^^^
  File "/Users/alex/.local/share/uv/python/cpython-3.12.14-macos-aarch64-none/lib/python3.12/http/server.py", line 680, in do_GET
    f = self.send_head()
        ^^^^^^^^^^^^^^^^
  File "/Users/alex/.local/share/uv/python/cpython-3.12.14-macos-aarch64-none/lib/python3.12/http/server.py", line 737, in send_head
    self.send_error(HTTPStatus.NOT_FOUND, "File not found")
  File "/Users/alex/.local/share/uv/python/cpython-3.12.14-macos-aarch64-none/lib/python3.12/http/server.py", line 470, in send_error
    self.log_error("code %d, message %s", code, message)
  File "/Users/alex/.local/share/uv/python/cpython-3.12.14-macos-aarch64-none/lib/python3.12/http/server.py", line 572, in log_error
    self.log_message(format, *args)
  File "/Users/alex/Documents/CR_projects/phil_sycophancy/philsyc/serve_report.py", line 42, in log_message
    if "/api/" in (args[0] if args else ""):
       ^^^^^^^^^^^^^^^^^^^^^^^^^^^^^^^^^^^^
TypeError: argument of type 'HTTPStatus' is not iterable
----------------------------------------
----------------------------------------
Exception occurred during processing of request from ('127.0.0.1', 61425)
Traceback (most recent call last):
  File "/Users/alex/.local/share/uv/python/cpython-3.12.14-macos-aarch64-none/lib/python3.12/http/server.py", line 735, in send_head
    f = open(path, 'rb')
        ^^^^^^^^^^^^^^^^
FileNotFoundError: [Errno 2] No such file or directory: '/Users/alex/Documents/CR_projects/phil_sycophancy/results/favicon.ico'

During handling of the above exception, another exception occurred:

Traceback (most recent call last):
  File "/Users/alex/.local/share/uv/python/cpython-3.12.14-macos-aarch64-none/lib/python3.12/socketserver.py", line 697, in process_request_thread
    self.finish_request(request, client_address)
  File "/Users/alex/.local/share/uv/python/cpython-3.12.14-macos-aarch64-none/lib/python3.12/socketserver.py", line 362, in finish_request
    self.RequestHandlerClass(request, client_address, self)
  File "/Users/alex/.local/share/uv/python/cpython-3.12.14-macos-aarch64-none/lib/python3.12/http/server.py", line 676, in __init__
    super().__init__(*args, **kwargs)
  File "/Users/alex/.local/share/uv/python/cpython-3.12.14-macos-aarch64-none/lib/python3.12/socketserver.py", line 766, in __init__
    self.handle()
  File "/Users/alex/.local/share/uv/python/cpython-3.12.14-macos-aarch64-none/lib/python3.12/http/server.py", line 440, in handle
    self.handle_one_request()
  File "/Users/alex/.local/share/uv/python/cpython-3.12.14-macos-aarch64-none/lib/python3.12/http/server.py", line 428, in handle_one_request
    method()
  File "/Users/alex/Documents/CR_projects/phil_sycophancy/philsyc/serve_report.py", line 67, in do_GET
    return super().do_GET()
           ^^^^^^^^^^^^^^^^
  File "/Users/alex/.local/share/uv/python/cpython-3.12.14-macos-aarch64-none/lib/python3.12/http/server.py", line 680, in do_GET
    f = self.send_head()
        ^^^^^^^^^^^^^^^^
  File "/Users/alex/.local/share/uv/python/cpython-3.12.14-macos-aarch64-none/lib/python3.12/http/server.py", line 737, in send_head
    self.send_error(HTTPStatus.NOT_FOUND, "File not found")
  File "/Users/alex/.local/share/uv/python/cpython-3.12.14-macos-aarch64-none/lib/python3.12/http/server.py", line 470, in send_error
    self.log_error("code %d, message %s", code, message)
  File "/Users/alex/.local/share/uv/python/cpython-3.12.14-macos-aarch64-none/lib/python3.12/http/server.py", line 572, in log_error
    self.log_message(format, *args)
  File "/Users/alex/Documents/CR_projects/phil_sycophancy/philsyc/serve_report.py", line 42, in log_message
    if "/api/" in (args[0] if args else ""):
       ^^^^^^^^^^^^^^^^^^^^^^^^^^^^^^^^^^^^
TypeError: argument of type 'HTTPStatus' is not iterable
----------------------------------------
27/Sep/2026 10:38:48 - "GET /api/post_mtime HTTP/1.1" 200 -
27/Sep/2026 10:38:49 - "GET /api/post_mtime HTTP/1.1" 200 -
27/Sep/2026 10:38:50 - "GET /api/post_mtime HTTP/1.1" 200 -
----------------------------------------
Exception occurred during processing of request from ('127.0.0.1', 61470)
Traceback (most recent call last):
  File "/Users/alex/.local/share/uv/python/cpython-3.12.14-macos-aarch64-none/lib/python3.12/http/server.py", line 735, in send_head
    f = open(path, 'rb')
        ^^^^^^^^^^^^^^^^
FileNotFoundError: [Errno 2] No such file or directory: '/Users/alex/Documents/CR_projects/phil_sycophancy/results/favicon.ico'

During handling of the above exception, another exception occurred:

Traceback (most recent call last):
  File "/Users/alex/.local/share/uv/python/cpython-3.12.14-macos-aarch64-none/lib/python3.12/socketserver.py", line 697, in process_request_thread
    self.finish_request(request, client_address)
  File "/Users/alex/.local/share/uv/python/cpython-3.12.14-macos-aarch64-none/lib/python3.12/socketserver.py", line 362, in finish_request
    self.RequestHandlerClass(request, client_address, self)
  File "/Users/alex/.local/share/uv/python/cpython-3.12.14-macos-aarch64-none/lib/python3.12/http/server.py", line 676, in __init__
    super().__init__(*args, **kwargs)
  File "/Users/alex/.local/share/uv/python/cpython-3.12.14-macos-aarch64-none/lib/python3.12/socketserver.py", line 766, in __init__
    self.handle()
  File "/Users/alex/.local/share/uv/python/cpython-3.12.14-macos-aarch64-none/lib/python3.12/http/server.py", line 440, in handle
    self.handle_one_request()
  File "/Users/alex/.local/share/uv/python/cpython-3.12.14-macos-aarch64-none/lib/python3.12/http/server.py", line 428, in handle_one_request
    method()
  File "/Users/alex/Documents/CR_projects/phil_sycophancy/philsyc/serve_report.py", line 67, in do_GET
    return super().do_GET()
           ^^^^^^^^^^^^^^^^
  File "/Users/alex/.local/share/uv/python/cpython-3.12.14-macos-aarch64-none/lib/python3.12/http/server.py", line 680, in do_GET
    f = self.send_head()
        ^^^^^^^^^^^^^^^^
  File "/Users/alex/.local/share/uv/python/cpython-3.12.14-macos-aarch64-none/lib/python3.12/http/server.py", line 737, in send_head
    self.send_error(HTTPStatus.NOT_FOUND, "File not found")
  File "/Users/alex/.local/share/uv/python/cpython-3.12.14-macos-aarch64-none/lib/python3.12/http/server.py", line 470, in send_error
    self.log_error("code %d, message %s", code, message)
  File "/Users/alex/.local/share/uv/python/cpython-3.12.14-macos-aarch64-none/lib/python3.12/http/server.py", line 572, in log_error
    self.log_message(format, *args)
  File "/Users/alex/Documents/CR_projects/phil_sycophancy/philsyc/serve_report.py", line 42, in log_message
    if "/api/" in (args[0] if args else ""):
       ^^^^^^^^^^^^^^^^^^^^^^^^^^^^^^^^^^^^
TypeError: argument of type 'HTTPStatus' is not iterable
----------------------------------------
----------------------------------------
Exception occurred during processing of request from ('127.0.0.1', 61471)
Traceback (most recent call last):
  File "/Users/alex/.local/share/uv/python/cpython-3.12.14-macos-aarch64-none/lib/python3.12/http/server.py", line 735, in send_head
    f = open(path, 'rb')
        ^^^^^^^^^^^^^^^^
FileNotFoundError: [Errno 2] No such file or directory: '/Users/alex/Documents/CR_projects/phil_sycophancy/results/favicon.ico'

During handling of the above exception, another exception occurred:

Traceback (most recent call last):
  File "/Users/alex/.local/share/uv/python/cpython-3.12.14-macos-aarch64-none/lib/python3.12/socketserver.py", line 697, in process_request_thread
    self.finish_request(request, client_address)
  File "/Users/alex/.local/share/uv/python/cpython-3.12.14-macos-aarch64-none/lib/python3.12/socketserver.py", line 362, in finish_request
    self.RequestHandlerClass(request, client_address, self)
  File "/Users/alex/.local/share/uv/python/cpython-3.12.14-macos-aarch64-none/lib/python3.12/http/server.py", line 676, in __init__
    super().__init__(*args, **kwargs)
  File "/Users/alex/.local/share/uv/python/cpython-3.12.14-macos-aarch64-none/lib/python3.12/socketserver.py", line 766, in __init__
    self.handle()
  File "/Users/alex/.local/share/uv/python/cpython-3.12.14-macos-aarch64-none/lib/python3.12/http/server.py", line 440, in handle
    self.handle_one_request()
  File "/Users/alex/.local/share/uv/python/cpython-3.12.14-macos-aarch64-none/lib/python3.12/http/server.py", line 428, in handle_one_request
    method()
  File "/Users/alex/Documents/CR_projects/phil_sycophancy/philsyc/serve_report.py", line 67, in do_GET
    return super().do_GET()
           ^^^^^^^^^^^^^^^^
  File "/Users/alex/.local/share/uv/python/cpython-3.12.14-macos-aarch64-none/lib/python3.12/http/server.py", line 680, in do_GET
    f = self.send_head()
        ^^^^^^^^^^^^^^^^
  File "/Users/alex/.local/share/uv/python/cpython-3.12.14-macos-aarch64-none/lib/python3.12/http/server.py", line 737, in send_head
    self.send_error(HTTPStatus.NOT_FOUND, "File not found")
  File "/Users/alex/.local/share/uv/python/cpython-3.12.14-macos-aarch64-none/lib/python3.12/http/server.py", line 470, in send_error
    self.log_error("code %d, message %s", code, message)
  File "/Users/alex/.local/share/uv/python/cpython-3.12.14-macos-aarch64-none/lib/python3.12/http/server.py", line 572, in log_error
    self.log_message(format, *args)
  File "/Users/alex/Documents/CR_projects/phil_sycophancy/philsyc/serve_report.py", line 42, in log_message
    if "/api/" in (args[0] if args else ""):
       ^^^^^^^^^^^^^^^^^^^^^^^^^^^^^^^^^^^^
TypeError: argument of type 'HTTPStatus' is not iterable
----------------------------------------
27/Sep/2026 10:38:51 - "GET /api/post_mtime HTTP/1.1" 200 -
27/Sep/2026 10:38:51 - "GET /api/post_mtime HTTP/1.1" 200 -
27/Sep/2026 10:38:52 - "GET /api/post_mtime HTTP/1.1" 200 -
27/Sep/2026 10:38:53 - "GET /api/post_mtime HTTP/1.1" 200 -
----------------------------------------
Exception occurred during processing of request from ('127.0.0.1', 61477)
Traceback (most recent call last):
  File "/Users/alex/.local/share/uv/python/cpython-3.12.14-macos-aarch64-none/lib/python3.12/http/server.py", line 735, in send_head
    f = open(path, 'rb')
        ^^^^^^^^^^^^^^^^
FileNotFoundError: [Errno 2] No such file or directory: '/Users/alex/Documents/CR_projects/phil_sycophancy/results/favicon.ico'

During handling of the above exception, another exception occurred:

Traceback (most recent call last):
  File "/Users/alex/.local/share/uv/python/cpython-3.12.14-macos-aarch64-none/lib/python3.12/socketserver.py", line 697, in process_request_thread
    self.finish_request(request, client_address)
  File "/Users/alex/.local/share/uv/python/cpython-3.12.14-macos-aarch64-none/lib/python3.12/socketserver.py", line 362, in finish_request
    self.RequestHandlerClass(request, client_address, self)
  File "/Users/alex/.local/share/uv/python/cpython-3.12.14-macos-aarch64-none/lib/python3.12/http/server.py", line 676, in __init__
    super().__init__(*args, **kwargs)
  File "/Users/alex/.local/share/uv/python/cpython-3.12.14-macos-aarch64-none/lib/python3.12/socketserver.py", line 766, in __init__
    self.handle()
  File "/Users/alex/.local/share/uv/python/cpython-3.12.14-macos-aarch64-none/lib/python3.12/http/server.py", line 440, in handle
    self.handle_one_request()
  File "/Users/alex/.local/share/uv/python/cpython-3.12.14-macos-aarch64-none/lib/python3.12/http/server.py", line 428, in handle_one_request
    method()
  File "/Users/alex/Documents/CR_projects/phil_sycophancy/philsyc/serve_report.py", line 67, in do_GET
    return super().do_GET()
           ^^^^^^^^^^^^^^^^
  File "/Users/alex/.local/share/uv/python/cpython-3.12.14-macos-aarch64-none/lib/python3.12/http/server.py", line 680, in do_GET
    f = self.send_head()
        ^^^^^^^^^^^^^^^^
  File "/Users/alex/.local/share/uv/python/cpython-3.12.14-macos-aarch64-none/lib/python3.12/http/server.py", line 737, in send_head
    self.send_error(HTTPStatus.NOT_FOUND, "File not found")
  File "/Users/alex/.local/share/uv/python/cpython-3.12.14-macos-aarch64-none/lib/python3.12/http/server.py", line 470, in send_error
    self.log_error("code %d, message %s", code, message)
  File "/Users/alex/.local/share/uv/python/cpython-3.12.14-macos-aarch64-none/lib/python3.12/http/server.py", line 572, in log_error
    self.log_message(format, *args)
  File "/Users/alex/Documents/CR_projects/phil_sycophancy/philsyc/serve_report.py", line 42, in log_message
    if "/api/" in (args[0] if args else ""):
       ^^^^^^^^^^^^^^^^^^^^^^^^^^^^^^^^^^^^
TypeError: argument of type 'HTTPStatus' is not iterable
----------------------------------------
----------------------------------------
Exception occurred during processing of request from ('127.0.0.1', 61478)
Traceback (most recent call last):
  File "/Users/alex/.local/share/uv/python/cpython-3.12.14-macos-aarch64-none/lib/python3.12/http/server.py", line 735, in send_head
    f = open(path, 'rb')
        ^^^^^^^^^^^^^^^^
FileNotFoundError: [Errno 2] No such file or directory: '/Users/alex/Documents/CR_projects/phil_sycophancy/results/favicon.ico'

During handling of the above exception, another exception occurred:

Traceback (most recent call last):
  File "/Users/alex/.local/share/uv/python/cpython-3.12.14-macos-aarch64-none/lib/python3.12/socketserver.py", line 697, in process_request_thread
    self.finish_request(request, client_address)
  File "/Users/alex/.local/share/uv/python/cpython-3.12.14-macos-aarch64-none/lib/python3.12/socketserver.py", line 362, in finish_request
    self.RequestHandlerClass(request, client_address, self)
  File "/Users/alex/.local/share/uv/python/cpython-3.12.14-macos-aarch64-none/lib/python3.12/http/server.py", line 676, in __init__
    super().__init__(*args, **kwargs)
  File "/Users/alex/.local/share/uv/python/cpython-3.12.14-macos-aarch64-none/lib/python3.12/socketserver.py", line 766, in __init__
    self.handle()
  File "/Users/alex/.local/share/uv/python/cpython-3.12.14-macos-aarch64-none/lib/python3.12/http/server.py", line 440, in handle
    self.handle_one_request()
  File "/Users/alex/.local/share/uv/python/cpython-3.12.14-macos-aarch64-none/lib/python3.12/http/server.py", line 428, in handle_one_request
    method()
  File "/Users/alex/Documents/CR_projects/phil_sycophancy/philsyc/serve_report.py", line 67, in do_GET
    return super().do_GET()
           ^^^^^^^^^^^^^^^^
  File "/Users/alex/.local/share/uv/python/cpython-3.12.14-macos-aarch64-none/lib/python3.12/http/server.py", line 680, in do_GET
    f = self.send_head()
        ^^^^^^^^^^^^^^^^
  File "/Users/alex/.local/share/uv/python/cpython-3.12.14-macos-aarch64-none/lib/python3.12/http/server.py", line 737, in send_head
    self.send_error(HTTPStatus.NOT_FOUND, "File not found")
  File "/Users/alex/.local/share/uv/python/cpython-3.12.14-macos-aarch64-none/lib/python3.12/http/server.py", line 470, in send_error
    self.log_error("code %d, message %s", code, message)
  File "/Users/alex/.local/share/uv/python/cpython-3.12.14-macos-aarch64-none/lib/python3.12/http/server.py", line 572, in log_error
    self.log_message(format, *args)
  File "/Users/alex/Documents/CR_projects/phil_sycophancy/philsyc/serve_report.py", line 42, in log_message
    if "/api/" in (args[0] if args else ""):
       ^^^^^^^^^^^^^^^^^^^^^^^^^^^^^^^^^^^^
TypeError: argument of type 'HTTPStatus' is not iterable
----------------------------------------
27/Sep/2026 10:38:54 - "GET /api/post_mtime HTTP/1.1" 200 -
----------------------------------------
Exception occurred during processing of request from ('127.0.0.1', 61481)
Traceback (most recent call last):
  File "/Users/alex/.local/share/uv/python/cpython-3.12.14-macos-aarch64-none/lib/python3.12/http/server.py", line 735, in send_head
    f = open(path, 'rb')
        ^^^^^^^^^^^^^^^^
FileNotFoundError: [Errno 2] No such file or directory: '/Users/alex/Documents/CR_projects/phil_sycophancy/results/favicon.ico'

During handling of the above exception, another exception occurred:

Traceback (most recent call last):
  File "/Users/alex/.local/share/uv/python/cpython-3.12.14-macos-aarch64-none/lib/python3.12/socketserver.py", line 697, in process_request_thread
    self.finish_request(request, client_address)
  File "/Users/alex/.local/share/uv/python/cpython-3.12.14-macos-aarch64-none/lib/python3.12/socketserver.py", line 362, in finish_request
    self.RequestHandlerClass(request, client_address, self)
  File "/Users/alex/.local/share/uv/python/cpython-3.12.14-macos-aarch64-none/lib/python3.12/http/server.py", line 676, in __init__
    super().__init__(*args, **kwargs)
  File "/Users/alex/.local/share/uv/python/cpython-3.12.14-macos-aarch64-none/lib/python3.12/socketserver.py", line 766, in __init__
    self.handle()
  File "/Users/alex/.local/share/uv/python/cpython-3.12.14-macos-aarch64-none/lib/python3.12/http/server.py", line 440, in handle
    self.handle_one_request()
  File "/Users/alex/.local/share/uv/python/cpython-3.12.14-macos-aarch64-none/lib/python3.12/http/server.py", line 428, in handle_one_request
    method()
  File "/Users/alex/Documents/CR_projects/phil_sycophancy/philsyc/serve_report.py", line 67, in do_GET
    return super().do_GET()
           ^^^^^^^^^^^^^^^^
  File "/Users/alex/.local/share/uv/python/cpython-3.12.14-macos-aarch64-none/lib/python3.12/http/server.py", line 680, in do_GET
    f = self.send_head()
        ^^^^^^^^^^^^^^^^
  File "/Users/alex/.local/share/uv/python/cpython-3.12.14-macos-aarch64-none/lib/python3.12/http/server.py", line 737, in send_head
    self.send_error(HTTPStatus.NOT_FOUND, "File not found")
  File "/Users/alex/.local/share/uv/python/cpython-3.12.14-macos-aarch64-none/lib/python3.12/http/server.py", line 470, in send_error
    self.log_error("code %d, message %s", code, message)
  File "/Users/alex/.local/share/uv/python/cpython-3.12.14-macos-aarch64-none/lib/python3.12/http/server.py", line 572, in log_error
    self.log_message(format, *args)
  File "/Users/alex/Documents/CR_projects/phil_sycophancy/philsyc/serve_report.py", line 42, in log_message
    if "/api/" in (args[0] if args else ""):
       ^^^^^^^^^^^^^^^^^^^^^^^^^^^^^^^^^^^^
TypeError: argument of type 'HTTPStatus' is not iterable
----------------------------------------
----------------------------------------
Exception occurred during processing of request from ('127.0.0.1', 61482)
Traceback (most recent call last):
  File "/Users/alex/.local/share/uv/python/cpython-3.12.14-macos-aarch64-none/lib/python3.12/http/server.py", line 735, in send_head
    f = open(path, 'rb')
        ^^^^^^^^^^^^^^^^
FileNotFoundError: [Errno 2] No such file or directory: '/Users/alex/Documents/CR_projects/phil_sycophancy/results/favicon.ico'

During handling of the above exception, another exception occurred:

Traceback (most recent call last):
  File "/Users/alex/.local/share/uv/python/cpython-3.12.14-macos-aarch64-none/lib/python3.12/socketserver.py", line 697, in process_request_thread
    self.finish_request(request, client_address)
  File "/Users/alex/.local/share/uv/python/cpython-3.12.14-macos-aarch64-none/lib/python3.12/socketserver.py", line 362, in finish_request
    self.RequestHandlerClass(request, client_address, self)
  File "/Users/alex/.local/share/uv/python/cpython-3.12.14-macos-aarch64-none/lib/python3.12/http/server.py", line 676, in __init__
    super().__init__(*args, **kwargs)
  File "/Users/alex/.local/share/uv/python/cpython-3.12.14-macos-aarch64-none/lib/python3.12/socketserver.py", line 766, in __init__
    self.handle()
  File "/Users/alex/.local/share/uv/python/cpython-3.12.14-macos-aarch64-none/lib/python3.12/http/server.py", line 440, in handle
    self.handle_one_request()
  File "/Users/alex/.local/share/uv/python/cpython-3.12.14-macos-aarch64-none/lib/python3.12/http/server.py", line 428, in handle_one_request
    method()
  File "/Users/alex/Documents/CR_projects/phil_sycophancy/philsyc/serve_report.py", line 67, in do_GET
    return super().do_GET()
           ^^^^^^^^^^^^^^^^
  File "/Users/alex/.local/share/uv/python/cpython-3.12.14-macos-aarch64-none/lib/python3.12/http/server.py", line 680, in do_GET
    f = self.send_head()
        ^^^^^^^^^^^^^^^^
  File "/Users/alex/.local/share/uv/python/cpython-3.12.14-macos-aarch64-none/lib/python3.12/http/server.py", line 737, in send_head
    self.send_error(HTTPStatus.NOT_FOUND, "File not found")
  File "/Users/alex/.local/share/uv/python/cpython-3.12.14-macos-aarch64-none/lib/python3.12/http/server.py", line 470, in send_error
    self.log_error("code %d, message %s", code, message)
  File "/Users/alex/.local/share/uv/python/cpython-3.12.14-macos-aarch64-none/lib/python3.12/http/server.py", line 572, in log_error
    self.log_message(format, *args)
  File "/Users/alex/Documents/CR_projects/phil_sycophancy/philsyc/serve_report.py", line 42, in log_message
    if "/api/" in (args[0] if args else ""):
       ^^^^^^^^^^^^^^^^^^^^^^^^^^^^^^^^^^^^
TypeError: argument of type 'HTTPStatus' is not iterable
----------------------------------------
27/Sep/2026 10:38:54 - "GET /api/post_mtime HTTP/1.1" 200 -
27/Sep/2026 10:38:56 - "GET /api/post_mtime HTTP/1.1" 200 -
27/Sep/2026 10:38:56 - "GET /api/post_mtime HTTP/1.1" 200 -
27/Sep/2026 10:38:57 - "GET /api/post_mtime HTTP/1.1" 200 -
27/Sep/2026 10:38:58 - "GET /api/post_mtime HTTP/1.1" 200 -
27/Sep/2026 10:38:59 - "GET /api/post_mtime HTTP/1.1" 200 -
27/Sep/2026 10:38:59 - "GET /api/post_mtime HTTP/1.1" 200 -
27/Sep/2026 10:39:00 - "GET /api/post_mtime HTTP/1.1" 200 -
27/Sep/2026 10:39:01 - "GET /api/post_mtime HTTP/1.1" 200 -
----------------------------------------
Exception occurred during processing of request from ('127.0.0.1', 61497)
Traceback (most recent call last):
  File "/Users/alex/.local/share/uv/python/cpython-3.12.14-macos-aarch64-none/lib/python3.12/http/server.py", line 735, in send_head
    f = open(path, 'rb')
        ^^^^^^^^^^^^^^^^
FileNotFoundError: [Errno 2] No such file or directory: '/Users/alex/Documents/CR_projects/phil_sycophancy/results/favicon.ico'

During handling of the above exception, another exception occurred:

Traceback (most recent call last):
  File "/Users/alex/.local/share/uv/python/cpython-3.12.14-macos-aarch64-none/lib/python3.12/socketserver.py", line 697, in process_request_thread
    self.finish_request(request, client_address)
  File "/Users/alex/.local/share/uv/python/cpython-3.12.14-macos-aarch64-none/lib/python3.12/socketserver.py", line 362, in finish_request
    self.RequestHandlerClass(request, client_address, self)
  File "/Users/alex/.local/share/uv/python/cpython-3.12.14-macos-aarch64-none/lib/python3.12/http/server.py", line 676, in __init__
    super().__init__(*args, **kwargs)
  File "/Users/alex/.local/share/uv/python/cpython-3.12.14-macos-aarch64-none/lib/python3.12/socketserver.py", line 766, in __init__
    self.handle()
  File "/Users/alex/.local/share/uv/python/cpython-3.12.14-macos-aarch64-none/lib/python3.12/http/server.py", line 440, in handle
    self.handle_one_request()
  File "/Users/alex/.local/share/uv/python/cpython-3.12.14-macos-aarch64-none/lib/python3.12/http/server.py", line 428, in handle_one_request
    method()
  File "/Users/alex/Documents/CR_projects/phil_sycophancy/philsyc/serve_report.py", line 67, in do_GET
    return super().do_GET()
           ^^^^^^^^^^^^^^^^
  File "/Users/alex/.local/share/uv/python/cpython-3.12.14-macos-aarch64-none/lib/python3.12/http/server.py", line 680, in do_GET
    f = self.send_head()
        ^^^^^^^^^^^^^^^^
  File "/Users/alex/.local/share/uv/python/cpython-3.12.14-macos-aarch64-none/lib/python3.12/http/server.py", line 737, in send_head
    self.send_error(HTTPStatus.NOT_FOUND, "File not found")
  File "/Users/alex/.local/share/uv/python/cpython-3.12.14-macos-aarch64-none/lib/python3.12/http/server.py", line 470, in send_error
    self.log_error("code %d, message %s", code, message)
  File "/Users/alex/.local/share/uv/python/cpython-3.12.14-macos-aarch64-none/lib/python3.12/http/server.py", line 572, in log_error
    self.log_message(format, *args)
  File "/Users/alex/Documents/CR_projects/phil_sycophancy/philsyc/serve_report.py", line 42, in log_message
    if "/api/" in (args[0] if args else ""):
       ^^^^^^^^^^^^^^^^^^^^^^^^^^^^^^^^^^^^
TypeError: argument of type 'HTTPStatus' is not iterable
----------------------------------------
----------------------------------------
Exception occurred during processing of request from ('127.0.0.1', 61498)
Traceback (most recent call last):
  File "/Users/alex/.local/share/uv/python/cpython-3.12.14-macos-aarch64-none/lib/python3.12/http/server.py", line 735, in send_head
    f = open(path, 'rb')
        ^^^^^^^^^^^^^^^^
FileNotFoundError: [Errno 2] No such file or directory: '/Users/alex/Documents/CR_projects/phil_sycophancy/results/favicon.ico'

During handling of the above exception, another exception occurred:

Traceback (most recent call last):
  File "/Users/alex/.local/share/uv/python/cpython-3.12.14-macos-aarch64-none/lib/python3.12/socketserver.py", line 697, in process_request_thread
    self.finish_request(request, client_address)
  File "/Users/alex/.local/share/uv/python/cpython-3.12.14-macos-aarch64-none/lib/python3.12/socketserver.py", line 362, in finish_request
    self.RequestHandlerClass(request, client_address, self)
  File "/Users/alex/.local/share/uv/python/cpython-3.12.14-macos-aarch64-none/lib/python3.12/http/server.py", line 676, in __init__
    super().__init__(*args, **kwargs)
  File "/Users/alex/.local/share/uv/python/cpython-3.12.14-macos-aarch64-none/lib/python3.12/socketserver.py", line 766, in __init__
    self.handle()
  File "/Users/alex/.local/share/uv/python/cpython-3.12.14-macos-aarch64-none/lib/python3.12/http/server.py", line 440, in handle
    self.handle_one_request()
  File "/Users/alex/.local/share/uv/python/cpython-3.12.14-macos-aarch64-none/lib/python3.12/http/server.py", line 428, in handle_one_request
    method()
  File "/Users/alex/Documents/CR_projects/phil_sycophancy/philsyc/serve_report.py", line 67, in do_GET
    return super().do_GET()
           ^^^^^^^^^^^^^^^^
  File "/Users/alex/.local/share/uv/python/cpython-3.12.14-macos-aarch64-none/lib/python3.12/http/server.py", line 680, in do_GET
    f = self.send_head()
        ^^^^^^^^^^^^^^^^
  File "/Users/alex/.local/share/uv/python/cpython-3.12.14-macos-aarch64-none/lib/python3.12/http/server.py", line 737, in send_head
    self.send_error(HTTPStatus.NOT_FOUND, "File not found")
  File "/Users/alex/.local/share/uv/python/cpython-3.12.14-macos-aarch64-none/lib/python3.12/http/server.py", line 470, in send_error
    self.log_error("code %d, message %s", code, message)
  File "/Users/alex/.local/share/uv/python/cpython-3.12.14-macos-aarch64-none/lib/python3.12/http/server.py", line 572, in log_error
    self.log_message(format, *args)
  File "/Users/alex/Documents/CR_projects/phil_sycophancy/philsyc/serve_report.py", line 42, in log_message
    if "/api/" in (args[0] if args else ""):
       ^^^^^^^^^^^^^^^^^^^^^^^^^^^^^^^^^^^^
TypeError: argument of type 'HTTPStatus' is not iterable
----------------------------------------
27/Sep/2026 10:39:02 - "GET /api/post_mtime HTTP/1.1" 200 -
----------------------------------------
Exception occurred during processing of request from ('127.0.0.1', 61501)
Traceback (most recent call last):
  File "/Users/alex/.local/share/uv/python/cpython-3.12.14-macos-aarch64-none/lib/python3.12/http/server.py", line 735, in send_head
    f = open(path, 'rb')
        ^^^^^^^^^^^^^^^^
FileNotFoundError: [Errno 2] No such file or directory: '/Users/alex/Documents/CR_projects/phil_sycophancy/results/favicon.ico'

During handling of the above exception, another exception occurred:

Traceback (most recent call last):
  File "/Users/alex/.local/share/uv/python/cpython-3.12.14-macos-aarch64-none/lib/python3.12/socketserver.py", line 697, in process_request_thread
    self.finish_request(request, client_address)
  File "/Users/alex/.local/share/uv/python/cpython-3.12.14-macos-aarch64-none/lib/python3.12/socketserver.py", line 362, in finish_request
    self.RequestHandlerClass(request, client_address, self)
  File "/Users/alex/.local/share/uv/python/cpython-3.12.14-macos-aarch64-none/lib/python3.12/http/server.py", line 676, in __init__
    super().__init__(*args, **kwargs)
  File "/Users/alex/.local/share/uv/python/cpython-3.12.14-macos-aarch64-none/lib/python3.12/socketserver.py", line 766, in __init__
    self.handle()
  File "/Users/alex/.local/share/uv/python/cpython-3.12.14-macos-aarch64-none/lib/python3.12/http/server.py", line 440, in handle
    self.handle_one_request()
  File "/Users/alex/.local/share/uv/python/cpython-3.12.14-macos-aarch64-none/lib/python3.12/http/server.py", line 428, in handle_one_request
    method()
  File "/Users/alex/Documents/CR_projects/phil_sycophancy/philsyc/serve_report.py", line 67, in do_GET
    return super().do_GET()
           ^^^^^^^^^^^^^^^^
  File "/Users/alex/.local/share/uv/python/cpython-3.12.14-macos-aarch64-none/lib/python3.12/http/server.py", line 680, in do_GET
    f = self.send_head()
        ^^^^^^^^^^^^^^^^
  File "/Users/alex/.local/share/uv/python/cpython-3.12.14-macos-aarch64-none/lib/python3.12/http/server.py", line 737, in send_head
    self.send_error(HTTPStatus.NOT_FOUND, "File not found")
  File "/Users/alex/.local/share/uv/python/cpython-3.12.14-macos-aarch64-none/lib/python3.12/http/server.py", line 470, in send_error
    self.log_error("code %d, message %s", code, message)
  File "/Users/alex/.local/share/uv/python/cpython-3.12.14-macos-aarch64-none/lib/python3.12/http/server.py", line 572, in log_error
    self.log_message(format, *args)
  File "/Users/alex/Documents/CR_projects/phil_sycophancy/philsyc/serve_report.py", line 42, in log_message
    if "/api/" in (args[0] if args else ""):
       ^^^^^^^^^^^^^^^^^^^^^^^^^^^^^^^^^^^^
TypeError: argument of type 'HTTPStatus' is not iterable
----------------------------------------
----------------------------------------
Exception occurred during processing of request from ('127.0.0.1', 61502)
Traceback (most recent call last):
  File "/Users/alex/.local/share/uv/python/cpython-3.12.14-macos-aarch64-none/lib/python3.12/http/server.py", line 735, in send_head
    f = open(path, 'rb')
        ^^^^^^^^^^^^^^^^
FileNotFoundError: [Errno 2] No such file or directory: '/Users/alex/Documents/CR_projects/phil_sycophancy/results/favicon.ico'

During handling of the above exception, another exception occurred:

Traceback (most recent call last):
  File "/Users/alex/.local/share/uv/python/cpython-3.12.14-macos-aarch64-none/lib/python3.12/socketserver.py", line 697, in process_request_thread
    self.finish_request(request, client_address)
  File "/Users/alex/.local/share/uv/python/cpython-3.12.14-macos-aarch64-none/lib/python3.12/socketserver.py", line 362, in finish_request
    self.RequestHandlerClass(request, client_address, self)
  File "/Users/alex/.local/share/uv/python/cpython-3.12.14-macos-aarch64-none/lib/python3.12/http/server.py", line 676, in __init__
    super().__init__(*args, **kwargs)
  File "/Users/alex/.local/share/uv/python/cpython-3.12.14-macos-aarch64-none/lib/python3.12/socketserver.py", line 766, in __init__
    self.handle()
  File "/Users/alex/.local/share/uv/python/cpython-3.12.14-macos-aarch64-none/lib/python3.12/http/server.py", line 440, in handle
    self.handle_one_request()
  File "/Users/alex/.local/share/uv/python/cpython-3.12.14-macos-aarch64-none/lib/python3.12/http/server.py", line 428, in handle_one_request
    method()
  File "/Users/alex/Documents/CR_projects/phil_sycophancy/philsyc/serve_report.py", line 67, in do_GET
    return super().do_GET()
           ^^^^^^^^^^^^^^^^
  File "/Users/alex/.local/share/uv/python/cpython-3.12.14-macos-aarch64-none/lib/python3.12/http/server.py", line 680, in do_GET
    f = self.send_head()
        ^^^^^^^^^^^^^^^^
  File "/Users/alex/.local/share/uv/python/cpython-3.12.14-macos-aarch64-none/lib/python3.12/http/server.py", line 737, in send_head
    self.send_error(HTTPStatus.NOT_FOUND, "File not found")
  File "/Users/alex/.local/share/uv/python/cpython-3.12.14-macos-aarch64-none/lib/python3.12/http/server.py", line 470, in send_error
    self.log_error("code %d, message %s", code, message)
  File "/Users/alex/.local/share/uv/python/cpython-3.12.14-macos-aarch64-none/lib/python3.12/http/server.py", line 572, in log_error
    self.log_message(format, *args)
  File "/Users/alex/Documents/CR_projects/phil_sycophancy/philsyc/serve_report.py", line 42, in log_message
    if "/api/" in (args[0] if args else ""):
       ^^^^^^^^^^^^^^^^^^^^^^^^^^^^^^^^^^^^
TypeError: argument of type 'HTTPStatus' is not iterable
----------------------------------------
27/Sep/2026 10:39:03 - "GET /api/post_mtime HTTP/1.1" 200 -
27/Sep/2026 10:39:03 - "GET /api/post_mtime HTTP/1.1" 200 -
27/Sep/2026 10:39:05 - "GET /api/post_mtime HTTP/1.1" 200 -
27/Sep/2026 10:39:05 - "GET /api/post_mtime HTTP/1.1" 200 -
27/Sep/2026 10:39:06 - "GET /api/post_mtime HTTP/1.1" 200 -
27/Sep/2026 10:39:06 - "GET /api/post_mtime HTTP/1.1" 200 -
27/Sep/2026 10:39:08 - "GET /api/post_mtime HTTP/1.1" 200 -
27/Sep/2026 10:39:08 - "GET /api/post_mtime HTTP/1.1" 200 -
----------------------------------------
Exception occurred during processing of request from ('127.0.0.1', 61520)
Traceback (most recent call last):
  File "/Users/alex/.local/share/uv/python/cpython-3.12.14-macos-aarch64-none/lib/python3.12/http/server.py", line 735, in send_head
    f = open(path, 'rb')
        ^^^^^^^^^^^^^^^^
FileNotFoundError: [Errno 2] No such file or directory: '/Users/alex/Documents/CR_projects/phil_sycophancy/results/favicon.ico'

During handling of the above exception, another exception occurred:

Traceback (most recent call last):
  File "/Users/alex/.local/share/uv/python/cpython-3.12.14-macos-aarch64-none/lib/python3.12/socketserver.py", line 697, in process_request_thread
    self.finish_request(request, client_address)
  File "/Users/alex/.local/share/uv/python/cpython-3.12.14-macos-aarch64-none/lib/python3.12/socketserver.py", line 362, in finish_request
    self.RequestHandlerClass(request, client_address, self)
  File "/Users/alex/.local/share/uv/python/cpython-3.12.14-macos-aarch64-none/lib/python3.12/http/server.py", line 676, in __init__
    super().__init__(*args, **kwargs)
  File "/Users/alex/.local/share/uv/python/cpython-3.12.14-macos-aarch64-none/lib/python3.12/socketserver.py", line 766, in __init__
    self.handle()
  File "/Users/alex/.local/share/uv/python/cpython-3.12.14-macos-aarch64-none/lib/python3.12/http/server.py", line 440, in handle
    self.handle_one_request()
  File "/Users/alex/.local/share/uv/python/cpython-3.12.14-macos-aarch64-none/lib/python3.12/http/server.py", line 428, in handle_one_request
    method()
  File "/Users/alex/Documents/CR_projects/phil_sycophancy/philsyc/serve_report.py", line 67, in do_GET
    return super().do_GET()
           ^^^^^^^^^^^^^^^^
  File "/Users/alex/.local/share/uv/python/cpython-3.12.14-macos-aarch64-none/lib/python3.12/http/server.py", line 680, in do_GET
    f = self.send_head()
        ^^^^^^^^^^^^^^^^
  File "/Users/alex/.local/share/uv/python/cpython-3.12.14-macos-aarch64-none/lib/python3.12/http/server.py", line 737, in send_head
    self.send_error(HTTPStatus.NOT_FOUND, "File not found")
  File "/Users/alex/.local/share/uv/python/cpython-3.12.14-macos-aarch64-none/lib/python3.12/http/server.py", line 470, in send_error
    self.log_error("code %d, message %s", code, message)
  File "/Users/alex/.local/share/uv/python/cpython-3.12.14-macos-aarch64-none/lib/python3.12/http/server.py", line 572, in log_error
    self.log_message(format, *args)
  File "/Users/alex/Documents/CR_projects/phil_sycophancy/philsyc/serve_report.py", line 42, in log_message
    if "/api/" in (args[0] if args else ""):
       ^^^^^^^^^^^^^^^^^^^^^^^^^^^^^^^^^^^^
TypeError: argument of type 'HTTPStatus' is not iterable
----------------------------------------
----------------------------------------
Exception occurred during processing of request from ('127.0.0.1', 61521)
Traceback (most recent call last):
  File "/Users/alex/.local/share/uv/python/cpython-3.12.14-macos-aarch64-none/lib/python3.12/http/server.py", line 735, in send_head
    f = open(path, 'rb')
        ^^^^^^^^^^^^^^^^
FileNotFoundError: [Errno 2] No such file or directory: '/Users/alex/Documents/CR_projects/phil_sycophancy/results/favicon.ico'

During handling of the above exception, another exception occurred:

Traceback (most recent call last):
  File "/Users/alex/.local/share/uv/python/cpython-3.12.14-macos-aarch64-none/lib/python3.12/socketserver.py", line 697, in process_request_thread
    self.finish_request(request, client_address)
  File "/Users/alex/.local/share/uv/python/cpython-3.12.14-macos-aarch64-none/lib/python3.12/socketserver.py", line 362, in finish_request
    self.RequestHandlerClass(request, client_address, self)
  File "/Users/alex/.local/share/uv/python/cpython-3.12.14-macos-aarch64-none/lib/python3.12/http/server.py", line 676, in __init__
    super().__init__(*args, **kwargs)
  File "/Users/alex/.local/share/uv/python/cpython-3.12.14-macos-aarch64-none/lib/python3.12/socketserver.py", line 766, in __init__
    self.handle()
  File "/Users/alex/.local/share/uv/python/cpython-3.12.14-macos-aarch64-none/lib/python3.12/http/server.py", line 440, in handle
    self.handle_one_request()
  File "/Users/alex/.local/share/uv/python/cpython-3.12.14-macos-aarch64-none/lib/python3.12/http/server.py", line 428, in handle_one_request
    method()
  File "/Users/alex/Documents/CR_projects/phil_sycophancy/philsyc/serve_report.py", line 67, in do_GET
    return super().do_GET()
           ^^^^^^^^^^^^^^^^
  File "/Users/alex/.local/share/uv/python/cpython-3.12.14-macos-aarch64-none/lib/python3.12/http/server.py", line 680, in do_GET
    f = self.send_head()
        ^^^^^^^^^^^^^^^^
  File "/Users/alex/.local/share/uv/python/cpython-3.12.14-macos-aarch64-none/lib/python3.12/http/server.py", line 737, in send_head
    self.send_error(HTTPStatus.NOT_FOUND, "File not found")
  File "/Users/alex/.local/share/uv/python/cpython-3.12.14-macos-aarch64-none/lib/python3.12/http/server.py", line 470, in send_error
    self.log_error("code %d, message %s", code, message)
  File "/Users/alex/.local/share/uv/python/cpython-3.12.14-macos-aarch64-none/lib/python3.12/http/server.py", line 572, in log_error
    self.log_message(format, *args)
  File "/Users/alex/Documents/CR_projects/phil_sycophancy/philsyc/serve_report.py", line 42, in log_message
    if "/api/" in (args[0] if args else ""):
       ^^^^^^^^^^^^^^^^^^^^^^^^^^^^^^^^^^^^
TypeError: argument of type 'HTTPStatus' is not iterable
----------------------------------------
27/Sep/2026 10:39:09 - "GET /api/post_mtime HTTP/1.1" 200 -
27/Sep/2026 10:39:10 - "GET /api/post_mtime HTTP/1.1" 200 -
27/Sep/2026 10:39:11 - "GET /api/post_mtime HTTP/1.1" 200 -
27/Sep/2026 10:39:12 - "GET /api/post_mtime HTTP/1.1" 200 -
27/Sep/2026 10:39:12 - "GET /api/post_mtime HTTP/1.1" 200 -
27/Sep/2026 10:39:13 - "GET /api/post_mtime HTTP/1.1" 200 -
27/Sep/2026 10:39:14 - "GET /api/post_mtime HTTP/1.1" 200 -
27/Sep/2026 10:39:15 - "GET /api/post_mtime HTTP/1.1" 200 -
27/Sep/2026 10:39:15 - "GET /api/post_mtime HTTP/1.1" 200 -
27/Sep/2026 10:39:16 - "GET /api/post_mtime HTTP/1.1" 200 -
27/Sep/2026 10:39:17 - "GET /api/post_mtime HTTP/1.1" 200 -
27/Sep/2026 10:39:18 - "GET /api/post_mtime HTTP/1.1" 200 -
27/Sep/2026 10:39:18 - "GET /api/post_mtime HTTP/1.1" 200 -
27/Sep/2026 10:39:19 - "GET /api/post_mtime HTTP/1.1" 200 -
27/Sep/2026 10:39:20 - "GET /api/post_mtime HTTP/1.1" 200 -
27/Sep/2026 10:39:21 - "GET /api/post_mtime HTTP/1.1" 200 -
27/Sep/2026 10:39:21 - "GET /api/post_mtime HTTP/1.1" 200 -
27/Sep/2026 10:39:22 - "GET /api/post_mtime HTTP/1.1" 200 -
27/Sep/2026 10:39:23 - "GET /api/post_mtime HTTP/1.1" 200 -
27/Sep/2026 10:39:24 - "GET /api/post_mtime HTTP/1.1" 200 -
27/Sep/2026 10:39:24 - "GET /api/post_mtime HTTP/1.1" 200 -
27/Sep/2026 10:39:25 - "GET /api/post_mtime HTTP/1.1" 200 -
27/Sep/2026 10:39:26 - "GET /api/post_mtime HTTP/1.1" 200 -
27/Sep/2026 10:39:27 - "GET /api/post_mtime HTTP/1.1" 200 -
----------------------------------------
Exception occurred during processing of request from ('127.0.0.1', 61549)
Traceback (most recent call last):
  File "/Users/alex/.local/share/uv/python/cpython-3.12.14-macos-aarch64-none/lib/python3.12/http/server.py", line 735, in send_head
    f = open(path, 'rb')
        ^^^^^^^^^^^^^^^^
FileNotFoundError: [Errno 2] No such file or directory: '/Users/alex/Documents/CR_projects/phil_sycophancy/results/favicon.ico'

During handling of the above exception, another exception occurred:

Traceback (most recent call last):
  File "/Users/alex/.local/share/uv/python/cpython-3.12.14-macos-aarch64-none/lib/python3.12/socketserver.py", line 697, in process_request_thread
    self.finish_request(request, client_address)
  File "/Users/alex/.local/share/uv/python/cpython-3.12.14-macos-aarch64-none/lib/python3.12/socketserver.py", line 362, in finish_request
    self.RequestHandlerClass(request, client_address, self)
  File "/Users/alex/.local/share/uv/python/cpython-3.12.14-macos-aarch64-none/lib/python3.12/http/server.py", line 676, in __init__
    super().__init__(*args, **kwargs)
  File "/Users/alex/.local/share/uv/python/cpython-3.12.14-macos-aarch64-none/lib/python3.12/socketserver.py", line 766, in __init__
    self.handle()
  File "/Users/alex/.local/share/uv/python/cpython-3.12.14-macos-aarch64-none/lib/python3.12/http/server.py", line 440, in handle
    self.handle_one_request()
  File "/Users/alex/.local/share/uv/python/cpython-3.12.14-macos-aarch64-none/lib/python3.12/http/server.py", line 428, in handle_one_request
    method()
  File "/Users/alex/Documents/CR_projects/phil_sycophancy/philsyc/serve_report.py", line 67, in do_GET
    return super().do_GET()
           ^^^^^^^^^^^^^^^^
  File "/Users/alex/.local/share/uv/python/cpython-3.12.14-macos-aarch64-none/lib/python3.12/http/server.py", line 680, in do_GET
    f = self.send_head()
        ^^^^^^^^^^^^^^^^
  File "/Users/alex/.local/share/uv/python/cpython-3.12.14-macos-aarch64-none/lib/python3.12/http/server.py", line 737, in send_head
    self.send_error(HTTPStatus.NOT_FOUND, "File not found")
  File "/Users/alex/.local/share/uv/python/cpython-3.12.14-macos-aarch64-none/lib/python3.12/http/server.py", line 470, in send_error
    self.log_error("code %d, message %s", code, message)
  File "/Users/alex/.local/share/uv/python/cpython-3.12.14-macos-aarch64-none/lib/python3.12/http/server.py", line 572, in log_error
    self.log_message(format, *args)
  File "/Users/alex/Documents/CR_projects/phil_sycophancy/philsyc/serve_report.py", line 42, in log_message
    if "/api/" in (args[0] if args else ""):
       ^^^^^^^^^^^^^^^^^^^^^^^^^^^^^^^^^^^^
TypeError: argument of type 'HTTPStatus' is not iterable
----------------------------------------
----------------------------------------
Exception occurred during processing of request from ('127.0.0.1', 61550)
Traceback (most recent call last):
  File "/Users/alex/.local/share/uv/python/cpython-3.12.14-macos-aarch64-none/lib/python3.12/http/server.py", line 735, in send_head
    f = open(path, 'rb')
        ^^^^^^^^^^^^^^^^
FileNotFoundError: [Errno 2] No such file or directory: '/Users/alex/Documents/CR_projects/phil_sycophancy/results/favicon.ico'

During handling of the above exception, another exception occurred:

Traceback (most recent call last):
  File "/Users/alex/.local/share/uv/python/cpython-3.12.14-macos-aarch64-none/lib/python3.12/socketserver.py", line 697, in process_request_thread
    self.finish_request(request, client_address)
  File "/Users/alex/.local/share/uv/python/cpython-3.12.14-macos-aarch64-none/lib/python3.12/socketserver.py", line 362, in finish_request
    self.RequestHandlerClass(request, client_address, self)
  File "/Users/alex/.local/share/uv/python/cpython-3.12.14-macos-aarch64-none/lib/python3.12/http/server.py", line 676, in __init__
    super().__init__(*args, **kwargs)
  File "/Users/alex/.local/share/uv/python/cpython-3.12.14-macos-aarch64-none/lib/python3.12/socketserver.py", line 766, in __init__
    self.handle()
  File "/Users/alex/.local/share/uv/python/cpython-3.12.14-macos-aarch64-none/lib/python3.12/http/server.py", line 440, in handle
    self.handle_one_request()
  File "/Users/alex/.local/share/uv/python/cpython-3.12.14-macos-aarch64-none/lib/python3.12/http/server.py", line 428, in handle_one_request
    method()
  File "/Users/alex/Documents/CR_projects/phil_sycophancy/philsyc/serve_report.py", line 67, in do_GET
    return super().do_GET()
           ^^^^^^^^^^^^^^^^
  File "/Users/alex/.local/share/uv/python/cpython-3.12.14-macos-aarch64-none/lib/python3.12/http/server.py", line 680, in do_GET
    f = self.send_head()
        ^^^^^^^^^^^^^^^^
  File "/Users/alex/.local/share/uv/python/cpython-3.12.14-macos-aarch64-none/lib/python3.12/http/server.py", line 737, in send_head
    self.send_error(HTTPStatus.NOT_FOUND, "File not found")
  File "/Users/alex/.local/share/uv/python/cpython-3.12.14-macos-aarch64-none/lib/python3.12/http/server.py", line 470, in send_error
    self.log_error("code %d, message %s", code, message)
  File "/Users/alex/.local/share/uv/python/cpython-3.12.14-macos-aarch64-none/lib/python3.12/http/server.py", line 572, in log_error
    self.log_message(format, *args)
  File "/Users/alex/Documents/CR_projects/phil_sycophancy/philsyc/serve_report.py", line 42, in log_message
    if "/api/" in (args[0] if args else ""):
       ^^^^^^^^^^^^^^^^^^^^^^^^^^^^^^^^^^^^
TypeError: argument of type 'HTTPStatus' is not iterable
----------------------------------------
27/Sep/2026 10:39:27 - "GET /api/post_mtime HTTP/1.1" 200 -
----------------------------------------
Exception occurred during processing of request from ('127.0.0.1', 61553)
Traceback (most recent call last):
  File "/Users/alex/.local/share/uv/python/cpython-3.12.14-macos-aarch64-none/lib/python3.12/http/server.py", line 735, in send_head
    f = open(path, 'rb')
        ^^^^^^^^^^^^^^^^
FileNotFoundError: [Errno 2] No such file or directory: '/Users/alex/Documents/CR_projects/phil_sycophancy/results/favicon.ico'

During handling of the above exception, another exception occurred:

Traceback (most recent call last):
  File "/Users/alex/.local/share/uv/python/cpython-3.12.14-macos-aarch64-none/lib/python3.12/socketserver.py", line 697, in process_request_thread
    self.finish_request(request, client_address)
  File "/Users/alex/.local/share/uv/python/cpython-3.12.14-macos-aarch64-none/lib/python3.12/socketserver.py", line 362, in finish_request
    self.RequestHandlerClass(request, client_address, self)
  File "/Users/alex/.local/share/uv/python/cpython-3.12.14-macos-aarch64-none/lib/python3.12/http/server.py", line 676, in __init__
    super().__init__(*args, **kwargs)
  File "/Users/alex/.local/share/uv/python/cpython-3.12.14-macos-aarch64-none/lib/python3.12/socketserver.py", line 766, in __init__
    self.handle()
  File "/Users/alex/.local/share/uv/python/cpython-3.12.14-macos-aarch64-none/lib/python3.12/http/server.py", line 440, in handle
    self.handle_one_request()
  File "/Users/alex/.local/share/uv/python/cpython-3.12.14-macos-aarch64-none/lib/python3.12/http/server.py", line 428, in handle_one_request
    method()
  File "/Users/alex/Documents/CR_projects/phil_sycophancy/philsyc/serve_report.py", line 67, in do_GET
    return super().do_GET()
           ^^^^^^^^^^^^^^^^
  File "/Users/alex/.local/share/uv/python/cpython-3.12.14-macos-aarch64-none/lib/python3.12/http/server.py", line 680, in do_GET
    f = self.send_head()
        ^^^^^^^^^^^^^^^^
  File "/Users/alex/.local/share/uv/python/cpython-3.12.14-macos-aarch64-none/lib/python3.12/http/server.py", line 737, in send_head
    self.send_error(HTTPStatus.NOT_FOUND, "File not found")
  File "/Users/alex/.local/share/uv/python/cpython-3.12.14-macos-aarch64-none/lib/python3.12/http/server.py", line 470, in send_error
    self.log_error("code %d, message %s", code, message)
  File "/Users/alex/.local/share/uv/python/cpython-3.12.14-macos-aarch64-none/lib/python3.12/http/server.py", line 572, in log_error
    self.log_message(format, *args)
  File "/Users/alex/Documents/CR_projects/phil_sycophancy/philsyc/serve_report.py", line 42, in log_message
    if "/api/" in (args[0] if args else ""):
       ^^^^^^^^^^^^^^^^^^^^^^^^^^^^^^^^^^^^
TypeError: argument of type 'HTTPStatus' is not iterable
----------------------------------------
----------------------------------------
Exception occurred during processing of request from ('127.0.0.1', 61554)
Traceback (most recent call last):
  File "/Users/alex/.local/share/uv/python/cpython-3.12.14-macos-aarch64-none/lib/python3.12/http/server.py", line 735, in send_head
    f = open(path, 'rb')
        ^^^^^^^^^^^^^^^^
FileNotFoundError: [Errno 2] No such file or directory: '/Users/alex/Documents/CR_projects/phil_sycophancy/results/favicon.ico'

During handling of the above exception, another exception occurred:

Traceback (most recent call last):
  File "/Users/alex/.local/share/uv/python/cpython-3.12.14-macos-aarch64-none/lib/python3.12/socketserver.py", line 697, in process_request_thread
    self.finish_request(request, client_address)
  File "/Users/alex/.local/share/uv/python/cpython-3.12.14-macos-aarch64-none/lib/python3.12/socketserver.py", line 362, in finish_request
    self.RequestHandlerClass(request, client_address, self)
  File "/Users/alex/.local/share/uv/python/cpython-3.12.14-macos-aarch64-none/lib/python3.12/http/server.py", line 676, in __init__
    super().__init__(*args, **kwargs)
  File "/Users/alex/.local/share/uv/python/cpython-3.12.14-macos-aarch64-none/lib/python3.12/socketserver.py", line 766, in __init__
    self.handle()
  File "/Users/alex/.local/share/uv/python/cpython-3.12.14-macos-aarch64-none/lib/python3.12/http/server.py", line 440, in handle
    self.handle_one_request()
  File "/Users/alex/.local/share/uv/python/cpython-3.12.14-macos-aarch64-none/lib/python3.12/http/server.py", line 428, in handle_one_request
    method()
  File "/Users/alex/Documents/CR_projects/phil_sycophancy/philsyc/serve_report.py", line 67, in do_GET
    return super().do_GET()
           ^^^^^^^^^^^^^^^^
  File "/Users/alex/.local/share/uv/python/cpython-3.12.14-macos-aarch64-none/lib/python3.12/http/server.py", line 680, in do_GET
    f = self.send_head()
        ^^^^^^^^^^^^^^^^
  File "/Users/alex/.local/share/uv/python/cpython-3.12.14-macos-aarch64-none/lib/python3.12/http/server.py", line 737, in send_head
    self.send_error(HTTPStatus.NOT_FOUND, "File not found")
  File "/Users/alex/.local/share/uv/python/cpython-3.12.14-macos-aarch64-none/lib/python3.12/http/server.py", line 470, in send_error
    self.log_error("code %d, message %s", code, message)
  File "/Users/alex/.local/share/uv/python/cpython-3.12.14-macos-aarch64-none/lib/python3.12/http/server.py", line 572, in log_error
    self.log_message(format, *args)
  File "/Users/alex/Documents/CR_projects/phil_sycophancy/philsyc/serve_report.py", line 42, in log_message
    if "/api/" in (args[0] if args else ""):
       ^^^^^^^^^^^^^^^^^^^^^^^^^^^^^^^^^^^^
TypeError: argument of type 'HTTPStatus' is not iterable
----------------------------------------
27/Sep/2026 10:39:29 - "GET /api/post_mtime HTTP/1.1" 200 -
27/Sep/2026 10:39:29 - "GET /api/post_mtime HTTP/1.1" 200 -
27/Sep/2026 10:39:30 - "GET /api/post_mtime HTTP/1.1" 200 -
27/Sep/2026 10:39:31 - "GET /api/post_mtime HTTP/1.1" 200 -
27/Sep/2026 10:39:32 - "GET /api/post_mtime HTTP/1.1" 200 -
27/Sep/2026 10:39:32 - "GET /api/post_mtime HTTP/1.1" 200 -
27/Sep/2026 10:39:33 - "GET /api/post_mtime HTTP/1.1" 200 -
27/Sep/2026 10:39:34 - "GET /api/post_mtime HTTP/1.1" 200 -
27/Sep/2026 10:39:35 - "GET /api/post_mtime HTTP/1.1" 200 -
27/Sep/2026 10:39:35 - "GET /api/post_mtime HTTP/1.1" 200 -
27/Sep/2026 10:39:36 - "GET /api/post_mtime HTTP/1.1" 200 -
27/Sep/2026 10:39:37 - "GET /api/post_mtime HTTP/1.1" 200 -
27/Sep/2026 10:39:38 - "GET /api/post_mtime HTTP/1.1" 200 -
27/Sep/2026 10:39:38 - "GET /api/post_mtime HTTP/1.1" 200 -
27/Sep/2026 10:39:39 - "GET /api/post_mtime HTTP/1.1" 200 -
27/Sep/2026 10:39:40 - "GET /api/post_mtime HTTP/1.1" 200 -
27/Sep/2026 10:39:41 - "GET /api/post_mtime HTTP/1.1" 200 -
27/Sep/2026 10:39:41 - "GET /api/post_mtime HTTP/1.1" 200 -
27/Sep/2026 10:39:42 - "GET /api/post_mtime HTTP/1.1" 200 -
27/Sep/2026 10:39:43 - "GET /api/post_mtime HTTP/1.1" 200 -
27/Sep/2026 10:39:44 - "GET /api/post_mtime HTTP/1.1" 200 -
27/Sep/2026 10:39:44 - "GET /api/post_mtime HTTP/1.1" 200 -
27/Sep/2026 10:39:45 - "GET /api/post_mtime HTTP/1.1" 200 -
27/Sep/2026 10:39:46 - "GET /api/post_mtime HTTP/1.1" 200 -
27/Sep/2026 10:39:47 - "GET /api/post_mtime HTTP/1.1" 200 -
27/Sep/2026 10:39:47 - "GET /api/post_mtime HTTP/1.1" 200 -
27/Sep/2026 10:39:48 - "GET /api/post_mtime HTTP/1.1" 200 -
27/Sep/2026 10:39:49 - "GET /api/post_mtime HTTP/1.1" 200 -
27/Sep/2026 10:39:50 - "GET /api/post_mtime HTTP/1.1" 200 -
27/Sep/2026 10:39:50 - "GET /api/post_mtime HTTP/1.1" 200 -
27/Sep/2026 10:39:51 - "GET /api/post_mtime HTTP/1.1" 200 -
27/Sep/2026 10:39:52 - "GET /api/post_mtime HTTP/1.1" 200 -
27/Sep/2026 10:39:53 - "GET /api/post_mtime HTTP/1.1" 200 -
27/Sep/2026 10:39:53 - "GET /api/post_mtime HTTP/1.1" 200 -
27/Sep/2026 10:39:54 - "GET /api/post_mtime HTTP/1.1" 200 -
27/Sep/2026 10:39:55 - "GET /api/post_mtime HTTP/1.1" 200 -
27/Sep/2026 10:39:56 - "GET /api/post_mtime HTTP/1.1" 200 -
27/Sep/2026 10:39:56 - "GET /api/post_mtime HTTP/1.1" 200 -
27/Sep/2026 10:39:57 - "GET /api/post_mtime HTTP/1.1" 200 -
27/Sep/2026 10:39:58 - "GET /api/post_mtime HTTP/1.1" 200 -
27/Sep/2026 10:39:59 - "GET /api/post_mtime HTTP/1.1" 200 -
27/Sep/2026 10:39:59 - "GET /api/post_mtime HTTP/1.1" 200 -
27/Sep/2026 10:40:00 - "GET /api/post_mtime HTTP/1.1" 200 -
27/Sep/2026 10:40:01 - "GET /api/post_mtime HTTP/1.1" 200 -
27/Sep/2026 10:40:02 - "GET /api/post_mtime HTTP/1.1" 200 -
27/Sep/2026 10:40:02 - "GET /api/post_mtime HTTP/1.1" 200 -
27/Sep/2026 10:40:03 - "GET /api/post_mtime HTTP/1.1" 200 -
27/Sep/2026 10:40:04 - "GET /api/post_mtime HTTP/1.1" 200 -
27/Sep/2026 10:40:05 - "GET /api/post_mtime HTTP/1.1" 200 -
27/Sep/2026 10:40:05 - "GET /api/post_mtime HTTP/1.1" 200 -
27/Sep/2026 10:40:06 - "GET /api/post_mtime HTTP/1.1" 200 -
27/Sep/2026 10:40:07 - "GET /api/post_mtime HTTP/1.1" 200 -
27/Sep/2026 10:40:08 - "GET /api/post_mtime HTTP/1.1" 200 -
27/Sep/2026 10:40:08 - "GET /api/post_mtime HTTP/1.1" 200 -
27/Sep/2026 10:40:09 - "GET /api/post_mtime HTTP/1.1" 200 -
27/Sep/2026 10:40:10 - "GET /api/post_mtime HTTP/1.1" 200 -
27/Sep/2026 10:40:11 - "GET /api/post_mtime HTTP/1.1" 200 -
27/Sep/2026 10:40:11 - "GET /api/post_mtime HTTP/1.1" 200 -
27/Sep/2026 10:40:12 - "GET /api/post_mtime HTTP/1.1" 200 -
27/Sep/2026 10:40:13 - "GET /api/post_mtime HTTP/1.1" 200 -
27/Sep/2026 10:40:14 - "GET /api/post_mtime HTTP/1.1" 200 -
27/Sep/2026 10:40:14 - "GET /api/post_mtime HTTP/1.1" 200 -
27/Sep/2026 10:40:15 - "GET /api/post_mtime HTTP/1.1" 200 -
27/Sep/2026 10:40:16 - "GET /api/post_mtime HTTP/1.1" 200 -
27/Sep/2026 10:40:17 - "GET /api/post_mtime HTTP/1.1" 200 -
27/Sep/2026 10:40:17 - "GET /api/post_mtime HTTP/1.1" 200 -
27/Sep/2026 10:40:18 - "GET /api/post_mtime HTTP/1.1" 200 -
27/Sep/2026 10:40:19 - "GET /api/post_mtime HTTP/1.1" 200 -
27/Sep/2026 10:40:20 - "GET /api/post_mtime HTTP/1.1" 200 -
27/Sep/2026 10:40:20 - "GET /api/post_mtime HTTP/1.1" 200 -
27/Sep/2026 10:40:21 - "GET /api/post_mtime HTTP/1.1" 200 -
27/Sep/2026 10:40:22 - "GET /api/post_mtime HTTP/1.1" 200 -
27/Sep/2026 10:40:23 - "GET /api/post_mtime HTTP/1.1" 200 -
27/Sep/2026 10:40:23 - "GET /api/post_mtime HTTP/1.1" 200 -
27/Sep/2026 10:40:24 - "GET /api/post_mtime HTTP/1.1" 200 -
27/Sep/2026 10:40:25 - "GET /api/post_mtime HTTP/1.1" 200 -
27/Sep/2026 10:40:26 - "GET /api/post_mtime HTTP/1.1" 200 -
27/Sep/2026 10:40:26 - "GET /api/post_mtime HTTP/1.1" 200 -
27/Sep/2026 10:40:27 - "GET /api/post_mtime HTTP/1.1" 200 -
27/Sep/2026 10:40:29 - "GET /api/post_mtime HTTP/1.1" 200 -
27/Sep/2026 10:40:30 - "GET /api/post_mtime HTTP/1.1" 200 -
27/Sep/2026 10:40:32 - "GET /api/post_mtime HTTP/1.1" 200 -
27/Sep/2026 10:40:33 - "GET /api/post_mtime HTTP/1.1" 200 -
27/Sep/2026 10:40:35 - "GET /api/post_mtime HTTP/1.1" 200 -
27/Sep/2026 10:40:36 - "GET /api/post_mtime HTTP/1.1" 200 -
27/Sep/2026 10:40:37 - "GET /api/post_mtime HTTP/1.1" 200 -
27/Sep/2026 10:40:38 - "GET /api/post_mtime HTTP/1.1" 200 -
27/Sep/2026 10:40:39 - "GET /api/post_mtime HTTP/1.1" 200 -
27/Sep/2026 10:40:41 - "GET /api/post_mtime HTTP/1.1" 200 -
27/Sep/2026 10:40:42 - "GET /api/post_mtime HTTP/1.1" 200 -
27/Sep/2026 10:40:44 - "GET /api/post_mtime HTTP/1.1" 200 -
27/Sep/2026 10:40:45 - "GET /api/post_mtime HTTP/1.1" 200 -
27/Sep/2026 10:40:47 - "GET /api/post_mtime HTTP/1.1" 200 -
27/Sep/2026 10:40:48 - "GET /api/post_mtime HTTP/1.1" 200 -
27/Sep/2026 10:40:50 - "GET /api/post_mtime HTTP/1.1" 200 -
27/Sep/2026 10:40:51 - "GET /api/post_mtime HTTP/1.1" 200 -
27/Sep/2026 10:40:53 - "GET /api/post_mtime HTTP/1.1" 200 -
27/Sep/2026 10:40:54 - "GET /api/post_mtime HTTP/1.1" 200 -
27/Sep/2026 10:40:56 - "GET /api/post_mtime HTTP/1.1" 200 -
27/Sep/2026 10:40:57 - "GET /api/post_mtime HTTP/1.1" 200 -
27/Sep/2026 10:40:59 - "GET /api/post_mtime HTTP/1.1" 200 -
27/Sep/2026 10:41:00 - "GET /api/post_mtime HTTP/1.1" 200 -
27/Sep/2026 10:41:02 - "GET /api/post_mtime HTTP/1.1" 200 -
27/Sep/2026 10:41:03 - "GET /api/post_mtime HTTP/1.1" 200 -
27/Sep/2026 10:41:05 - "GET /api/post_mtime HTTP/1.1" 200 -
27/Sep/2026 10:41:06 - "GET /api/post_mtime HTTP/1.1" 200 -
27/Sep/2026 10:41:08 - "GET /api/post_mtime HTTP/1.1" 200 -
27/Sep/2026 10:41:09 - "GET /api/post_mtime HTTP/1.1" 200 -
27/Sep/2026 10:41:11 - "GET /api/post_mtime HTTP/1.1" 200 -
27/Sep/2026 10:41:12 - "GET /api/post_mtime HTTP/1.1" 200 -
27/Sep/2026 10:41:14 - "GET /api/post_mtime HTTP/1.1" 200 -
27/Sep/2026 10:41:15 - "GET /api/post_mtime HTTP/1.1" 200 -
27/Sep/2026 10:41:17 - "GET /api/post_mtime HTTP/1.1" 200 -
27/Sep/2026 10:41:18 - "GET /api/post_mtime HTTP/1.1" 200 -
27/Sep/2026 10:41:20 - "GET /api/post_mtime HTTP/1.1" 200 -
27/Sep/2026 10:41:21 - "GET /api/post_mtime HTTP/1.1" 200 -
27/Sep/2026 10:41:23 - "GET /api/post_mtime HTTP/1.1" 200 -
27/Sep/2026 10:41:24 - "GET /api/post_mtime HTTP/1.1" 200 -
27/Sep/2026 10:41:26 - "GET /api/post_mtime HTTP/1.1" 200 -
27/Sep/2026 10:41:27 - "GET /api/post_mtime HTTP/1.1" 200 -
27/Sep/2026 10:41:29 - "GET /api/post_mtime HTTP/1.1" 200 -
27/Sep/2026 10:41:30 - "GET /api/post_mtime HTTP/1.1" 200 -
27/Sep/2026 10:41:32 - "GET /api/post_mtime HTTP/1.1" 200 -
27/Sep/2026 10:41:33 - "GET /api/post_mtime HTTP/1.1" 200 -
27/Sep/2026 10:41:35 - "GET /api/post_mtime HTTP/1.1" 200 -
27/Sep/2026 10:41:36 - "GET /api/post_mtime HTTP/1.1" 200 -
27/Sep/2026 10:41:37 - "GET /api/post_mtime HTTP/1.1" 200 -
27/Sep/2026 10:41:38 - "GET /api/post_mtime HTTP/1.1" 200 -
27/Sep/2026 10:41:39 - "GET /api/post_mtime HTTP/1.1" 200 -
27/Sep/2026 10:41:41 - "GET /api/post_mtime HTTP/1.1" 200 -
27/Sep/2026 10:41:42 - "GET /api/post_mtime HTTP/1.1" 200 -
27/Sep/2026 10:41:44 - "GET /api/post_mtime HTTP/1.1" 200 -
27/Sep/2026 10:41:45 - "GET /api/post_mtime HTTP/1.1" 200 -
27/Sep/2026 10:41:47 - "GET /api/post_mtime HTTP/1.1" 200 -
27/Sep/2026 10:41:48 - "GET /api/post_mtime HTTP/1.1" 200 -
27/Sep/2026 10:41:50 - "GET /api/post_mtime HTTP/1.1" 200 -
27/Sep/2026 10:41:51 - "GET /api/post_mtime HTTP/1.1" 200 -
27/Sep/2026 10:41:53 - "GET /api/post_mtime HTTP/1.1" 200 -
27/Sep/2026 10:41:54 - "GET /api/post_mtime HTTP/1.1" 200 -
27/Sep/2026 10:41:56 - "GET /api/post_mtime HTTP/1.1" 200 -
27/Sep/2026 10:41:57 - "GET /api/post_mtime HTTP/1.1" 200 -
27/Sep/2026 10:41:59 - "GET /api/post_mtime HTTP/1.1" 200 -
27/Sep/2026 10:42:00 - "GET /api/post_mtime HTTP/1.1" 200 -
27/Sep/2026 10:42:02 - "GET /api/post_mtime HTTP/1.1" 200 -
27/Sep/2026 10:42:03 - "GET /api/post_mtime HTTP/1.1" 200 -
27/Sep/2026 10:42:05 - "GET /api/post_mtime HTTP/1.1" 200 -
27/Sep/2026 10:42:06 - "GET /api/post_mtime HTTP/1.1" 200 -
27/Sep/2026 10:42:08 - "GET /api/post_mtime HTTP/1.1" 200 -
----------------------------------------
Exception occurred during processing of request from ('127.0.0.1', 61783)
Traceback (most recent call last):
  File "/Users/alex/.local/share/uv/python/cpython-3.12.14-macos-aarch64-none/lib/python3.12/http/server.py", line 735, in send_head
    f = open(path, 'rb')
        ^^^^^^^^^^^^^^^^
FileNotFoundError: [Errno 2] No such file or directory: '/Users/alex/Documents/CR_projects/phil_sycophancy/results/favicon.ico'

During handling of the above exception, another exception occurred:

Traceback (most recent call last):
  File "/Users/alex/.local/share/uv/python/cpython-3.12.14-macos-aarch64-none/lib/python3.12/socketserver.py", line 697, in process_request_thread
    self.finish_request(request, client_address)
  File "/Users/alex/.local/share/uv/python/cpython-3.12.14-macos-aarch64-none/lib/python3.12/socketserver.py", line 362, in finish_request
    self.RequestHandlerClass(request, client_address, self)
  File "/Users/alex/.local/share/uv/python/cpython-3.12.14-macos-aarch64-none/lib/python3.12/http/server.py", line 676, in __init__
    super().__init__(*args, **kwargs)
  File "/Users/alex/.local/share/uv/python/cpython-3.12.14-macos-aarch64-none/lib/python3.12/socketserver.py", line 766, in __init__
    self.handle()
  File "/Users/alex/.local/share/uv/python/cpython-3.12.14-macos-aarch64-none/lib/python3.12/http/server.py", line 440, in handle
    self.handle_one_request()
  File "/Users/alex/.local/share/uv/python/cpython-3.12.14-macos-aarch64-none/lib/python3.12/http/server.py", line 428, in handle_one_request
    method()
  File "/Users/alex/Documents/CR_projects/phil_sycophancy/philsyc/serve_report.py", line 67, in do_GET
    return super().do_GET()
           ^^^^^^^^^^^^^^^^
  File "/Users/alex/.local/share/uv/python/cpython-3.12.14-macos-aarch64-none/lib/python3.12/http/server.py", line 680, in do_GET
    f = self.send_head()
        ^^^^^^^^^^^^^^^^
  File "/Users/alex/.local/share/uv/python/cpython-3.12.14-macos-aarch64-none/lib/python3.12/http/server.py", line 737, in send_head
    self.send_error(HTTPStatus.NOT_FOUND, "File not found")
  File "/Users/alex/.local/share/uv/python/cpython-3.12.14-macos-aarch64-none/lib/python3.12/http/server.py", line 470, in send_error
    self.log_error("code %d, message %s", code, message)
  File "/Users/alex/.local/share/uv/python/cpython-3.12.14-macos-aarch64-none/lib/python3.12/http/server.py", line 572, in log_error
    self.log_message(format, *args)
  File "/Users/alex/Documents/CR_projects/phil_sycophancy/philsyc/serve_report.py", line 42, in log_message
    if "/api/" in (args[0] if args else ""):
       ^^^^^^^^^^^^^^^^^^^^^^^^^^^^^^^^^^^^
TypeError: argument of type 'HTTPStatus' is not iterable
----------------------------------------
27/Sep/2026 10:42:09 - "GET /api/post_mtime HTTP/1.1" 200 -
27/Sep/2026 10:42:11 - "GET /api/post_mtime HTTP/1.1" 200 -
27/Sep/2026 10:42:12 - "GET /api/post_mtime HTTP/1.1" 200 -
27/Sep/2026 10:42:14 - "GET /api/post_mtime HTTP/1.1" 200 -
27/Sep/2026 10:42:15 - "GET /api/post_mtime HTTP/1.1" 200 -
27/Sep/2026 10:42:17 - "GET /api/post_mtime HTTP/1.1" 200 -
27/Sep/2026 10:42:18 - "GET /api/post_mtime HTTP/1.1" 200 -
27/Sep/2026 10:42:20 - "GET /api/post_mtime HTTP/1.1" 200 -
27/Sep/2026 10:42:21 - "GET /api/post_mtime HTTP/1.1" 200 -
27/Sep/2026 10:42:23 - "GET /api/post_mtime HTTP/1.1" 200 -
27/Sep/2026 10:42:24 - "GET /api/post_mtime HTTP/1.1" 200 -
27/Sep/2026 10:42:26 - "GET /api/post_mtime HTTP/1.1" 200 -
27/Sep/2026 10:42:27 - "GET /api/post_mtime HTTP/1.1" 200 -
27/Sep/2026 10:42:29 - "GET /api/post_mtime HTTP/1.1" 200 -
27/Sep/2026 10:42:30 - "GET /api/post_mtime HTTP/1.1" 200 -
27/Sep/2026 10:42:32 - "GET /api/post_mtime HTTP/1.1" 200 -
27/Sep/2026 10:42:33 - "GET /api/post_mtime HTTP/1.1" 200 -
27/Sep/2026 10:42:35 - "GET /api/post_mtime HTTP/1.1" 200 -
27/Sep/2026 10:42:36 - "GET /api/post_mtime HTTP/1.1" 200 -
27/Sep/2026 10:42:37 - "GET /api/post_mtime HTTP/1.1" 200 -
27/Sep/2026 10:42:38 - "GET /api/post_mtime HTTP/1.1" 200 -
27/Sep/2026 10:42:39 - "GET /api/post_mtime HTTP/1.1" 200 -
27/Sep/2026 10:42:41 - "GET /api/post_mtime HTTP/1.1" 200 -
27/Sep/2026 10:42:42 - "GET /api/post_mtime HTTP/1.1" 200 -
27/Sep/2026 10:42:44 - "GET /api/post_mtime HTTP/1.1" 200 -
27/Sep/2026 10:42:45 - "GET /api/post_mtime HTTP/1.1" 200 -
27/Sep/2026 10:42:47 - "GET /api/post_mtime HTTP/1.1" 200 -
27/Sep/2026 10:42:48 - "GET /api/post_mtime HTTP/1.1" 200 -
27/Sep/2026 10:42:50 - "GET /api/post_mtime HTTP/1.1" 200 -
27/Sep/2026 10:42:51 - "GET /api/post_mtime HTTP/1.1" 200 -
27/Sep/2026 10:42:53 - "GET /api/post_mtime HTTP/1.1" 200 -
27/Sep/2026 10:42:54 - "GET /api/post_mtime HTTP/1.1" 200 -
27/Sep/2026 10:42:56 - "GET /api/post_mtime HTTP/1.1" 200 -
27/Sep/2026 10:42:57 - "GET /api/post_mtime HTTP/1.1" 200 -
27/Sep/2026 10:42:59 - "GET /api/post_mtime HTTP/1.1" 200 -
27/Sep/2026 10:43:00 - "GET /api/post_mtime HTTP/1.1" 200 -
27/Sep/2026 10:43:02 - "GET /api/post_mtime HTTP/1.1" 200 -
27/Sep/2026 10:43:03 - "GET /api/post_mtime HTTP/1.1" 200 -
27/Sep/2026 10:43:05 - "GET /api/post_mtime HTTP/1.1" 200 -
27/Sep/2026 10:43:06 - "GET /api/post_mtime HTTP/1.1" 200 -
27/Sep/2026 10:43:08 - "GET /api/post_mtime HTTP/1.1" 200 -
27/Sep/2026 10:43:09 - "GET /api/post_mtime HTTP/1.1" 200 -
27/Sep/2026 10:43:11 - "GET /api/post_mtime HTTP/1.1" 200 -
27/Sep/2026 10:43:12 - "GET /api/post_mtime HTTP/1.1" 200 -
27/Sep/2026 10:43:14 - "GET /api/post_mtime HTTP/1.1" 200 -
27/Sep/2026 10:43:15 - "GET /api/post_mtime HTTP/1.1" 200 -
27/Sep/2026 10:43:17 - "GET /api/post_mtime HTTP/1.1" 200 -
27/Sep/2026 10:43:18 - "GET /api/post_mtime HTTP/1.1" 200 -
27/Sep/2026 10:43:20 - "GET /api/post_mtime HTTP/1.1" 200 -
27/Sep/2026 10:43:21 - "GET /api/post_mtime HTTP/1.1" 200 -
27/Sep/2026 10:43:23 - "GET /api/post_mtime HTTP/1.1" 200 -
27/Sep/2026 10:43:24 - "GET /api/post_mtime HTTP/1.1" 200 -
27/Sep/2026 10:43:26 - "GET /api/post_mtime HTTP/1.1" 200 -
27/Sep/2026 10:43:27 - "GET /api/post_mtime HTTP/1.1" 200 -
27/Sep/2026 10:43:29 - "GET /api/post_mtime HTTP/1.1" 200 -
27/Sep/2026 10:43:30 - "GET /api/post_mtime HTTP/1.1" 200 -
27/Sep/2026 10:43:32 - "GET /api/post_mtime HTTP/1.1" 200 -
27/Sep/2026 10:43:33 - "GET /api/post_mtime HTTP/1.1" 200 -
27/Sep/2026 10:43:35 - "GET /api/post_mtime HTTP/1.1" 200 -
27/Sep/2026 10:43:36 - "GET /api/post_mtime HTTP/1.1" 200 -
27/Sep/2026 10:43:37 - "GET /api/post_mtime HTTP/1.1" 200 -
27/Sep/2026 10:43:38 - "GET /api/post_mtime HTTP/1.1" 200 -
27/Sep/2026 10:43:39 - "GET /api/post_mtime HTTP/1.1" 200 -
27/Sep/2026 10:43:41 - "GET /api/post_mtime HTTP/1.1" 200 -
27/Sep/2026 10:43:42 - "GET /api/post_mtime HTTP/1.1" 200 -
27/Sep/2026 10:43:44 - "GET /api/post_mtime HTTP/1.1" 200 -
27/Sep/2026 10:43:45 - "GET /api/post_mtime HTTP/1.1" 200 -
27/Sep/2026 10:43:47 - "GET /api/post_mtime HTTP/1.1" 200 -
27/Sep/2026 10:43:48 - "GET /api/post_mtime HTTP/1.1" 200 -
27/Sep/2026 10:43:50 - "GET /api/post_mtime HTTP/1.1" 200 -
27/Sep/2026 10:43:51 - "GET /api/post_mtime HTTP/1.1" 200 -
27/Sep/2026 10:43:53 - "GET /api/post_mtime HTTP/1.1" 200 -
27/Sep/2026 10:43:54 - "GET /api/post_mtime HTTP/1.1" 200 -
27/Sep/2026 10:43:56 - "GET /api/post_mtime HTTP/1.1" 200 -
27/Sep/2026 10:43:57 - "GET /api/post_mtime HTTP/1.1" 200 -
27/Sep/2026 10:43:59 - "GET /api/post_mtime HTTP/1.1" 200 -
27/Sep/2026 10:44:00 - "GET /api/post_mtime HTTP/1.1" 200 -
27/Sep/2026 10:44:02 - "GET /api/post_mtime HTTP/1.1" 200 -
27/Sep/2026 10:44:03 - "GET /api/post_mtime HTTP/1.1" 200 -
27/Sep/2026 10:44:05 - "GET /api/post_mtime HTTP/1.1" 200 -
27/Sep/2026 10:44:06 - "GET /api/post_mtime HTTP/1.1" 200 -
27/Sep/2026 10:44:08 - "GET /api/post_mtime HTTP/1.1" 200 -
27/Sep/2026 10:44:09 - "GET /api/post_mtime HTTP/1.1" 200 -
27/Sep/2026 10:44:11 - "GET /api/post_mtime HTTP/1.1" 200 -
27/Sep/2026 10:44:12 - "GET /api/post_mtime HTTP/1.1" 200 -
27/Sep/2026 10:44:14 - "GET /api/post_mtime HTTP/1.1" 200 -
27/Sep/2026 10:44:15 - "GET /api/post_mtime HTTP/1.1" 200 -
27/Sep/2026 10:44:17 - "GET /api/post_mtime HTTP/1.1" 200 -
27/Sep/2026 10:44:18 - "GET /api/post_mtime HTTP/1.1" 200 -
27/Sep/2026 10:44:20 - "GET /api/post_mtime HTTP/1.1" 200 -
27/Sep/2026 10:44:21 - "GET /api/post_mtime HTTP/1.1" 200 -
27/Sep/2026 10:44:23 - "GET /api/post_mtime HTTP/1.1" 200 -
27/Sep/2026 10:44:24 - "GET /api/post_mtime HTTP/1.1" 200 -
27/Sep/2026 10:44:26 - "GET /api/post_mtime HTTP/1.1" 200 -
27/Sep/2026 10:44:27 - "GET /api/post_mtime HTTP/1.1" 200 -
27/Sep/2026 10:44:29 - "GET /api/post_mtime HTTP/1.1" 200 -
27/Sep/2026 10:44:30 - "GET /api/post_mtime HTTP/1.1" 200 -
27/Sep/2026 10:44:32 - "GET /api/post_mtime HTTP/1.1" 200 -
27/Sep/2026 10:44:33 - "GET /api/post_mtime HTTP/1.1" 200 -
27/Sep/2026 10:44:35 - "GET /api/post_mtime HTTP/1.1" 200 -
27/Sep/2026 10:44:36 - "GET /api/post_mtime HTTP/1.1" 200 -
27/Sep/2026 10:44:37 - "GET /api/post_mtime HTTP/1.1" 200 -
27/Sep/2026 10:44:38 - "GET /api/post_mtime HTTP/1.1" 200 -
27/Sep/2026 10:44:39 - "GET /api/post_mtime HTTP/1.1" 200 -
27/Sep/2026 10:44:41 - "GET /api/post_mtime HTTP/1.1" 200 -
27/Sep/2026 10:44:42 - "GET /api/post_mtime HTTP/1.1" 200 -
27/Sep/2026 10:44:44 - "GET /api/post_mtime HTTP/1.1" 200 -
27/Sep/2026 10:44:45 - "GET /api/post_mtime HTTP/1.1" 200 -
27/Sep/2026 10:44:47 - "GET /api/post_mtime HTTP/1.1" 200 -
27/Sep/2026 10:44:48 - "GET /api/post_mtime HTTP/1.1" 200 -
27/Sep/2026 10:44:50 - "GET /api/post_mtime HTTP/1.1" 200 -
27/Sep/2026 10:44:51 - "GET /api/post_mtime HTTP/1.1" 200 -
27/Sep/2026 10:44:53 - "GET /api/post_mtime HTTP/1.1" 200 -
27/Sep/2026 10:44:54 - "GET /api/post_mtime HTTP/1.1" 200 -
27/Sep/2026 10:44:56 - "GET /api/post_mtime HTTP/1.1" 200 -
27/Sep/2026 10:44:57 - "GET /api/post_mtime HTTP/1.1" 200 -
27/Sep/2026 10:44:59 - "GET /api/post_mtime HTTP/1.1" 200 -
----------------------------------------
Exception occurred during processing of request from ('127.0.0.1', 62003)
Traceback (most recent call last):
  File "/Users/alex/.local/share/uv/python/cpython-3.12.14-macos-aarch64-none/lib/python3.12/http/server.py", line 735, in send_head
    f = open(path, 'rb')
        ^^^^^^^^^^^^^^^^
FileNotFoundError: [Errno 2] No such file or directory: '/Users/alex/Documents/CR_projects/phil_sycophancy/results/favicon.ico'

During handling of the above exception, another exception occurred:

Traceback (most recent call last):
  File "/Users/alex/.local/share/uv/python/cpython-3.12.14-macos-aarch64-none/lib/python3.12/socketserver.py", line 697, in process_request_thread
    self.finish_request(request, client_address)
  File "/Users/alex/.local/share/uv/python/cpython-3.12.14-macos-aarch64-none/lib/python3.12/socketserver.py", line 362, in finish_request
    self.RequestHandlerClass(request, client_address, self)
  File "/Users/alex/.local/share/uv/python/cpython-3.12.14-macos-aarch64-none/lib/python3.12/http/server.py", line 676, in __init__
    super().__init__(*args, **kwargs)
  File "/Users/alex/.local/share/uv/python/cpython-3.12.14-macos-aarch64-none/lib/python3.12/socketserver.py", line 766, in __init__
    self.handle()
  File "/Users/alex/.local/share/uv/python/cpython-3.12.14-macos-aarch64-none/lib/python3.12/http/server.py", line 440, in handle
    self.handle_one_request()
  File "/Users/alex/.local/share/uv/python/cpython-3.12.14-macos-aarch64-none/lib/python3.12/http/server.py", line 428, in handle_one_request
    method()
  File "/Users/alex/Documents/CR_projects/phil_sycophancy/philsyc/serve_report.py", line 67, in do_GET
    return super().do_GET()
           ^^^^^^^^^^^^^^^^
  File "/Users/alex/.local/share/uv/python/cpython-3.12.14-macos-aarch64-none/lib/python3.12/http/server.py", line 680, in do_GET
    f = self.send_head()
        ^^^^^^^^^^^^^^^^
  File "/Users/alex/.local/share/uv/python/cpython-3.12.14-macos-aarch64-none/lib/python3.12/http/server.py", line 737, in send_head
    self.send_error(HTTPStatus.NOT_FOUND, "File not found")
  File "/Users/alex/.local/share/uv/python/cpython-3.12.14-macos-aarch64-none/lib/python3.12/http/server.py", line 470, in send_error
    self.log_error("code %d, message %s", code, message)
  File "/Users/alex/.local/share/uv/python/cpython-3.12.14-macos-aarch64-none/lib/python3.12/http/server.py", line 572, in log_error
    self.log_message(format, *args)
  File "/Users/alex/Documents/CR_projects/phil_sycophancy/philsyc/serve_report.py", line 42, in log_message
    if "/api/" in (args[0] if args else ""):
       ^^^^^^^^^^^^^^^^^^^^^^^^^^^^^^^^^^^^
TypeError: argument of type 'HTTPStatus' is not iterable
----------------------------------------
----------------------------------------
Exception occurred during processing of request from ('127.0.0.1', 62004)
Traceback (most recent call last):
  File "/Users/alex/.local/share/uv/python/cpython-3.12.14-macos-aarch64-none/lib/python3.12/http/server.py", line 735, in send_head
    f = open(path, 'rb')
        ^^^^^^^^^^^^^^^^
FileNotFoundError: [Errno 2] No such file or directory: '/Users/alex/Documents/CR_projects/phil_sycophancy/results/favicon.ico'

During handling of the above exception, another exception occurred:

Traceback (most recent call last):
  File "/Users/alex/.local/share/uv/python/cpython-3.12.14-macos-aarch64-none/lib/python3.12/socketserver.py", line 697, in process_request_thread
    self.finish_request(request, client_address)
  File "/Users/alex/.local/share/uv/python/cpython-3.12.14-macos-aarch64-none/lib/python3.12/socketserver.py", line 362, in finish_request
    self.RequestHandlerClass(request, client_address, self)
  File "/Users/alex/.local/share/uv/python/cpython-3.12.14-macos-aarch64-none/lib/python3.12/http/server.py", line 676, in __init__
    super().__init__(*args, **kwargs)
  File "/Users/alex/.local/share/uv/python/cpython-3.12.14-macos-aarch64-none/lib/python3.12/socketserver.py", line 766, in __init__
    self.handle()
  File "/Users/alex/.local/share/uv/python/cpython-3.12.14-macos-aarch64-none/lib/python3.12/http/server.py", line 440, in handle
    self.handle_one_request()
  File "/Users/alex/.local/share/uv/python/cpython-3.12.14-macos-aarch64-none/lib/python3.12/http/server.py", line 428, in handle_one_request
    method()
  File "/Users/alex/Documents/CR_projects/phil_sycophancy/philsyc/serve_report.py", line 67, in do_GET
    return super().do_GET()
           ^^^^^^^^^^^^^^^^
  File "/Users/alex/.local/share/uv/python/cpython-3.12.14-macos-aarch64-none/lib/python3.12/http/server.py", line 680, in do_GET
    f = self.send_head()
        ^^^^^^^^^^^^^^^^
  File "/Users/alex/.local/share/uv/python/cpython-3.12.14-macos-aarch64-none/lib/python3.12/http/server.py", line 737, in send_head
    self.send_error(HTTPStatus.NOT_FOUND, "File not found")
  File "/Users/alex/.local/share/uv/python/cpython-3.12.14-macos-aarch64-none/lib/python3.12/http/server.py", line 470, in send_error
    self.log_error("code %d, message %s", code, message)
  File "/Users/alex/.local/share/uv/python/cpython-3.12.14-macos-aarch64-none/lib/python3.12/http/server.py", line 572, in log_error
    self.log_message(format, *args)
  File "/Users/alex/Documents/CR_projects/phil_sycophancy/philsyc/serve_report.py", line 42, in log_message
    if "/api/" in (args[0] if args else ""):
       ^^^^^^^^^^^^^^^^^^^^^^^^^^^^^^^^^^^^
TypeError: argument of type 'HTTPStatus' is not iterable
----------------------------------------
27/Sep/2026 10:45:01 - "GET /api/post_mtime HTTP/1.1" 200 -
27/Sep/2026 10:45:02 - "GET /api/post_mtime HTTP/1.1" 200 -
27/Sep/2026 10:45:04 - "GET /api/post_mtime HTTP/1.1" 200 -
27/Sep/2026 10:45:05 - "GET /api/post_mtime HTTP/1.1" 200 -
27/Sep/2026 10:45:07 - "GET /api/post_mtime HTTP/1.1" 200 -
27/Sep/2026 10:45:08 - "GET /api/post_mtime HTTP/1.1" 200 -
----------------------------------------
Exception occurred during processing of request from ('127.0.0.1', 62016)
Traceback (most recent call last):
  File "/Users/alex/.local/share/uv/python/cpython-3.12.14-macos-aarch64-none/lib/python3.12/http/server.py", line 735, in send_head
    f = open(path, 'rb')
        ^^^^^^^^^^^^^^^^
FileNotFoundError: [Errno 2] No such file or directory: '/Users/alex/Documents/CR_projects/phil_sycophancy/results/favicon.ico'

During handling of the above exception, another exception occurred:

Traceback (most recent call last):
  File "/Users/alex/.local/share/uv/python/cpython-3.12.14-macos-aarch64-none/lib/python3.12/socketserver.py", line 697, in process_request_thread
    self.finish_request(request, client_address)
  File "/Users/alex/.local/share/uv/python/cpython-3.12.14-macos-aarch64-none/lib/python3.12/socketserver.py", line 362, in finish_request
    self.RequestHandlerClass(request, client_address, self)
  File "/Users/alex/.local/share/uv/python/cpython-3.12.14-macos-aarch64-none/lib/python3.12/http/server.py", line 676, in __init__
    super().__init__(*args, **kwargs)
  File "/Users/alex/.local/share/uv/python/cpython-3.12.14-macos-aarch64-none/lib/python3.12/socketserver.py", line 766, in __init__
    self.handle()
  File "/Users/alex/.local/share/uv/python/cpython-3.12.14-macos-aarch64-none/lib/python3.12/http/server.py", line 440, in handle
    self.handle_one_request()
  File "/Users/alex/.local/share/uv/python/cpython-3.12.14-macos-aarch64-none/lib/python3.12/http/server.py", line 428, in handle_one_request
    method()
  File "/Users/alex/Documents/CR_projects/phil_sycophancy/philsyc/serve_report.py", line 67, in do_GET
    return super().do_GET()
           ^^^^^^^^^^^^^^^^
  File "/Users/alex/.local/share/uv/python/cpython-3.12.14-macos-aarch64-none/lib/python3.12/http/server.py", line 680, in do_GET
    f = self.send_head()
        ^^^^^^^^^^^^^^^^
  File "/Users/alex/.local/share/uv/python/cpython-3.12.14-macos-aarch64-none/lib/python3.12/http/server.py", line 737, in send_head
    self.send_error(HTTPStatus.NOT_FOUND, "File not found")
  File "/Users/alex/.local/share/uv/python/cpython-3.12.14-macos-aarch64-none/lib/python3.12/http/server.py", line 470, in send_error
    self.log_error("code %d, message %s", code, message)
  File "/Users/alex/.local/share/uv/python/cpython-3.12.14-macos-aarch64-none/lib/python3.12/http/server.py", line 572, in log_error
    self.log_message(format, *args)
  File "/Users/alex/Documents/CR_projects/phil_sycophancy/philsyc/serve_report.py", line 42, in log_message
    if "/api/" in (args[0] if args else ""):
       ^^^^^^^^^^^^^^^^^^^^^^^^^^^^^^^^^^^^
TypeError: argument of type 'HTTPStatus' is not iterable
----------------------------------------
----------------------------------------
Exception occurred during processing of request from ('127.0.0.1', 62017)
Traceback (most recent call last):
  File "/Users/alex/.local/share/uv/python/cpython-3.12.14-macos-aarch64-none/lib/python3.12/http/server.py", line 735, in send_head
    f = open(path, 'rb')
        ^^^^^^^^^^^^^^^^
FileNotFoundError: [Errno 2] No such file or directory: '/Users/alex/Documents/CR_projects/phil_sycophancy/results/favicon.ico'

During handling of the above exception, another exception occurred:

Traceback (most recent call last):
  File "/Users/alex/.local/share/uv/python/cpython-3.12.14-macos-aarch64-none/lib/python3.12/socketserver.py", line 697, in process_request_thread
    self.finish_request(request, client_address)
  File "/Users/alex/.local/share/uv/python/cpython-3.12.14-macos-aarch64-none/lib/python3.12/socketserver.py", line 362, in finish_request
    self.RequestHandlerClass(request, client_address, self)
  File "/Users/alex/.local/share/uv/python/cpython-3.12.14-macos-aarch64-none/lib/python3.12/http/server.py", line 676, in __init__
    super().__init__(*args, **kwargs)
  File "/Users/alex/.local/share/uv/python/cpython-3.12.14-macos-aarch64-none/lib/python3.12/socketserver.py", line 766, in __init__
    self.handle()
  File "/Users/alex/.local/share/uv/python/cpython-3.12.14-macos-aarch64-none/lib/python3.12/http/server.py", line 440, in handle
    self.handle_one_request()
  File "/Users/alex/.local/share/uv/python/cpython-3.12.14-macos-aarch64-none/lib/python3.12/http/server.py", line 428, in handle_one_request
    method()
  File "/Users/alex/Documents/CR_projects/phil_sycophancy/philsyc/serve_report.py", line 67, in do_GET
    return super().do_GET()
           ^^^^^^^^^^^^^^^^
  File "/Users/alex/.local/share/uv/python/cpython-3.12.14-macos-aarch64-none/lib/python3.12/http/server.py", line 680, in do_GET
    f = self.send_head()
        ^^^^^^^^^^^^^^^^
  File "/Users/alex/.local/share/uv/python/cpython-3.12.14-macos-aarch64-none/lib/python3.12/http/server.py", line 737, in send_head
    self.send_error(HTTPStatus.NOT_FOUND, "File not found")
  File "/Users/alex/.local/share/uv/python/cpython-3.12.14-macos-aarch64-none/lib/python3.12/http/server.py", line 470, in send_error
    self.log_error("code %d, message %s", code, message)
  File "/Users/alex/.local/share/uv/python/cpython-3.12.14-macos-aarch64-none/lib/python3.12/http/server.py", line 572, in log_error
    self.log_message(format, *args)
  File "/Users/alex/Documents/CR_projects/phil_sycophancy/philsyc/serve_report.py", line 42, in log_message
    if "/api/" in (args[0] if args else ""):
       ^^^^^^^^^^^^^^^^^^^^^^^^^^^^^^^^^^^^
TypeError: argument of type 'HTTPStatus' is not iterable
----------------------------------------
27/Sep/2026 10:45:10 - "GET /api/post_mtime HTTP/1.1" 200 -
27/Sep/2026 10:45:11 - "GET /api/post_mtime HTTP/1.1" 200 -
27/Sep/2026 10:45:13 - "GET /api/post_mtime HTTP/1.1" 200 -
27/Sep/2026 10:45:14 - "GET /api/post_mtime HTTP/1.1" 200 -
27/Sep/2026 10:45:16 - "GET /api/post_mtime HTTP/1.1" 200 -
27/Sep/2026 10:45:17 - "GET /api/post_mtime HTTP/1.1" 200 -
27/Sep/2026 10:45:19 - "GET /api/post_mtime HTTP/1.1" 200 -
27/Sep/2026 10:45:20 - "GET /api/post_mtime HTTP/1.1" 200 -
27/Sep/2026 10:45:22 - "GET /api/post_mtime HTTP/1.1" 200 -
27/Sep/2026 10:45:23 - "GET /api/post_mtime HTTP/1.1" 200 -
27/Sep/2026 10:45:25 - "GET /api/post_mtime HTTP/1.1" 200 -
----------------------------------------
Exception occurred during processing of request from ('127.0.0.1', 62039)
Traceback (most recent call last):
  File "/Users/alex/.local/share/uv/python/cpython-3.12.14-macos-aarch64-none/lib/python3.12/http/server.py", line 735, in send_head
    f = open(path, 'rb')
        ^^^^^^^^^^^^^^^^
FileNotFoundError: [Errno 2] No such file or directory: '/Users/alex/Documents/CR_projects/phil_sycophancy/results/favicon.ico'

During handling of the above exception, another exception occurred:

Traceback (most recent call last):
  File "/Users/alex/.local/share/uv/python/cpython-3.12.14-macos-aarch64-none/lib/python3.12/socketserver.py", line 697, in process_request_thread
    self.finish_request(request, client_address)
  File "/Users/alex/.local/share/uv/python/cpython-3.12.14-macos-aarch64-none/lib/python3.12/socketserver.py", line 362, in finish_request
    self.RequestHandlerClass(request, client_address, self)
  File "/Users/alex/.local/share/uv/python/cpython-3.12.14-macos-aarch64-none/lib/python3.12/http/server.py", line 676, in __init__
    super().__init__(*args, **kwargs)
  File "/Users/alex/.local/share/uv/python/cpython-3.12.14-macos-aarch64-none/lib/python3.12/socketserver.py", line 766, in __init__
    self.handle()
  File "/Users/alex/.local/share/uv/python/cpython-3.12.14-macos-aarch64-none/lib/python3.12/http/server.py", line 440, in handle
    self.handle_one_request()
  File "/Users/alex/.local/share/uv/python/cpython-3.12.14-macos-aarch64-none/lib/python3.12/http/server.py", line 428, in handle_one_request
    method()
  File "/Users/alex/Documents/CR_projects/phil_sycophancy/philsyc/serve_report.py", line 67, in do_GET
    return super().do_GET()
           ^^^^^^^^^^^^^^^^
  File "/Users/alex/.local/share/uv/python/cpython-3.12.14-macos-aarch64-none/lib/python3.12/http/server.py", line 680, in do_GET
    f = self.send_head()
        ^^^^^^^^^^^^^^^^
  File "/Users/alex/.local/share/uv/python/cpython-3.12.14-macos-aarch64-none/lib/python3.12/http/server.py", line 737, in send_head
    self.send_error(HTTPStatus.NOT_FOUND, "File not found")
  File "/Users/alex/.local/share/uv/python/cpython-3.12.14-macos-aarch64-none/lib/python3.12/http/server.py", line 470, in send_error
    self.log_error("code %d, message %s", code, message)
  File "/Users/alex/.local/share/uv/python/cpython-3.12.14-macos-aarch64-none/lib/python3.12/http/server.py", line 572, in log_error
    self.log_message(format, *args)
  File "/Users/alex/Documents/CR_projects/phil_sycophancy/philsyc/serve_report.py", line 42, in log_message
    if "/api/" in (args[0] if args else ""):
       ^^^^^^^^^^^^^^^^^^^^^^^^^^^^^^^^^^^^
TypeError: argument of type 'HTTPStatus' is not iterable
----------------------------------------
27/Sep/2026 10:45:26 - "GET /api/post_mtime HTTP/1.1" 200 -
27/Sep/2026 10:45:28 - "GET /api/post_mtime HTTP/1.1" 200 -
27/Sep/2026 10:45:29 - "GET /api/post_mtime HTTP/1.1" 200 -
27/Sep/2026 10:45:31 - "GET /api/post_mtime HTTP/1.1" 200 -
27/Sep/2026 10:45:32 - "GET /api/post_mtime HTTP/1.1" 200 -
27/Sep/2026 10:45:34 - "GET /api/post_mtime HTTP/1.1" 200 -
27/Sep/2026 10:45:35 - "GET /api/post_mtime HTTP/1.1" 200 -
27/Sep/2026 10:45:37 - "GET /api/post_mtime HTTP/1.1" 200 -
27/Sep/2026 10:45:37 - "GET /api/post_mtime HTTP/1.1" 200 -
----------------------------------------
Exception occurred during processing of request from ('127.0.0.1', 62050)
Traceback (most recent call last):
  File "/Users/alex/.local/share/uv/python/cpython-3.12.14-macos-aarch64-none/lib/python3.12/http/server.py", line 735, in send_head
    f = open(path, 'rb')
        ^^^^^^^^^^^^^^^^
FileNotFoundError: [Errno 2] No such file or directory: '/Users/alex/Documents/CR_projects/phil_sycophancy/results/favicon.ico'

During handling of the above exception, another exception occurred:

Traceback (most recent call last):
  File "/Users/alex/.local/share/uv/python/cpython-3.12.14-macos-aarch64-none/lib/python3.12/socketserver.py", line 697, in process_request_thread
    self.finish_request(request, client_address)
  File "/Users/alex/.local/share/uv/python/cpython-3.12.14-macos-aarch64-none/lib/python3.12/socketserver.py", line 362, in finish_request
    self.RequestHandlerClass(request, client_address, self)
  File "/Users/alex/.local/share/uv/python/cpython-3.12.14-macos-aarch64-none/lib/python3.12/http/server.py", line 676, in __init__
    super().__init__(*args, **kwargs)
  File "/Users/alex/.local/share/uv/python/cpython-3.12.14-macos-aarch64-none/lib/python3.12/socketserver.py", line 766, in __init__
    self.handle()
  File "/Users/alex/.local/share/uv/python/cpython-3.12.14-macos-aarch64-none/lib/python3.12/http/server.py", line 440, in handle
    self.handle_one_request()
  File "/Users/alex/.local/share/uv/python/cpython-3.12.14-macos-aarch64-none/lib/python3.12/http/server.py", line 428, in handle_one_request
    method()
  File "/Users/alex/Documents/CR_projects/phil_sycophancy/philsyc/serve_report.py", line 67, in do_GET
    return super().do_GET()
           ^^^^^^^^^^^^^^^^
  File "/Users/alex/.local/share/uv/python/cpython-3.12.14-macos-aarch64-none/lib/python3.12/http/server.py", line 680, in do_GET
    f = self.send_head()
        ^^^^^^^^^^^^^^^^
  File "/Users/alex/.local/share/uv/python/cpython-3.12.14-macos-aarch64-none/lib/python3.12/http/server.py", line 737, in send_head
    self.send_error(HTTPStatus.NOT_FOUND, "File not found")
  File "/Users/alex/.local/share/uv/python/cpython-3.12.14-macos-aarch64-none/lib/python3.12/http/server.py", line 470, in send_error
    self.log_error("code %d, message %s", code, message)
  File "/Users/alex/.local/share/uv/python/cpython-3.12.14-macos-aarch64-none/lib/python3.12/http/server.py", line 572, in log_error
    self.log_message(format, *args)
  File "/Users/alex/Documents/CR_projects/phil_sycophancy/philsyc/serve_report.py", line 42, in log_message
    if "/api/" in (args[0] if args else ""):
       ^^^^^^^^^^^^^^^^^^^^^^^^^^^^^^^^^^^^
TypeError: argument of type 'HTTPStatus' is not iterable
----------------------------------------
----------------------------------------
Exception occurred during processing of request from ('127.0.0.1', 62051)
Traceback (most recent call last):
  File "/Users/alex/.local/share/uv/python/cpython-3.12.14-macos-aarch64-none/lib/python3.12/http/server.py", line 735, in send_head
    f = open(path, 'rb')
        ^^^^^^^^^^^^^^^^
FileNotFoundError: [Errno 2] No such file or directory: '/Users/alex/Documents/CR_projects/phil_sycophancy/results/favicon.ico'

During handling of the above exception, another exception occurred:

Traceback (most recent call last):
  File "/Users/alex/.local/share/uv/python/cpython-3.12.14-macos-aarch64-none/lib/python3.12/socketserver.py", line 697, in process_request_thread
    self.finish_request(request, client_address)
  File "/Users/alex/.local/share/uv/python/cpython-3.12.14-macos-aarch64-none/lib/python3.12/socketserver.py", line 362, in finish_request
    self.RequestHandlerClass(request, client_address, self)
  File "/Users/alex/.local/share/uv/python/cpython-3.12.14-macos-aarch64-none/lib/python3.12/http/server.py", line 676, in __init__
    super().__init__(*args, **kwargs)
  File "/Users/alex/.local/share/uv/python/cpython-3.12.14-macos-aarch64-none/lib/python3.12/socketserver.py", line 766, in __init__
    self.handle()
  File "/Users/alex/.local/share/uv/python/cpython-3.12.14-macos-aarch64-none/lib/python3.12/http/server.py", line 440, in handle
    self.handle_one_request()
  File "/Users/alex/.local/share/uv/python/cpython-3.12.14-macos-aarch64-none/lib/python3.12/http/server.py", line 428, in handle_one_request
    method()
  File "/Users/alex/Documents/CR_projects/phil_sycophancy/philsyc/serve_report.py", line 67, in do_GET
    return super().do_GET()
           ^^^^^^^^^^^^^^^^
  File "/Users/alex/.local/share/uv/python/cpython-3.12.14-macos-aarch64-none/lib/python3.12/http/server.py", line 680, in do_GET
    f = self.send_head()
        ^^^^^^^^^^^^^^^^
  File "/Users/alex/.local/share/uv/python/cpython-3.12.14-macos-aarch64-none/lib/python3.12/http/server.py", line 737, in send_head
    self.send_error(HTTPStatus.NOT_FOUND, "File not found")
  File "/Users/alex/.local/share/uv/python/cpython-3.12.14-macos-aarch64-none/lib/python3.12/http/server.py", line 470, in send_error
    self.log_error("code %d, message %s", code, message)
  File "/Users/alex/.local/share/uv/python/cpython-3.12.14-macos-aarch64-none/lib/python3.12/http/server.py", line 572, in log_error
    self.log_message(format, *args)
  File "/Users/alex/Documents/CR_projects/phil_sycophancy/philsyc/serve_report.py", line 42, in log_message
    if "/api/" in (args[0] if args else ""):
       ^^^^^^^^^^^^^^^^^^^^^^^^^^^^^^^^^^^^
TypeError: argument of type 'HTTPStatus' is not iterable
----------------------------------------
27/Sep/2026 10:45:38 - "GET /api/post_mtime HTTP/1.1" 200 -
27/Sep/2026 10:45:39 - "GET /api/post_mtime HTTP/1.1" 200 -
27/Sep/2026 10:45:40 - "GET /api/post_mtime HTTP/1.1" 200 -
27/Sep/2026 10:45:41 - "GET /api/post_mtime HTTP/1.1" 200 -
27/Sep/2026 10:45:41 - "GET /api/post_mtime HTTP/1.1" 200 -
27/Sep/2026 10:45:42 - "GET /api/post_mtime HTTP/1.1" 200 -
27/Sep/2026 10:45:43 - "GET /api/post_mtime HTTP/1.1" 200 -
27/Sep/2026 10:45:44 - "GET /api/post_mtime HTTP/1.1" 200 -
27/Sep/2026 10:45:44 - "GET /api/post_mtime HTTP/1.1" 200 -
27/Sep/2026 10:45:45 - "GET /api/post_mtime HTTP/1.1" 200 -
27/Sep/2026 10:45:46 - "GET /api/post_mtime HTTP/1.1" 200 -
27/Sep/2026 10:45:47 - "GET /api/post_mtime HTTP/1.1" 200 -
27/Sep/2026 10:45:47 - "GET /api/post_mtime HTTP/1.1" 200 -
27/Sep/2026 10:45:48 - "GET /api/post_mtime HTTP/1.1" 200 -
27/Sep/2026 10:45:49 - "GET /api/post_mtime HTTP/1.1" 200 -
27/Sep/2026 10:45:50 - "GET /api/post_mtime HTTP/1.1" 200 -
27/Sep/2026 10:45:50 - "GET /api/post_mtime HTTP/1.1" 200 -
27/Sep/2026 10:45:51 - "GET /api/post_mtime HTTP/1.1" 200 -
27/Sep/2026 10:45:52 - "GET /api/post_mtime HTTP/1.1" 200 -
27/Sep/2026 10:45:53 - "GET /api/post_mtime HTTP/1.1" 200 -
27/Sep/2026 10:45:53 - "GET /api/post_mtime HTTP/1.1" 200 -
27/Sep/2026 10:45:54 - "GET /api/post_mtime HTTP/1.1" 200 -
27/Sep/2026 10:45:55 - "GET /api/post_mtime HTTP/1.1" 200 -
27/Sep/2026 10:45:56 - "GET /api/post_mtime HTTP/1.1" 200 -
27/Sep/2026 10:45:56 - "GET /api/post_mtime HTTP/1.1" 200 -
27/Sep/2026 10:45:57 - "GET /api/post_mtime HTTP/1.1" 200 -
27/Sep/2026 10:45:58 - "GET /api/post_mtime HTTP/1.1" 200 -
27/Sep/2026 10:45:59 - "GET /api/post_mtime HTTP/1.1" 200 -
27/Sep/2026 10:45:59 - "GET /api/post_mtime HTTP/1.1" 200 -
27/Sep/2026 10:46:00 - "GET /api/post_mtime HTTP/1.1" 200 -
27/Sep/2026 10:46:01 - "GET /api/post_mtime HTTP/1.1" 200 -
27/Sep/2026 10:46:02 - "GET /api/post_mtime HTTP/1.1" 200 -
27/Sep/2026 10:46:02 - "GET /api/post_mtime HTTP/1.1" 200 -
27/Sep/2026 10:46:03 - "GET /api/post_mtime HTTP/1.1" 200 -
27/Sep/2026 10:46:04 - "GET /api/post_mtime HTTP/1.1" 200 -
27/Sep/2026 10:46:05 - "GET /api/post_mtime HTTP/1.1" 200 -
27/Sep/2026 10:46:05 - "GET /api/post_mtime HTTP/1.1" 200 -
27/Sep/2026 10:46:06 - "GET /api/post_mtime HTTP/1.1" 200 -
27/Sep/2026 10:46:07 - "GET /api/post_mtime HTTP/1.1" 200 -
27/Sep/2026 10:46:08 - "GET /api/post_mtime HTTP/1.1" 200 -
27/Sep/2026 10:46:08 - "GET /api/post_mtime HTTP/1.1" 200 -
27/Sep/2026 10:46:09 - "GET /api/post_mtime HTTP/1.1" 200 -
27/Sep/2026 10:46:10 - "GET /api/post_mtime HTTP/1.1" 200 -
27/Sep/2026 10:46:11 - "GET /api/post_mtime HTTP/1.1" 200 -
27/Sep/2026 10:46:11 - "GET /api/post_mtime HTTP/1.1" 200 -
27/Sep/2026 10:46:12 - "GET /api/post_mtime HTTP/1.1" 200 -
27/Sep/2026 10:46:13 - "GET /api/post_mtime HTTP/1.1" 200 -
27/Sep/2026 10:46:14 - "GET /api/post_mtime HTTP/1.1" 200 -
27/Sep/2026 10:46:14 - "GET /api/post_mtime HTTP/1.1" 200 -
27/Sep/2026 10:46:15 - "GET /api/post_mtime HTTP/1.1" 200 -
27/Sep/2026 10:46:16 - "GET /api/post_mtime HTTP/1.1" 200 -
27/Sep/2026 10:46:17 - "GET /api/post_mtime HTTP/1.1" 200 -
27/Sep/2026 10:46:17 - "GET /api/post_mtime HTTP/1.1" 200 -
27/Sep/2026 10:46:18 - "GET /api/post_mtime HTTP/1.1" 200 -
27/Sep/2026 10:46:19 - "GET /api/post_mtime HTTP/1.1" 200 -
27/Sep/2026 10:46:20 - "GET /api/post_mtime HTTP/1.1" 200 -
27/Sep/2026 10:46:20 - "GET /api/post_mtime HTTP/1.1" 200 -
27/Sep/2026 10:46:21 - "GET /api/post_mtime HTTP/1.1" 200 -
27/Sep/2026 10:46:22 - "GET /api/post_mtime HTTP/1.1" 200 -
27/Sep/2026 10:46:23 - "GET /api/post_mtime HTTP/1.1" 200 -
27/Sep/2026 10:46:23 - "GET /api/post_mtime HTTP/1.1" 200 -
27/Sep/2026 10:46:24 - "GET /api/post_mtime HTTP/1.1" 200 -
27/Sep/2026 10:46:25 - "GET /api/post_mtime HTTP/1.1" 200 -
27/Sep/2026 10:46:26 - "GET /api/post_mtime HTTP/1.1" 200 -
27/Sep/2026 10:46:26 - "GET /api/post_mtime HTTP/1.1" 200 -
27/Sep/2026 10:46:27 - "GET /api/post_mtime HTTP/1.1" 200 -
27/Sep/2026 10:46:28 - "GET /api/post_mtime HTTP/1.1" 200 -
27/Sep/2026 10:46:29 - "GET /api/post_mtime HTTP/1.1" 200 -
27/Sep/2026 10:46:29 - "GET /api/post_mtime HTTP/1.1" 200 -
27/Sep/2026 10:46:30 - "GET /api/post_mtime HTTP/1.1" 200 -
27/Sep/2026 10:46:31 - "GET /api/post_mtime HTTP/1.1" 200 -
27/Sep/2026 10:46:32 - "GET /api/post_mtime HTTP/1.1" 200 -
27/Sep/2026 10:46:32 - "GET /api/post_mtime HTTP/1.1" 200 -
27/Sep/2026 10:46:33 - "GET /api/post_mtime HTTP/1.1" 200 -
27/Sep/2026 10:46:34 - "GET /api/post_mtime HTTP/1.1" 200 -
----------------------------------------
Exception occurred during processing of request from ('127.0.0.1', 62161)
Traceback (most recent call last):
  File "/Users/alex/.local/share/uv/python/cpython-3.12.14-macos-aarch64-none/lib/python3.12/http/server.py", line 735, in send_head
    f = open(path, 'rb')
        ^^^^^^^^^^^^^^^^
FileNotFoundError: [Errno 2] No such file or directory: '/Users/alex/Documents/CR_projects/phil_sycophancy/results/favicon.ico'

During handling of the above exception, another exception occurred:

Traceback (most recent call last):
  File "/Users/alex/.local/share/uv/python/cpython-3.12.14-macos-aarch64-none/lib/python3.12/socketserver.py", line 697, in process_request_thread
    self.finish_request(request, client_address)
  File "/Users/alex/.local/share/uv/python/cpython-3.12.14-macos-aarch64-none/lib/python3.12/socketserver.py", line 362, in finish_request
    self.RequestHandlerClass(request, client_address, self)
  File "/Users/alex/.local/share/uv/python/cpython-3.12.14-macos-aarch64-none/lib/python3.12/http/server.py", line 676, in __init__
    super().__init__(*args, **kwargs)
  File "/Users/alex/.local/share/uv/python/cpython-3.12.14-macos-aarch64-none/lib/python3.12/socketserver.py", line 766, in __init__
    self.handle()
  File "/Users/alex/.local/share/uv/python/cpython-3.12.14-macos-aarch64-none/lib/python3.12/http/server.py", line 440, in handle
    self.handle_one_request()
  File "/Users/alex/.local/share/uv/python/cpython-3.12.14-macos-aarch64-none/lib/python3.12/http/server.py", line 428, in handle_one_request
    method()
  File "/Users/alex/Documents/CR_projects/phil_sycophancy/philsyc/serve_report.py", line 67, in do_GET
    return super().do_GET()
           ^^^^^^^^^^^^^^^^
  File "/Users/alex/.local/share/uv/python/cpython-3.12.14-macos-aarch64-none/lib/python3.12/http/server.py", line 680, in do_GET
    f = self.send_head()
        ^^^^^^^^^^^^^^^^
  File "/Users/alex/.local/share/uv/python/cpython-3.12.14-macos-aarch64-none/lib/python3.12/http/server.py", line 737, in send_head
    self.send_error(HTTPStatus.NOT_FOUND, "File not found")
  File "/Users/alex/.local/share/uv/python/cpython-3.12.14-macos-aarch64-none/lib/python3.12/http/server.py", line 470, in send_error
    self.log_error("code %d, message %s", code, message)
  File "/Users/alex/.local/share/uv/python/cpython-3.12.14-macos-aarch64-none/lib/python3.12/http/server.py", line 572, in log_error
    self.log_message(format, *args)
  File "/Users/alex/Documents/CR_projects/phil_sycophancy/philsyc/serve_report.py", line 42, in log_message
    if "/api/" in (args[0] if args else ""):
       ^^^^^^^^^^^^^^^^^^^^^^^^^^^^^^^^^^^^
TypeError: argument of type 'HTTPStatus' is not iterable
----------------------------------------
----------------------------------------
Exception occurred during processing of request from ('127.0.0.1', 62162)
Traceback (most recent call last):
  File "/Users/alex/.local/share/uv/python/cpython-3.12.14-macos-aarch64-none/lib/python3.12/http/server.py", line 735, in send_head
    f = open(path, 'rb')
        ^^^^^^^^^^^^^^^^
FileNotFoundError: [Errno 2] No such file or directory: '/Users/alex/Documents/CR_projects/phil_sycophancy/results/favicon.ico'

During handling of the above exception, another exception occurred:

Traceback (most recent call last):
  File "/Users/alex/.local/share/uv/python/cpython-3.12.14-macos-aarch64-none/lib/python3.12/socketserver.py", line 697, in process_request_thread
    self.finish_request(request, client_address)
  File "/Users/alex/.local/share/uv/python/cpython-3.12.14-macos-aarch64-none/lib/python3.12/socketserver.py", line 362, in finish_request
    self.RequestHandlerClass(request, client_address, self)
  File "/Users/alex/.local/share/uv/python/cpython-3.12.14-macos-aarch64-none/lib/python3.12/http/server.py", line 676, in __init__
    super().__init__(*args, **kwargs)
  File "/Users/alex/.local/share/uv/python/cpython-3.12.14-macos-aarch64-none/lib/python3.12/socketserver.py", line 766, in __init__
    self.handle()
  File "/Users/alex/.local/share/uv/python/cpython-3.12.14-macos-aarch64-none/lib/python3.12/http/server.py", line 440, in handle
    self.handle_one_request()
  File "/Users/alex/.local/share/uv/python/cpython-3.12.14-macos-aarch64-none/lib/python3.12/http/server.py", line 428, in handle_one_request
    method()
  File "/Users/alex/Documents/CR_projects/phil_sycophancy/philsyc/serve_report.py", line 67, in do_GET
    return super().do_GET()
           ^^^^^^^^^^^^^^^^
  File "/Users/alex/.local/share/uv/python/cpython-3.12.14-macos-aarch64-none/lib/python3.12/http/server.py", line 680, in do_GET
    f = self.send_head()
        ^^^^^^^^^^^^^^^^
  File "/Users/alex/.local/share/uv/python/cpython-3.12.14-macos-aarch64-none/lib/python3.12/http/server.py", line 737, in send_head
    self.send_error(HTTPStatus.NOT_FOUND, "File not found")
  File "/Users/alex/.local/share/uv/python/cpython-3.12.14-macos-aarch64-none/lib/python3.12/http/server.py", line 470, in send_error
    self.log_error("code %d, message %s", code, message)
  File "/Users/alex/.local/share/uv/python/cpython-3.12.14-macos-aarch64-none/lib/python3.12/http/server.py", line 572, in log_error
    self.log_message(format, *args)
  File "/Users/alex/Documents/CR_projects/phil_sycophancy/philsyc/serve_report.py", line 42, in log_message
    if "/api/" in (args[0] if args else ""):
       ^^^^^^^^^^^^^^^^^^^^^^^^^^^^^^^^^^^^
TypeError: argument of type 'HTTPStatus' is not iterable
----------------------------------------
27/Sep/2026 10:46:35 - "GET /api/post_mtime HTTP/1.1" 200 -
----------------------------------------
Exception occurred during processing of request from ('127.0.0.1', 62165)
Traceback (most recent call last):
  File "/Users/alex/.local/share/uv/python/cpython-3.12.14-macos-aarch64-none/lib/python3.12/http/server.py", line 735, in send_head
    f = open(path, 'rb')
        ^^^^^^^^^^^^^^^^
FileNotFoundError: [Errno 2] No such file or directory: '/Users/alex/Documents/CR_projects/phil_sycophancy/results/favicon.ico'

During handling of the above exception, another exception occurred:

Traceback (most recent call last):
  File "/Users/alex/.local/share/uv/python/cpython-3.12.14-macos-aarch64-none/lib/python3.12/socketserver.py", line 697, in process_request_thread
    self.finish_request(request, client_address)
  File "/Users/alex/.local/share/uv/python/cpython-3.12.14-macos-aarch64-none/lib/python3.12/socketserver.py", line 362, in finish_request
    self.RequestHandlerClass(request, client_address, self)
  File "/Users/alex/.local/share/uv/python/cpython-3.12.14-macos-aarch64-none/lib/python3.12/http/server.py", line 676, in __init__
    super().__init__(*args, **kwargs)
  File "/Users/alex/.local/share/uv/python/cpython-3.12.14-macos-aarch64-none/lib/python3.12/socketserver.py", line 766, in __init__
    self.handle()
  File "/Users/alex/.local/share/uv/python/cpython-3.12.14-macos-aarch64-none/lib/python3.12/http/server.py", line 440, in handle
    self.handle_one_request()
  File "/Users/alex/.local/share/uv/python/cpython-3.12.14-macos-aarch64-none/lib/python3.12/http/server.py", line 428, in handle_one_request
    method()
  File "/Users/alex/Documents/CR_projects/phil_sycophancy/philsyc/serve_report.py", line 67, in do_GET
    return super().do_GET()
           ^^^^^^^^^^^^^^^^
  File "/Users/alex/.local/share/uv/python/cpython-3.12.14-macos-aarch64-none/lib/python3.12/http/server.py", line 680, in do_GET
    f = self.send_head()
        ^^^^^^^^^^^^^^^^
  File "/Users/alex/.local/share/uv/python/cpython-3.12.14-macos-aarch64-none/lib/python3.12/http/server.py", line 737, in send_head
    self.send_error(HTTPStatus.NOT_FOUND, "File not found")
  File "/Users/alex/.local/share/uv/python/cpython-3.12.14-macos-aarch64-none/lib/python3.12/http/server.py", line 470, in send_error
    self.log_error("code %d, message %s", code, message)
  File "/Users/alex/.local/share/uv/python/cpython-3.12.14-macos-aarch64-none/lib/python3.12/http/server.py", line 572, in log_error
    self.log_message(format, *args)
  File "/Users/alex/Documents/CR_projects/phil_sycophancy/philsyc/serve_report.py", line 42, in log_message
    if "/api/" in (args[0] if args else ""):
       ^^^^^^^^^^^^^^^^^^^^^^^^^^^^^^^^^^^^
TypeError: argument of type 'HTTPStatus' is not iterable
----------------------------------------
----------------------------------------
Exception occurred during processing of request from ('127.0.0.1', 62166)
Traceback (most recent call last):
  File "/Users/alex/.local/share/uv/python/cpython-3.12.14-macos-aarch64-none/lib/python3.12/http/server.py", line 735, in send_head
    f = open(path, 'rb')
        ^^^^^^^^^^^^^^^^
FileNotFoundError: [Errno 2] No such file or directory: '/Users/alex/Documents/CR_projects/phil_sycophancy/results/favicon.ico'

During handling of the above exception, another exception occurred:

Traceback (most recent call last):
  File "/Users/alex/.local/share/uv/python/cpython-3.12.14-macos-aarch64-none/lib/python3.12/socketserver.py", line 697, in process_request_thread
    self.finish_request(request, client_address)
  File "/Users/alex/.local/share/uv/python/cpython-3.12.14-macos-aarch64-none/lib/python3.12/socketserver.py", line 362, in finish_request
    self.RequestHandlerClass(request, client_address, self)
  File "/Users/alex/.local/share/uv/python/cpython-3.12.14-macos-aarch64-none/lib/python3.12/http/server.py", line 676, in __init__
    super().__init__(*args, **kwargs)
  File "/Users/alex/.local/share/uv/python/cpython-3.12.14-macos-aarch64-none/lib/python3.12/socketserver.py", line 766, in __init__
    self.handle()
  File "/Users/alex/.local/share/uv/python/cpython-3.12.14-macos-aarch64-none/lib/python3.12/http/server.py", line 440, in handle
    self.handle_one_request()
  File "/Users/alex/.local/share/uv/python/cpython-3.12.14-macos-aarch64-none/lib/python3.12/http/server.py", line 428, in handle_one_request
    method()
  File "/Users/alex/Documents/CR_projects/phil_sycophancy/philsyc/serve_report.py", line 67, in do_GET
    return super().do_GET()
           ^^^^^^^^^^^^^^^^
  File "/Users/alex/.local/share/uv/python/cpython-3.12.14-macos-aarch64-none/lib/python3.12/http/server.py", line 680, in do_GET
    f = self.send_head()
        ^^^^^^^^^^^^^^^^
  File "/Users/alex/.local/share/uv/python/cpython-3.12.14-macos-aarch64-none/lib/python3.12/http/server.py", line 737, in send_head
    self.send_error(HTTPStatus.NOT_FOUND, "File not found")
  File "/Users/alex/.local/share/uv/python/cpython-3.12.14-macos-aarch64-none/lib/python3.12/http/server.py", line 470, in send_error
    self.log_error("code %d, message %s", code, message)
  File "/Users/alex/.local/share/uv/python/cpython-3.12.14-macos-aarch64-none/lib/python3.12/http/server.py", line 572, in log_error
    self.log_message(format, *args)
  File "/Users/alex/Documents/CR_projects/phil_sycophancy/philsyc/serve_report.py", line 42, in log_message
    if "/api/" in (args[0] if args else ""):
       ^^^^^^^^^^^^^^^^^^^^^^^^^^^^^^^^^^^^
TypeError: argument of type 'HTTPStatus' is not iterable
----------------------------------------
27/Sep/2026 10:46:35 - "GET /api/post_mtime HTTP/1.1" 200 -
27/Sep/2026 10:46:37 - "GET /api/post_mtime HTTP/1.1" 200 -
27/Sep/2026 10:46:37 - "GET /api/post_mtime HTTP/1.1" 200 -
27/Sep/2026 10:46:38 - "GET /api/post_mtime HTTP/1.1" 200 -
27/Sep/2026 10:46:39 - "GET /api/post_mtime HTTP/1.1" 200 -
27/Sep/2026 10:46:40 - "GET /api/post_mtime HTTP/1.1" 200 -
27/Sep/2026 10:46:40 - "GET /api/post_mtime HTTP/1.1" 200 -
27/Sep/2026 10:46:41 - "GET /api/post_mtime HTTP/1.1" 200 -
27/Sep/2026 10:46:42 - "GET /api/post_mtime HTTP/1.1" 200 -
27/Sep/2026 10:46:43 - "GET /api/post_mtime HTTP/1.1" 200 -
27/Sep/2026 10:46:43 - "GET /api/post_mtime HTTP/1.1" 200 -
27/Sep/2026 10:46:44 - "GET /api/post_mtime HTTP/1.1" 200 -
27/Sep/2026 10:46:45 - "GET /api/post_mtime HTTP/1.1" 200 -
27/Sep/2026 10:46:46 - "GET /api/post_mtime HTTP/1.1" 200 -
27/Sep/2026 10:46:46 - "GET /api/post_mtime HTTP/1.1" 200 -
27/Sep/2026 10:46:47 - "GET /api/post_mtime HTTP/1.1" 200 -
----------------------------------------
Exception occurred during processing of request from ('127.0.0.1', 62184)
Traceback (most recent call last):
  File "/Users/alex/.local/share/uv/python/cpython-3.12.14-macos-aarch64-none/lib/python3.12/http/server.py", line 735, in send_head
    f = open(path, 'rb')
        ^^^^^^^^^^^^^^^^
FileNotFoundError: [Errno 2] No such file or directory: '/Users/alex/Documents/CR_projects/phil_sycophancy/results/favicon.ico'

During handling of the above exception, another exception occurred:

Traceback (most recent call last):
  File "/Users/alex/.local/share/uv/python/cpython-3.12.14-macos-aarch64-none/lib/python3.12/socketserver.py", line 697, in process_request_thread
    self.finish_request(request, client_address)
  File "/Users/alex/.local/share/uv/python/cpython-3.12.14-macos-aarch64-none/lib/python3.12/socketserver.py", line 362, in finish_request
    self.RequestHandlerClass(request, client_address, self)
  File "/Users/alex/.local/share/uv/python/cpython-3.12.14-macos-aarch64-none/lib/python3.12/http/server.py", line 676, in __init__
    super().__init__(*args, **kwargs)
  File "/Users/alex/.local/share/uv/python/cpython-3.12.14-macos-aarch64-none/lib/python3.12/socketserver.py", line 766, in __init__
    self.handle()
  File "/Users/alex/.local/share/uv/python/cpython-3.12.14-macos-aarch64-none/lib/python3.12/http/server.py", line 440, in handle
    self.handle_one_request()
  File "/Users/alex/.local/share/uv/python/cpython-3.12.14-macos-aarch64-none/lib/python3.12/http/server.py", line 428, in handle_one_request
    method()
  File "/Users/alex/Documents/CR_projects/phil_sycophancy/philsyc/serve_report.py", line 67, in do_GET
    return super().do_GET()
           ^^^^^^^^^^^^^^^^
  File "/Users/alex/.local/share/uv/python/cpython-3.12.14-macos-aarch64-none/lib/python3.12/http/server.py", line 680, in do_GET
    f = self.send_head()
        ^^^^^^^^^^^^^^^^
  File "/Users/alex/.local/share/uv/python/cpython-3.12.14-macos-aarch64-none/lib/python3.12/http/server.py", line 737, in send_head
    self.send_error(HTTPStatus.NOT_FOUND, "File not found")
  File "/Users/alex/.local/share/uv/python/cpython-3.12.14-macos-aarch64-none/lib/python3.12/http/server.py", line 470, in send_error
    self.log_error("code %d, message %s", code, message)
  File "/Users/alex/.local/share/uv/python/cpython-3.12.14-macos-aarch64-none/lib/python3.12/http/server.py", line 572, in log_error
    self.log_message(format, *args)
  File "/Users/alex/Documents/CR_projects/phil_sycophancy/philsyc/serve_report.py", line 42, in log_message
    if "/api/" in (args[0] if args else ""):
       ^^^^^^^^^^^^^^^^^^^^^^^^^^^^^^^^^^^^
TypeError: argument of type 'HTTPStatus' is not iterable
----------------------------------------
----------------------------------------
Exception occurred during processing of request from ('127.0.0.1', 62185)
Traceback (most recent call last):
  File "/Users/alex/.local/share/uv/python/cpython-3.12.14-macos-aarch64-none/lib/python3.12/http/server.py", line 735, in send_head
    f = open(path, 'rb')
        ^^^^^^^^^^^^^^^^
FileNotFoundError: [Errno 2] No such file or directory: '/Users/alex/Documents/CR_projects/phil_sycophancy/results/favicon.ico'

During handling of the above exception, another exception occurred:

Traceback (most recent call last):
  File "/Users/alex/.local/share/uv/python/cpython-3.12.14-macos-aarch64-none/lib/python3.12/socketserver.py", line 697, in process_request_thread
    self.finish_request(request, client_address)
  File "/Users/alex/.local/share/uv/python/cpython-3.12.14-macos-aarch64-none/lib/python3.12/socketserver.py", line 362, in finish_request
    self.RequestHandlerClass(request, client_address, self)
  File "/Users/alex/.local/share/uv/python/cpython-3.12.14-macos-aarch64-none/lib/python3.12/http/server.py", line 676, in __init__
    super().__init__(*args, **kwargs)
  File "/Users/alex/.local/share/uv/python/cpython-3.12.14-macos-aarch64-none/lib/python3.12/socketserver.py", line 766, in __init__
    self.handle()
  File "/Users/alex/.local/share/uv/python/cpython-3.12.14-macos-aarch64-none/lib/python3.12/http/server.py", line 440, in handle
    self.handle_one_request()
  File "/Users/alex/.local/share/uv/python/cpython-3.12.14-macos-aarch64-none/lib/python3.12/http/server.py", line 428, in handle_one_request
    method()
  File "/Users/alex/Documents/CR_projects/phil_sycophancy/philsyc/serve_report.py", line 67, in do_GET
    return super().do_GET()
           ^^^^^^^^^^^^^^^^
  File "/Users/alex/.local/share/uv/python/cpython-3.12.14-macos-aarch64-none/lib/python3.12/http/server.py", line 680, in do_GET
    f = self.send_head()
        ^^^^^^^^^^^^^^^^
  File "/Users/alex/.local/share/uv/python/cpython-3.12.14-macos-aarch64-none/lib/python3.12/http/server.py", line 737, in send_head
    self.send_error(HTTPStatus.NOT_FOUND, "File not found")
  File "/Users/alex/.local/share/uv/python/cpython-3.12.14-macos-aarch64-none/lib/python3.12/http/server.py", line 470, in send_error
    self.log_error("code %d, message %s", code, message)
  File "/Users/alex/.local/share/uv/python/cpython-3.12.14-macos-aarch64-none/lib/python3.12/http/server.py", line 572, in log_error
    self.log_message(format, *args)
  File "/Users/alex/Documents/CR_projects/phil_sycophancy/philsyc/serve_report.py", line 42, in log_message
    if "/api/" in (args[0] if args else ""):
       ^^^^^^^^^^^^^^^^^^^^^^^^^^^^^^^^^^^^
TypeError: argument of type 'HTTPStatus' is not iterable
----------------------------------------
27/Sep/2026 10:46:48 - "GET /api/post_mtime HTTP/1.1" 200 -
----------------------------------------
Exception occurred during processing of request from ('127.0.0.1', 62188)
Traceback (most recent call last):
  File "/Users/alex/.local/share/uv/python/cpython-3.12.14-macos-aarch64-none/lib/python3.12/http/server.py", line 735, in send_head
    f = open(path, 'rb')
        ^^^^^^^^^^^^^^^^
FileNotFoundError: [Errno 2] No such file or directory: '/Users/alex/Documents/CR_projects/phil_sycophancy/results/favicon.ico'

During handling of the above exception, another exception occurred:

Traceback (most recent call last):
  File "/Users/alex/.local/share/uv/python/cpython-3.12.14-macos-aarch64-none/lib/python3.12/socketserver.py", line 697, in process_request_thread
    self.finish_request(request, client_address)
  File "/Users/alex/.local/share/uv/python/cpython-3.12.14-macos-aarch64-none/lib/python3.12/socketserver.py", line 362, in finish_request
    self.RequestHandlerClass(request, client_address, self)
  File "/Users/alex/.local/share/uv/python/cpython-3.12.14-macos-aarch64-none/lib/python3.12/http/server.py", line 676, in __init__
    super().__init__(*args, **kwargs)
  File "/Users/alex/.local/share/uv/python/cpython-3.12.14-macos-aarch64-none/lib/python3.12/socketserver.py", line 766, in __init__
    self.handle()
  File "/Users/alex/.local/share/uv/python/cpython-3.12.14-macos-aarch64-none/lib/python3.12/http/server.py", line 440, in handle
    self.handle_one_request()
  File "/Users/alex/.local/share/uv/python/cpython-3.12.14-macos-aarch64-none/lib/python3.12/http/server.py", line 428, in handle_one_request
    method()
  File "/Users/alex/Documents/CR_projects/phil_sycophancy/philsyc/serve_report.py", line 67, in do_GET
    return super().do_GET()
           ^^^^^^^^^^^^^^^^
  File "/Users/alex/.local/share/uv/python/cpython-3.12.14-macos-aarch64-none/lib/python3.12/http/server.py", line 680, in do_GET
    f = self.send_head()
        ^^^^^^^^^^^^^^^^
  File "/Users/alex/.local/share/uv/python/cpython-3.12.14-macos-aarch64-none/lib/python3.12/http/server.py", line 737, in send_head
    self.send_error(HTTPStatus.NOT_FOUND, "File not found")
  File "/Users/alex/.local/share/uv/python/cpython-3.12.14-macos-aarch64-none/lib/python3.12/http/server.py", line 470, in send_error
    self.log_error("code %d, message %s", code, message)
  File "/Users/alex/.local/share/uv/python/cpython-3.12.14-macos-aarch64-none/lib/python3.12/http/server.py", line 572, in log_error
    self.log_message(format, *args)
  File "/Users/alex/Documents/CR_projects/phil_sycophancy/philsyc/serve_report.py", line 42, in log_message
    if "/api/" in (args[0] if args else ""):
       ^^^^^^^^^^^^^^^^^^^^^^^^^^^^^^^^^^^^
TypeError: argument of type 'HTTPStatus' is not iterable
----------------------------------------
----------------------------------------
Exception occurred during processing of request from ('127.0.0.1', 62189)
Traceback (most recent call last):
  File "/Users/alex/.local/share/uv/python/cpython-3.12.14-macos-aarch64-none/lib/python3.12/http/server.py", line 735, in send_head
    f = open(path, 'rb')
        ^^^^^^^^^^^^^^^^
FileNotFoundError: [Errno 2] No such file or directory: '/Users/alex/Documents/CR_projects/phil_sycophancy/results/favicon.ico'

During handling of the above exception, another exception occurred:

Traceback (most recent call last):
  File "/Users/alex/.local/share/uv/python/cpython-3.12.14-macos-aarch64-none/lib/python3.12/socketserver.py", line 697, in process_request_thread
    self.finish_request(request, client_address)
  File "/Users/alex/.local/share/uv/python/cpython-3.12.14-macos-aarch64-none/lib/python3.12/socketserver.py", line 362, in finish_request
    self.RequestHandlerClass(request, client_address, self)
  File "/Users/alex/.local/share/uv/python/cpython-3.12.14-macos-aarch64-none/lib/python3.12/http/server.py", line 676, in __init__
    super().__init__(*args, **kwargs)
  File "/Users/alex/.local/share/uv/python/cpython-3.12.14-macos-aarch64-none/lib/python3.12/socketserver.py", line 766, in __init__
    self.handle()
  File "/Users/alex/.local/share/uv/python/cpython-3.12.14-macos-aarch64-none/lib/python3.12/http/server.py", line 440, in handle
    self.handle_one_request()
  File "/Users/alex/.local/share/uv/python/cpython-3.12.14-macos-aarch64-none/lib/python3.12/http/server.py", line 428, in handle_one_request
    method()
  File "/Users/alex/Documents/CR_projects/phil_sycophancy/philsyc/serve_report.py", line 67, in do_GET
    return super().do_GET()
           ^^^^^^^^^^^^^^^^
  File "/Users/alex/.local/share/uv/python/cpython-3.12.14-macos-aarch64-none/lib/python3.12/http/server.py", line 680, in do_GET
    f = self.send_head()
        ^^^^^^^^^^^^^^^^
  File "/Users/alex/.local/share/uv/python/cpython-3.12.14-macos-aarch64-none/lib/python3.12/http/server.py", line 737, in send_head
    self.send_error(HTTPStatus.NOT_FOUND, "File not found")
  File "/Users/alex/.local/share/uv/python/cpython-3.12.14-macos-aarch64-none/lib/python3.12/http/server.py", line 470, in send_error
    self.log_error("code %d, message %s", code, message)
  File "/Users/alex/.local/share/uv/python/cpython-3.12.14-macos-aarch64-none/lib/python3.12/http/server.py", line 572, in log_error
    self.log_message(format, *args)
  File "/Users/alex/Documents/CR_projects/phil_sycophancy/philsyc/serve_report.py", line 42, in log_message
    if "/api/" in (args[0] if args else ""):
       ^^^^^^^^^^^^^^^^^^^^^^^^^^^^^^^^^^^^
TypeError: argument of type 'HTTPStatus' is not iterable
----------------------------------------
27/Sep/2026 10:46:49 - "GET /api/post_mtime HTTP/1.1" 200 -
27/Sep/2026 10:46:50 - "GET /api/post_mtime HTTP/1.1" 200 -
27/Sep/2026 10:46:50 - "GET /api/post_mtime HTTP/1.1" 200 -
27/Sep/2026 10:46:52 - "GET /api/post_mtime HTTP/1.1" 200 -
27/Sep/2026 10:46:52 - "GET /api/post_mtime HTTP/1.1" 200 -
27/Sep/2026 10:46:53 - "GET /api/post_mtime HTTP/1.1" 200 -
27/Sep/2026 10:46:53 - "GET /api/post_mtime HTTP/1.1" 200 -
27/Sep/2026 10:46:55 - "GET /api/post_mtime HTTP/1.1" 200 -
27/Sep/2026 10:46:55 - "GET /api/post_mtime HTTP/1.1" 200 -
27/Sep/2026 10:46:56 - "GET /api/post_mtime HTTP/1.1" 200 -
27/Sep/2026 10:46:56 - "GET /api/post_mtime HTTP/1.1" 200 -
27/Sep/2026 10:46:58 - "GET /api/post_mtime HTTP/1.1" 200 -
27/Sep/2026 10:46:58 - "GET /api/post_mtime HTTP/1.1" 200 -
27/Sep/2026 10:46:59 - "GET /api/post_mtime HTTP/1.1" 200 -
27/Sep/2026 10:46:59 - "GET /api/post_mtime HTTP/1.1" 200 -
27/Sep/2026 10:47:01 - "GET /api/post_mtime HTTP/1.1" 200 -
27/Sep/2026 10:47:01 - "GET /api/post_mtime HTTP/1.1" 200 -
27/Sep/2026 10:47:02 - "GET /api/post_mtime HTTP/1.1" 200 -
27/Sep/2026 10:47:02 - "GET /api/post_mtime HTTP/1.1" 200 -
27/Sep/2026 10:47:04 - "GET /api/post_mtime HTTP/1.1" 200 -
27/Sep/2026 10:47:04 - "GET /api/post_mtime HTTP/1.1" 200 -
27/Sep/2026 10:47:05 - "GET /api/post_mtime HTTP/1.1" 200 -
27/Sep/2026 10:47:05 - "GET /api/post_mtime HTTP/1.1" 200 -
27/Sep/2026 10:47:07 - "GET /api/post_mtime HTTP/1.1" 200 -
27/Sep/2026 10:47:07 - "GET /api/post_mtime HTTP/1.1" 200 -
27/Sep/2026 10:47:08 - "GET /api/post_mtime HTTP/1.1" 200 -
27/Sep/2026 10:47:08 - "GET /api/post_mtime HTTP/1.1" 200 -
27/Sep/2026 10:47:10 - "GET /api/post_mtime HTTP/1.1" 200 -
27/Sep/2026 10:47:10 - "GET /api/post_mtime HTTP/1.1" 200 -
27/Sep/2026 10:47:11 - "GET /api/post_mtime HTTP/1.1" 200 -
27/Sep/2026 10:47:11 - "GET /api/post_mtime HTTP/1.1" 200 -
27/Sep/2026 10:47:13 - "GET /api/post_mtime HTTP/1.1" 200 -
27/Sep/2026 10:47:13 - "GET /api/post_mtime HTTP/1.1" 200 -
27/Sep/2026 10:47:14 - "GET /api/post_mtime HTTP/1.1" 200 -
27/Sep/2026 10:47:14 - "GET /api/post_mtime HTTP/1.1" 200 -
27/Sep/2026 10:47:16 - "GET /api/post_mtime HTTP/1.1" 200 -
27/Sep/2026 10:47:16 - "GET /api/post_mtime HTTP/1.1" 200 -
27/Sep/2026 10:47:17 - "GET /api/post_mtime HTTP/1.1" 200 -
27/Sep/2026 10:47:17 - "GET /api/post_mtime HTTP/1.1" 200 -
27/Sep/2026 10:47:19 - "GET /api/post_mtime HTTP/1.1" 200 -
27/Sep/2026 10:47:19 - "GET /api/post_mtime HTTP/1.1" 200 -
27/Sep/2026 10:47:20 - "GET /api/post_mtime HTTP/1.1" 200 -
27/Sep/2026 10:47:20 - "GET /api/post_mtime HTTP/1.1" 200 -
27/Sep/2026 10:47:22 - "GET /api/post_mtime HTTP/1.1" 200 -
27/Sep/2026 10:47:22 - "GET /api/post_mtime HTTP/1.1" 200 -
27/Sep/2026 10:47:23 - "GET /api/post_mtime HTTP/1.1" 200 -
27/Sep/2026 10:47:23 - "GET /api/post_mtime HTTP/1.1" 200 -
27/Sep/2026 10:47:25 - "GET /api/post_mtime HTTP/1.1" 200 -
27/Sep/2026 10:47:25 - "GET /api/post_mtime HTTP/1.1" 200 -
27/Sep/2026 10:47:26 - "GET /api/post_mtime HTTP/1.1" 200 -
27/Sep/2026 10:47:26 - "GET /api/post_mtime HTTP/1.1" 200 -
27/Sep/2026 10:47:28 - "GET /api/post_mtime HTTP/1.1" 200 -
27/Sep/2026 10:47:28 - "GET /api/post_mtime HTTP/1.1" 200 -
27/Sep/2026 10:47:29 - "GET /api/post_mtime HTTP/1.1" 200 -
27/Sep/2026 10:47:29 - "GET /api/post_mtime HTTP/1.1" 200 -
27/Sep/2026 10:47:31 - "GET /api/post_mtime HTTP/1.1" 200 -
27/Sep/2026 10:47:31 - "GET /api/post_mtime HTTP/1.1" 200 -
27/Sep/2026 10:47:32 - "GET /api/post_mtime HTTP/1.1" 200 -
27/Sep/2026 10:47:32 - "GET /api/post_mtime HTTP/1.1" 200 -
27/Sep/2026 10:47:34 - "GET /api/post_mtime HTTP/1.1" 200 -
27/Sep/2026 10:47:34 - "GET /api/post_mtime HTTP/1.1" 200 -
27/Sep/2026 10:47:35 - "GET /api/post_mtime HTTP/1.1" 200 -
27/Sep/2026 10:47:35 - "GET /api/post_mtime HTTP/1.1" 200 -
27/Sep/2026 10:47:37 - "GET /api/post_mtime HTTP/1.1" 200 -
27/Sep/2026 10:47:37 - "GET /api/post_mtime HTTP/1.1" 200 -
27/Sep/2026 10:47:38 - "GET /api/post_mtime HTTP/1.1" 200 -
27/Sep/2026 10:47:38 - "GET /api/post_mtime HTTP/1.1" 200 -
27/Sep/2026 10:47:40 - "GET /api/post_mtime HTTP/1.1" 200 -
27/Sep/2026 10:47:40 - "GET /api/post_mtime HTTP/1.1" 200 -
27/Sep/2026 10:47:41 - "GET /api/post_mtime HTTP/1.1" 200 -
27/Sep/2026 10:47:41 - "GET /api/post_mtime HTTP/1.1" 200 -
27/Sep/2026 10:47:43 - "GET /api/post_mtime HTTP/1.1" 200 -
27/Sep/2026 10:47:43 - "GET /api/post_mtime HTTP/1.1" 200 -
27/Sep/2026 10:47:44 - "GET /api/post_mtime HTTP/1.1" 200 -
27/Sep/2026 10:47:44 - "GET /api/post_mtime HTTP/1.1" 200 -
27/Sep/2026 10:47:46 - "GET /api/post_mtime HTTP/1.1" 200 -
27/Sep/2026 10:47:46 - "GET /api/post_mtime HTTP/1.1" 200 -
27/Sep/2026 10:47:47 - "GET /api/post_mtime HTTP/1.1" 200 -
27/Sep/2026 10:47:47 - "GET /api/post_mtime HTTP/1.1" 200 -
27/Sep/2026 10:47:49 - "GET /api/post_mtime HTTP/1.1" 200 -
27/Sep/2026 10:47:50 - "GET /api/post_mtime HTTP/1.1" 200 -
27/Sep/2026 10:47:52 - "GET /api/post_mtime HTTP/1.1" 200 -
27/Sep/2026 10:47:53 - "GET /api/post_mtime HTTP/1.1" 200 -
27/Sep/2026 10:47:55 - "GET /api/post_mtime HTTP/1.1" 200 -
27/Sep/2026 10:47:56 - "GET /api/post_mtime HTTP/1.1" 200 -
27/Sep/2026 10:47:58 - "GET /api/post_mtime HTTP/1.1" 200 -
27/Sep/2026 10:47:59 - "GET /api/post_mtime HTTP/1.1" 200 -
27/Sep/2026 10:48:01 - "GET /api/post_mtime HTTP/1.1" 200 -
27/Sep/2026 10:48:02 - "GET /api/post_mtime HTTP/1.1" 200 -
27/Sep/2026 10:48:04 - "GET /api/post_mtime HTTP/1.1" 200 -
27/Sep/2026 10:48:05 - "GET /api/post_mtime HTTP/1.1" 200 -
27/Sep/2026 10:48:07 - "GET /api/post_mtime HTTP/1.1" 200 -
27/Sep/2026 10:48:08 - "GET /api/post_mtime HTTP/1.1" 200 -
27/Sep/2026 10:48:10 - "GET /api/post_mtime HTTP/1.1" 200 -
27/Sep/2026 10:48:11 - "GET /api/post_mtime HTTP/1.1" 200 -
27/Sep/2026 10:48:13 - "GET /api/post_mtime HTTP/1.1" 200 -
27/Sep/2026 10:48:14 - "GET /api/post_mtime HTTP/1.1" 200 -
27/Sep/2026 10:48:16 - "GET /api/post_mtime HTTP/1.1" 200 -
27/Sep/2026 10:48:17 - "GET /api/post_mtime HTTP/1.1" 200 -
27/Sep/2026 10:48:19 - "GET /api/post_mtime HTTP/1.1" 200 -
27/Sep/2026 10:48:20 - "GET /api/post_mtime HTTP/1.1" 200 -
27/Sep/2026 10:48:22 - "GET /api/post_mtime HTTP/1.1" 200 -
27/Sep/2026 10:48:23 - "GET /api/post_mtime HTTP/1.1" 200 -
27/Sep/2026 10:48:25 - "GET /api/post_mtime HTTP/1.1" 200 -
27/Sep/2026 10:48:26 - "GET /api/post_mtime HTTP/1.1" 200 -
27/Sep/2026 10:48:28 - "GET /api/post_mtime HTTP/1.1" 200 -
27/Sep/2026 10:48:29 - "GET /api/post_mtime HTTP/1.1" 200 -
27/Sep/2026 10:48:31 - "GET /api/post_mtime HTTP/1.1" 200 -
27/Sep/2026 10:48:32 - "GET /api/post_mtime HTTP/1.1" 200 -
27/Sep/2026 10:48:34 - "GET /api/post_mtime HTTP/1.1" 200 -
27/Sep/2026 10:48:35 - "GET /api/post_mtime HTTP/1.1" 200 -
27/Sep/2026 10:48:37 - "GET /api/post_mtime HTTP/1.1" 200 -
27/Sep/2026 10:48:37 - "GET /api/post_mtime HTTP/1.1" 200 -
27/Sep/2026 10:48:38 - "GET /api/post_mtime HTTP/1.1" 200 -
27/Sep/2026 10:48:40 - "GET /api/post_mtime HTTP/1.1" 200 -
27/Sep/2026 10:48:41 - "GET /api/post_mtime HTTP/1.1" 200 -
27/Sep/2026 10:48:43 - "GET /api/post_mtime HTTP/1.1" 200 -
27/Sep/2026 10:48:44 - "GET /api/post_mtime HTTP/1.1" 200 -
27/Sep/2026 10:48:46 - "GET /api/post_mtime HTTP/1.1" 200 -
27/Sep/2026 10:48:47 - "GET /api/post_mtime HTTP/1.1" 200 -
27/Sep/2026 10:48:49 - "GET /api/post_mtime HTTP/1.1" 200 -
27/Sep/2026 10:48:50 - "GET /api/post_mtime HTTP/1.1" 200 -
27/Sep/2026 10:48:52 - "GET /api/post_mtime HTTP/1.1" 200 -
27/Sep/2026 10:48:53 - "GET /api/post_mtime HTTP/1.1" 200 -
27/Sep/2026 10:48:55 - "GET /api/post_mtime HTTP/1.1" 200 -
27/Sep/2026 10:48:56 - "GET /api/post_mtime HTTP/1.1" 200 -
27/Sep/2026 10:48:58 - "GET /api/post_mtime HTTP/1.1" 200 -
27/Sep/2026 10:48:59 - "GET /api/post_mtime HTTP/1.1" 200 -
27/Sep/2026 10:49:01 - "GET /api/post_mtime HTTP/1.1" 200 -
27/Sep/2026 10:49:02 - "GET /api/post_mtime HTTP/1.1" 200 -
27/Sep/2026 10:49:04 - "GET /api/post_mtime HTTP/1.1" 200 -
27/Sep/2026 10:49:05 - "GET /api/post_mtime HTTP/1.1" 200 -
27/Sep/2026 10:49:07 - "GET /api/post_mtime HTTP/1.1" 200 -
27/Sep/2026 10:49:08 - "GET /api/post_mtime HTTP/1.1" 200 -
27/Sep/2026 10:49:10 - "GET /api/post_mtime HTTP/1.1" 200 -
27/Sep/2026 10:49:11 - "GET /api/post_mtime HTTP/1.1" 200 -
27/Sep/2026 10:49:13 - "GET /api/post_mtime HTTP/1.1" 200 -
27/Sep/2026 10:49:14 - "GET /api/post_mtime HTTP/1.1" 200 -
27/Sep/2026 10:49:16 - "GET /api/post_mtime HTTP/1.1" 200 -
27/Sep/2026 10:49:17 - "GET /api/post_mtime HTTP/1.1" 200 -
27/Sep/2026 10:49:19 - "GET /api/post_mtime HTTP/1.1" 200 -
27/Sep/2026 10:49:20 - "GET /api/post_mtime HTTP/1.1" 200 -
27/Sep/2026 10:49:22 - "GET /api/post_mtime HTTP/1.1" 200 -
27/Sep/2026 10:49:23 - "GET /api/post_mtime HTTP/1.1" 200 -
27/Sep/2026 10:49:25 - "GET /api/post_mtime HTTP/1.1" 200 -
27/Sep/2026 10:49:26 - "GET /api/post_mtime HTTP/1.1" 200 -
27/Sep/2026 10:49:28 - "GET /api/post_mtime HTTP/1.1" 200 -
27/Sep/2026 10:49:29 - "GET /api/post_mtime HTTP/1.1" 200 -
27/Sep/2026 10:49:31 - "GET /api/post_mtime HTTP/1.1" 200 -
27/Sep/2026 10:49:32 - "GET /api/post_mtime HTTP/1.1" 200 -
27/Sep/2026 10:49:34 - "GET /api/post_mtime HTTP/1.1" 200 -
27/Sep/2026 10:49:35 - "GET /api/post_mtime HTTP/1.1" 200 -
27/Sep/2026 10:49:37 - "GET /api/post_mtime HTTP/1.1" 200 -
27/Sep/2026 10:49:37 - "GET /api/post_mtime HTTP/1.1" 200 -
27/Sep/2026 10:49:38 - "GET /api/post_mtime HTTP/1.1" 200 -
27/Sep/2026 10:49:40 - "GET /api/post_mtime HTTP/1.1" 200 -
27/Sep/2026 10:49:41 - "GET /api/post_mtime HTTP/1.1" 200 -
27/Sep/2026 10:49:43 - "GET /api/post_mtime HTTP/1.1" 200 -
27/Sep/2026 10:49:44 - "GET /api/post_mtime HTTP/1.1" 200 -
27/Sep/2026 10:49:46 - "GET /api/post_mtime HTTP/1.1" 200 -
27/Sep/2026 10:49:47 - "GET /api/post_mtime HTTP/1.1" 200 -
27/Sep/2026 10:49:49 - "GET /api/post_mtime HTTP/1.1" 200 -
27/Sep/2026 10:49:50 - "GET /api/post_mtime HTTP/1.1" 200 -
27/Sep/2026 10:49:52 - "GET /api/post_mtime HTTP/1.1" 200 -
27/Sep/2026 10:49:53 - "GET /api/post_mtime HTTP/1.1" 200 -
27/Sep/2026 10:49:55 - "GET /api/post_mtime HTTP/1.1" 200 -
27/Sep/2026 10:49:56 - "GET /api/post_mtime HTTP/1.1" 200 -
27/Sep/2026 10:49:58 - "GET /api/post_mtime HTTP/1.1" 200 -
27/Sep/2026 10:49:59 - "GET /api/post_mtime HTTP/1.1" 200 -
27/Sep/2026 10:50:01 - "GET /api/post_mtime HTTP/1.1" 200 -
27/Sep/2026 10:50:02 - "GET /api/post_mtime HTTP/1.1" 200 -
27/Sep/2026 10:50:04 - "GET /api/post_mtime HTTP/1.1" 200 -
27/Sep/2026 10:50:05 - "GET /api/post_mtime HTTP/1.1" 200 -
27/Sep/2026 10:50:07 - "GET /api/post_mtime HTTP/1.1" 200 -
27/Sep/2026 10:50:09 - "GET /api/post_mtime HTTP/1.1" 200 -
27/Sep/2026 10:50:10 - "GET /api/post_mtime HTTP/1.1" 200 -
27/Sep/2026 10:50:12 - "GET /api/post_mtime HTTP/1.1" 200 -
----------------------------------------
Exception occurred during processing of request from ('127.0.0.1', 62470)
Traceback (most recent call last):
  File "/Users/alex/.local/share/uv/python/cpython-3.12.14-macos-aarch64-none/lib/python3.12/http/server.py", line 735, in send_head
    f = open(path, 'rb')
        ^^^^^^^^^^^^^^^^
FileNotFoundError: [Errno 2] No such file or directory: '/Users/alex/Documents/CR_projects/phil_sycophancy/results/favicon.ico'

During handling of the above exception, another exception occurred:

Traceback (most recent call last):
  File "/Users/alex/.local/share/uv/python/cpython-3.12.14-macos-aarch64-none/lib/python3.12/socketserver.py", line 697, in process_request_thread
    self.finish_request(request, client_address)
  File "/Users/alex/.local/share/uv/python/cpython-3.12.14-macos-aarch64-none/lib/python3.12/socketserver.py", line 362, in finish_request
    self.RequestHandlerClass(request, client_address, self)
  File "/Users/alex/.local/share/uv/python/cpython-3.12.14-macos-aarch64-none/lib/python3.12/http/server.py", line 676, in __init__
    super().__init__(*args, **kwargs)
  File "/Users/alex/.local/share/uv/python/cpython-3.12.14-macos-aarch64-none/lib/python3.12/socketserver.py", line 766, in __init__
    self.handle()
  File "/Users/alex/.local/share/uv/python/cpython-3.12.14-macos-aarch64-none/lib/python3.12/http/server.py", line 440, in handle
    self.handle_one_request()
  File "/Users/alex/.local/share/uv/python/cpython-3.12.14-macos-aarch64-none/lib/python3.12/http/server.py", line 428, in handle_one_request
    method()
  File "/Users/alex/Documents/CR_projects/phil_sycophancy/philsyc/serve_report.py", line 67, in do_GET
    return super().do_GET()
           ^^^^^^^^^^^^^^^^
  File "/Users/alex/.local/share/uv/python/cpython-3.12.14-macos-aarch64-none/lib/python3.12/http/server.py", line 680, in do_GET
    f = self.send_head()
        ^^^^^^^^^^^^^^^^
  File "/Users/alex/.local/share/uv/python/cpython-3.12.14-macos-aarch64-none/lib/python3.12/http/server.py", line 737, in send_head
    self.send_error(HTTPStatus.NOT_FOUND, "File not found")
  File "/Users/alex/.local/share/uv/python/cpython-3.12.14-macos-aarch64-none/lib/python3.12/http/server.py", line 470, in send_error
    self.log_error("code %d, message %s", code, message)
  File "/Users/alex/.local/share/uv/python/cpython-3.12.14-macos-aarch64-none/lib/python3.12/http/server.py", line 572, in log_error
    self.log_message(format, *args)
  File "/Users/alex/Documents/CR_projects/phil_sycophancy/philsyc/serve_report.py", line 42, in log_message
    if "/api/" in (args[0] if args else ""):
       ^^^^^^^^^^^^^^^^^^^^^^^^^^^^^^^^^^^^
TypeError: argument of type 'HTTPStatus' is not iterable
----------------------------------------
----------------------------------------
Exception occurred during processing of request from ('127.0.0.1', 62472)
Traceback (most recent call last):
  File "/Users/alex/.local/share/uv/python/cpython-3.12.14-macos-aarch64-none/lib/python3.12/http/server.py", line 735, in send_head
    f = open(path, 'rb')
        ^^^^^^^^^^^^^^^^
FileNotFoundError: [Errno 2] No such file or directory: '/Users/alex/Documents/CR_projects/phil_sycophancy/results/favicon.ico'

During handling of the above exception, another exception occurred:

Traceback (most recent call last):
  File "/Users/alex/.local/share/uv/python/cpython-3.12.14-macos-aarch64-none/lib/python3.12/socketserver.py", line 697, in process_request_thread
    self.finish_request(request, client_address)
  File "/Users/alex/.local/share/uv/python/cpython-3.12.14-macos-aarch64-none/lib/python3.12/socketserver.py", line 362, in finish_request
    self.RequestHandlerClass(request, client_address, self)
  File "/Users/alex/.local/share/uv/python/cpython-3.12.14-macos-aarch64-none/lib/python3.12/http/server.py", line 676, in __init__
    super().__init__(*args, **kwargs)
  File "/Users/alex/.local/share/uv/python/cpython-3.12.14-macos-aarch64-none/lib/python3.12/socketserver.py", line 766, in __init__
    self.handle()
  File "/Users/alex/.local/share/uv/python/cpython-3.12.14-macos-aarch64-none/lib/python3.12/http/server.py", line 440, in handle
    self.handle_one_request()
  File "/Users/alex/.local/share/uv/python/cpython-3.12.14-macos-aarch64-none/lib/python3.12/http/server.py", line 428, in handle_one_request
    method()
  File "/Users/alex/Documents/CR_projects/phil_sycophancy/philsyc/serve_report.py", line 67, in do_GET
    return super().do_GET()
           ^^^^^^^^^^^^^^^^
  File "/Users/alex/.local/share/uv/python/cpython-3.12.14-macos-aarch64-none/lib/python3.12/http/server.py", line 680, in do_GET
    f = self.send_head()
        ^^^^^^^^^^^^^^^^
  File "/Users/alex/.local/share/uv/python/cpython-3.12.14-macos-aarch64-none/lib/python3.12/http/server.py", line 737, in send_head
    self.send_error(HTTPStatus.NOT_FOUND, "File not found")
  File "/Users/alex/.local/share/uv/python/cpython-3.12.14-macos-aarch64-none/lib/python3.12/http/server.py", line 470, in send_error
    self.log_error("code %d, message %s", code, message)
  File "/Users/alex/.local/share/uv/python/cpython-3.12.14-macos-aarch64-none/lib/python3.12/http/server.py", line 572, in log_error
    self.log_message(format, *args)
  File "/Users/alex/Documents/CR_projects/phil_sycophancy/philsyc/serve_report.py", line 42, in log_message
    if "/api/" in (args[0] if args else ""):
       ^^^^^^^^^^^^^^^^^^^^^^^^^^^^^^^^^^^^
TypeError: argument of type 'HTTPStatus' is not iterable
----------------------------------------
27/Sep/2026 10:50:14 - "GET /api/post_mtime HTTP/1.1" 200 -
27/Sep/2026 10:50:16 - "GET /api/post_mtime HTTP/1.1" 200 -
27/Sep/2026 10:50:17 - "GET /api/post_mtime HTTP/1.1" 200 -
27/Sep/2026 10:50:19 - "GET /api/post_mtime HTTP/1.1" 200 -
27/Sep/2026 10:50:20 - "GET /api/post_mtime HTTP/1.1" 200 -
27/Sep/2026 10:50:22 - "GET /api/post_mtime HTTP/1.1" 200 -
27/Sep/2026 10:50:23 - "GET /api/post_mtime HTTP/1.1" 200 -
27/Sep/2026 10:50:25 - "GET /api/post_mtime HTTP/1.1" 200 -
27/Sep/2026 10:50:26 - "GET /api/post_mtime HTTP/1.1" 200 -
27/Sep/2026 10:50:28 - "GET /api/post_mtime HTTP/1.1" 200 -
27/Sep/2026 10:50:29 - "GET /api/post_mtime HTTP/1.1" 200 -
27/Sep/2026 10:50:31 - "GET /api/post_mtime HTTP/1.1" 200 -
27/Sep/2026 10:50:32 - "GET /api/post_mtime HTTP/1.1" 200 -
27/Sep/2026 10:50:34 - "GET /api/post_mtime HTTP/1.1" 200 -
27/Sep/2026 10:50:35 - "GET /api/post_mtime HTTP/1.1" 200 -
27/Sep/2026 10:50:37 - "GET /api/post_mtime HTTP/1.1" 200 -
27/Sep/2026 10:50:37 - "GET /api/post_mtime HTTP/1.1" 200 -
----------------------------------------
Exception occurred during processing of request from ('127.0.0.1', 62511)
Traceback (most recent call last):
  File "/Users/alex/.local/share/uv/python/cpython-3.12.14-macos-aarch64-none/lib/python3.12/http/server.py", line 735, in send_head
    f = open(path, 'rb')
        ^^^^^^^^^^^^^^^^
FileNotFoundError: [Errno 2] No such file or directory: '/Users/alex/Documents/CR_projects/phil_sycophancy/results/favicon.ico'

During handling of the above exception, another exception occurred:

Traceback (most recent call last):
  File "/Users/alex/.local/share/uv/python/cpython-3.12.14-macos-aarch64-none/lib/python3.12/socketserver.py", line 697, in process_request_thread
    self.finish_request(request, client_address)
  File "/Users/alex/.local/share/uv/python/cpython-3.12.14-macos-aarch64-none/lib/python3.12/socketserver.py", line 362, in finish_request
    self.RequestHandlerClass(request, client_address, self)
  File "/Users/alex/.local/share/uv/python/cpython-3.12.14-macos-aarch64-none/lib/python3.12/http/server.py", line 676, in __init__
    super().__init__(*args, **kwargs)
  File "/Users/alex/.local/share/uv/python/cpython-3.12.14-macos-aarch64-none/lib/python3.12/socketserver.py", line 766, in __init__
    self.handle()
  File "/Users/alex/.local/share/uv/python/cpython-3.12.14-macos-aarch64-none/lib/python3.12/http/server.py", line 440, in handle
    self.handle_one_request()
  File "/Users/alex/.local/share/uv/python/cpython-3.12.14-macos-aarch64-none/lib/python3.12/http/server.py", line 428, in handle_one_request
    method()
  File "/Users/alex/Documents/CR_projects/phil_sycophancy/philsyc/serve_report.py", line 67, in do_GET
    return super().do_GET()
           ^^^^^^^^^^^^^^^^
  File "/Users/alex/.local/share/uv/python/cpython-3.12.14-macos-aarch64-none/lib/python3.12/http/server.py", line 680, in do_GET
    f = self.send_head()
        ^^^^^^^^^^^^^^^^
  File "/Users/alex/.local/share/uv/python/cpython-3.12.14-macos-aarch64-none/lib/python3.12/http/server.py", line 737, in send_head
    self.send_error(HTTPStatus.NOT_FOUND, "File not found")
  File "/Users/alex/.local/share/uv/python/cpython-3.12.14-macos-aarch64-none/lib/python3.12/http/server.py", line 470, in send_error
    self.log_error("code %d, message %s", code, message)
  File "/Users/alex/.local/share/uv/python/cpython-3.12.14-macos-aarch64-none/lib/python3.12/http/server.py", line 572, in log_error
    self.log_message(format, *args)
  File "/Users/alex/Documents/CR_projects/phil_sycophancy/philsyc/serve_report.py", line 42, in log_message
    if "/api/" in (args[0] if args else ""):
       ^^^^^^^^^^^^^^^^^^^^^^^^^^^^^^^^^^^^
TypeError: argument of type 'HTTPStatus' is not iterable
----------------------------------------
----------------------------------------
Exception occurred during processing of request from ('127.0.0.1', 62512)
Traceback (most recent call last):
  File "/Users/alex/.local/share/uv/python/cpython-3.12.14-macos-aarch64-none/lib/python3.12/http/server.py", line 735, in send_head
    f = open(path, 'rb')
        ^^^^^^^^^^^^^^^^
FileNotFoundError: [Errno 2] No such file or directory: '/Users/alex/Documents/CR_projects/phil_sycophancy/results/favicon.ico'

During handling of the above exception, another exception occurred:

Traceback (most recent call last):
  File "/Users/alex/.local/share/uv/python/cpython-3.12.14-macos-aarch64-none/lib/python3.12/socketserver.py", line 697, in process_request_thread
    self.finish_request(request, client_address)
  File "/Users/alex/.local/share/uv/python/cpython-3.12.14-macos-aarch64-none/lib/python3.12/socketserver.py", line 362, in finish_request
    self.RequestHandlerClass(request, client_address, self)
  File "/Users/alex/.local/share/uv/python/cpython-3.12.14-macos-aarch64-none/lib/python3.12/http/server.py", line 676, in __init__
    super().__init__(*args, **kwargs)
  File "/Users/alex/.local/share/uv/python/cpython-3.12.14-macos-aarch64-none/lib/python3.12/socketserver.py", line 766, in __init__
    self.handle()
  File "/Users/alex/.local/share/uv/python/cpython-3.12.14-macos-aarch64-none/lib/python3.12/http/server.py", line 440, in handle
    self.handle_one_request()
  File "/Users/alex/.local/share/uv/python/cpython-3.12.14-macos-aarch64-none/lib/python3.12/http/server.py", line 428, in handle_one_request
    method()
  File "/Users/alex/Documents/CR_projects/phil_sycophancy/philsyc/serve_report.py", line 67, in do_GET
    return super().do_GET()
           ^^^^^^^^^^^^^^^^
  File "/Users/alex/.local/share/uv/python/cpython-3.12.14-macos-aarch64-none/lib/python3.12/http/server.py", line 680, in do_GET
    f = self.send_head()
        ^^^^^^^^^^^^^^^^
  File "/Users/alex/.local/share/uv/python/cpython-3.12.14-macos-aarch64-none/lib/python3.12/http/server.py", line 737, in send_head
    self.send_error(HTTPStatus.NOT_FOUND, "File not found")
  File "/Users/alex/.local/share/uv/python/cpython-3.12.14-macos-aarch64-none/lib/python3.12/http/server.py", line 470, in send_error
    self.log_error("code %d, message %s", code, message)
  File "/Users/alex/.local/share/uv/python/cpython-3.12.14-macos-aarch64-none/lib/python3.12/http/server.py", line 572, in log_error
    self.log_message(format, *args)
  File "/Users/alex/Documents/CR_projects/phil_sycophancy/philsyc/serve_report.py", line 42, in log_message
    if "/api/" in (args[0] if args else ""):
       ^^^^^^^^^^^^^^^^^^^^^^^^^^^^^^^^^^^^
TypeError: argument of type 'HTTPStatus' is not iterable
----------------------------------------
27/Sep/2026 10:50:38 - "GET /api/post_mtime HTTP/1.1" 200 -
27/Sep/2026 10:50:39 - "GET /api/post_mtime HTTP/1.1" 200 -
27/Sep/2026 10:50:40 - "GET /api/post_mtime HTTP/1.1" 200 -
27/Sep/2026 10:50:41 - "GET /api/post_mtime HTTP/1.1" 200 -
27/Sep/2026 10:50:41 - "GET /api/post_mtime HTTP/1.1" 200 -
27/Sep/2026 10:50:42 - "GET /api/post_mtime HTTP/1.1" 200 -
27/Sep/2026 10:50:43 - "GET /api/post_mtime HTTP/1.1" 200 -
27/Sep/2026 10:50:44 - "GET /api/post_mtime HTTP/1.1" 200 -
27/Sep/2026 10:50:44 - "GET /api/post_mtime HTTP/1.1" 200 -
27/Sep/2026 10:50:45 - "GET /api/post_mtime HTTP/1.1" 200 -
27/Sep/2026 10:50:46 - "GET /api/post_mtime HTTP/1.1" 200 -
27/Sep/2026 10:50:47 - "GET /api/post_mtime HTTP/1.1" 200 -
27/Sep/2026 10:50:47 - "GET /api/post_mtime HTTP/1.1" 200 -
27/Sep/2026 10:50:48 - "GET /api/post_mtime HTTP/1.1" 200 -
27/Sep/2026 10:50:49 - "GET /api/post_mtime HTTP/1.1" 200 -
27/Sep/2026 10:50:50 - "GET /api/post_mtime HTTP/1.1" 200 -
27/Sep/2026 10:50:50 - "GET /api/post_mtime HTTP/1.1" 200 -
27/Sep/2026 10:50:51 - "GET /api/post_mtime HTTP/1.1" 200 -
27/Sep/2026 10:50:52 - "GET /api/post_mtime HTTP/1.1" 200 -
27/Sep/2026 10:50:53 - "GET /api/post_mtime HTTP/1.1" 200 -
27/Sep/2026 10:50:53 - "GET /api/post_mtime HTTP/1.1" 200 -
27/Sep/2026 10:50:54 - "GET /api/post_mtime HTTP/1.1" 200 -
27/Sep/2026 10:50:55 - "GET /api/post_mtime HTTP/1.1" 200 -
27/Sep/2026 10:50:56 - "GET /api/post_mtime HTTP/1.1" 200 -
27/Sep/2026 10:50:56 - "GET /api/post_mtime HTTP/1.1" 200 -
27/Sep/2026 10:50:57 - "GET /api/post_mtime HTTP/1.1" 200 -
27/Sep/2026 10:50:58 - "GET /api/post_mtime HTTP/1.1" 200 -
27/Sep/2026 10:50:59 - "GET /api/post_mtime HTTP/1.1" 200 -
27/Sep/2026 10:50:59 - "GET /api/post_mtime HTTP/1.1" 200 -
27/Sep/2026 10:51:00 - "GET /api/post_mtime HTTP/1.1" 200 -
27/Sep/2026 10:51:01 - "GET /api/post_mtime HTTP/1.1" 200 -
27/Sep/2026 10:51:02 - "GET /api/post_mtime HTTP/1.1" 200 -
27/Sep/2026 10:51:02 - "GET /api/post_mtime HTTP/1.1" 200 -
27/Sep/2026 10:51:03 - "GET /api/post_mtime HTTP/1.1" 200 -
27/Sep/2026 10:51:04 - "GET /api/post_mtime HTTP/1.1" 200 -
27/Sep/2026 10:51:05 - "GET /api/post_mtime HTTP/1.1" 200 -
27/Sep/2026 10:51:05 - "GET /api/post_mtime HTTP/1.1" 200 -
27/Sep/2026 10:51:06 - "GET /api/post_mtime HTTP/1.1" 200 -
27/Sep/2026 10:51:07 - "GET /api/post_mtime HTTP/1.1" 200 -
27/Sep/2026 10:51:08 - "GET /api/post_mtime HTTP/1.1" 200 -
27/Sep/2026 10:51:08 - "GET /api/post_mtime HTTP/1.1" 200 -
27/Sep/2026 10:51:09 - "GET /api/post_mtime HTTP/1.1" 200 -
27/Sep/2026 10:51:10 - "GET /api/post_mtime HTTP/1.1" 200 -
27/Sep/2026 10:51:11 - "GET /api/post_mtime HTTP/1.1" 200 -
27/Sep/2026 10:51:11 - "GET /api/post_mtime HTTP/1.1" 200 -
27/Sep/2026 10:51:12 - "GET /api/post_mtime HTTP/1.1" 200 -
27/Sep/2026 10:51:14 - "GET /api/post_mtime HTTP/1.1" 200 -
27/Sep/2026 10:51:15 - "GET /api/post_mtime HTTP/1.1" 200 -
27/Sep/2026 10:51:17 - "GET /api/post_mtime HTTP/1.1" 200 -
27/Sep/2026 10:51:18 - "GET /api/post_mtime HTTP/1.1" 200 -
27/Sep/2026 10:51:20 - "GET /api/post_mtime HTTP/1.1" 200 -
27/Sep/2026 10:51:21 - "GET /api/post_mtime HTTP/1.1" 200 -
27/Sep/2026 10:51:23 - "GET /api/post_mtime HTTP/1.1" 200 -
27/Sep/2026 10:51:24 - "GET /api/post_mtime HTTP/1.1" 200 -
27/Sep/2026 10:51:26 - "GET /api/post_mtime HTTP/1.1" 200 -
27/Sep/2026 10:51:27 - "GET /api/post_mtime HTTP/1.1" 200 -
27/Sep/2026 10:51:29 - "GET /api/post_mtime HTTP/1.1" 200 -
27/Sep/2026 10:51:30 - "GET /api/post_mtime HTTP/1.1" 200 -
27/Sep/2026 10:51:32 - "GET /api/post_mtime HTTP/1.1" 200 -
27/Sep/2026 10:51:33 - "GET /api/post_mtime HTTP/1.1" 200 -
27/Sep/2026 10:51:35 - "GET /api/post_mtime HTTP/1.1" 200 -
27/Sep/2026 10:51:36 - "GET /api/post_mtime HTTP/1.1" 200 -
27/Sep/2026 10:51:37 - "GET /api/post_mtime HTTP/1.1" 200 -
27/Sep/2026 10:52:37 - "GET /api/post_mtime HTTP/1.1" 200 -
27/Sep/2026 10:52:37 - "GET /api/post_mtime HTTP/1.1" 200 -
27/Sep/2026 10:52:54 - "GET /api/post_mtime HTTP/1.1" 200 -
27/Sep/2026 10:52:55 - "GET /api/post_mtime HTTP/1.1" 200 -
27/Sep/2026 10:52:57 - "GET /api/post_mtime HTTP/1.1" 200 -
27/Sep/2026 10:52:58 - "GET /api/post_mtime HTTP/1.1" 200 -
27/Sep/2026 10:53:00 - "GET /api/post_mtime HTTP/1.1" 200 -
27/Sep/2026 10:53:01 - "GET /api/post_mtime HTTP/1.1" 200 -
27/Sep/2026 10:53:03 - "GET /api/post_mtime HTTP/1.1" 200 -
27/Sep/2026 10:53:04 - "GET /api/post_mtime HTTP/1.1" 200 -
27/Sep/2026 10:53:06 - "GET /api/post_mtime HTTP/1.1" 200 -
27/Sep/2026 10:53:07 - "GET /api/post_mtime HTTP/1.1" 200 -
27/Sep/2026 10:53:09 - "GET /api/post_mtime HTTP/1.1" 200 -
27/Sep/2026 10:53:10 - "GET /api/post_mtime HTTP/1.1" 200 -
27/Sep/2026 10:53:12 - "GET /api/post_mtime HTTP/1.1" 200 -
27/Sep/2026 10:53:13 - "GET /api/post_mtime HTTP/1.1" 200 -
27/Sep/2026 10:53:15 - "GET /api/post_mtime HTTP/1.1" 200 -
27/Sep/2026 10:53:16 - "GET /api/post_mtime HTTP/1.1" 200 -
27/Sep/2026 10:53:18 - "GET /api/post_mtime HTTP/1.1" 200 -
27/Sep/2026 10:53:19 - "GET /api/post_mtime HTTP/1.1" 200 -
27/Sep/2026 10:53:21 - "GET /api/post_mtime HTTP/1.1" 200 -
27/Sep/2026 10:53:22 - "GET /api/post_mtime HTTP/1.1" 200 -
27/Sep/2026 10:53:24 - "GET /api/post_mtime HTTP/1.1" 200 -
27/Sep/2026 10:53:25 - "GET /api/post_mtime HTTP/1.1" 200 -
27/Sep/2026 10:53:27 - "GET /api/post_mtime HTTP/1.1" 200 -
27/Sep/2026 10:53:28 - "GET /api/post_mtime HTTP/1.1" 200 -
27/Sep/2026 10:53:30 - "GET /api/post_mtime HTTP/1.1" 200 -
27/Sep/2026 10:53:31 - "GET /api/post_mtime HTTP/1.1" 200 -
27/Sep/2026 10:53:33 - "GET /api/post_mtime HTTP/1.1" 200 -
27/Sep/2026 10:53:34 - "GET /api/post_mtime HTTP/1.1" 200 -
27/Sep/2026 10:53:36 - "GET /api/post_mtime HTTP/1.1" 200 -
27/Sep/2026 10:53:37 - "GET /api/post_mtime HTTP/1.1" 200 -
27/Sep/2026 10:53:37 - "GET /api/post_mtime HTTP/1.1" 200 -
27/Sep/2026 10:53:39 - "GET /api/post_mtime HTTP/1.1" 200 -
27/Sep/2026 10:53:40 - "GET /api/post_mtime HTTP/1.1" 200 -
27/Sep/2026 10:53:42 - "GET /api/post_mtime HTTP/1.1" 200 -
27/Sep/2026 10:53:43 - "GET /api/post_mtime HTTP/1.1" 200 -
27/Sep/2026 10:53:45 - "GET /api/post_mtime HTTP/1.1" 200 -
27/Sep/2026 10:53:46 - "GET /api/post_mtime HTTP/1.1" 200 -
27/Sep/2026 10:53:48 - "GET /api/post_mtime HTTP/1.1" 200 -
27/Sep/2026 10:53:49 - "GET /api/post_mtime HTTP/1.1" 200 -
27/Sep/2026 10:53:51 - "GET /api/post_mtime HTTP/1.1" 200 -
----------------------------------------
Exception occurred during processing of request from ('127.0.0.1', 62703)
Traceback (most recent call last):
  File "/Users/alex/.local/share/uv/python/cpython-3.12.14-macos-aarch64-none/lib/python3.12/http/server.py", line 735, in send_head
    f = open(path, 'rb')
        ^^^^^^^^^^^^^^^^
FileNotFoundError: [Errno 2] No such file or directory: '/Users/alex/Documents/CR_projects/phil_sycophancy/results/favicon.ico'

During handling of the above exception, another exception occurred:

Traceback (most recent call last):
  File "/Users/alex/.local/share/uv/python/cpython-3.12.14-macos-aarch64-none/lib/python3.12/socketserver.py", line 697, in process_request_thread
    self.finish_request(request, client_address)
  File "/Users/alex/.local/share/uv/python/cpython-3.12.14-macos-aarch64-none/lib/python3.12/socketserver.py", line 362, in finish_request
    self.RequestHandlerClass(request, client_address, self)
  File "/Users/alex/.local/share/uv/python/cpython-3.12.14-macos-aarch64-none/lib/python3.12/http/server.py", line 676, in __init__
    super().__init__(*args, **kwargs)
  File "/Users/alex/.local/share/uv/python/cpython-3.12.14-macos-aarch64-none/lib/python3.12/socketserver.py", line 766, in __init__
    self.handle()
  File "/Users/alex/.local/share/uv/python/cpython-3.12.14-macos-aarch64-none/lib/python3.12/http/server.py", line 440, in handle
    self.handle_one_request()
  File "/Users/alex/.local/share/uv/python/cpython-3.12.14-macos-aarch64-none/lib/python3.12/http/server.py", line 428, in handle_one_request
    method()
  File "/Users/alex/Documents/CR_projects/phil_sycophancy/philsyc/serve_report.py", line 67, in do_GET
    return super().do_GET()
           ^^^^^^^^^^^^^^^^
  File "/Users/alex/.local/share/uv/python/cpython-3.12.14-macos-aarch64-none/lib/python3.12/http/server.py", line 680, in do_GET
    f = self.send_head()
        ^^^^^^^^^^^^^^^^
  File "/Users/alex/.local/share/uv/python/cpython-3.12.14-macos-aarch64-none/lib/python3.12/http/server.py", line 737, in send_head
    self.send_error(HTTPStatus.NOT_FOUND, "File not found")
  File "/Users/alex/.local/share/uv/python/cpython-3.12.14-macos-aarch64-none/lib/python3.12/http/server.py", line 470, in send_error
    self.log_error("code %d, message %s", code, message)
  File "/Users/alex/.local/share/uv/python/cpython-3.12.14-macos-aarch64-none/lib/python3.12/http/server.py", line 572, in log_error
    self.log_message(format, *args)
  File "/Users/alex/Documents/CR_projects/phil_sycophancy/philsyc/serve_report.py", line 42, in log_message
    if "/api/" in (args[0] if args else ""):
       ^^^^^^^^^^^^^^^^^^^^^^^^^^^^^^^^^^^^
TypeError: argument of type 'HTTPStatus' is not iterable
----------------------------------------
27/Sep/2026 10:53:52 - "GET /api/post_mtime HTTP/1.1" 200 -
27/Sep/2026 10:53:54 - "GET /api/post_mtime HTTP/1.1" 200 -
27/Sep/2026 10:53:55 - "GET /api/post_mtime HTTP/1.1" 200 -
27/Sep/2026 10:53:57 - "GET /api/post_mtime HTTP/1.1" 200 -
27/Sep/2026 10:53:58 - "GET /api/post_mtime HTTP/1.1" 200 -
27/Sep/2026 10:54:00 - "GET /api/post_mtime HTTP/1.1" 200 -
27/Sep/2026 10:54:01 - "GET /api/post_mtime HTTP/1.1" 200 -
27/Sep/2026 10:54:03 - "GET /api/post_mtime HTTP/1.1" 200 -
27/Sep/2026 10:54:04 - "GET /api/post_mtime HTTP/1.1" 200 -
27/Sep/2026 10:54:06 - "GET /api/post_mtime HTTP/1.1" 200 -
27/Sep/2026 10:54:07 - "GET /api/post_mtime HTTP/1.1" 200 -
27/Sep/2026 10:54:09 - "GET /api/post_mtime HTTP/1.1" 200 -
27/Sep/2026 10:54:10 - "GET /api/post_mtime HTTP/1.1" 200 -
27/Sep/2026 10:54:12 - "GET /api/post_mtime HTTP/1.1" 200 -
27/Sep/2026 10:54:13 - "GET /api/post_mtime HTTP/1.1" 200 -
27/Sep/2026 10:54:15 - "GET /api/post_mtime HTTP/1.1" 200 -
27/Sep/2026 10:54:16 - "GET /api/post_mtime HTTP/1.1" 200 -
27/Sep/2026 10:54:18 - "GET /api/post_mtime HTTP/1.1" 200 -
27/Sep/2026 10:54:19 - "GET /api/post_mtime HTTP/1.1" 200 -
27/Sep/2026 10:54:21 - "GET /api/post_mtime HTTP/1.1" 200 -
27/Sep/2026 10:54:22 - "GET /api/post_mtime HTTP/1.1" 200 -
27/Sep/2026 10:54:24 - "GET /api/post_mtime HTTP/1.1" 200 -
27/Sep/2026 10:54:25 - "GET /api/post_mtime HTTP/1.1" 200 -
27/Sep/2026 10:54:27 - "GET /api/post_mtime HTTP/1.1" 200 -
27/Sep/2026 10:54:28 - "GET /api/post_mtime HTTP/1.1" 200 -
27/Sep/2026 10:54:30 - "GET /api/post_mtime HTTP/1.1" 200 -
27/Sep/2026 10:54:31 - "GET /api/post_mtime HTTP/1.1" 200 -
27/Sep/2026 10:54:33 - "GET /api/post_mtime HTTP/1.1" 200 -
27/Sep/2026 10:54:34 - "GET /api/post_mtime HTTP/1.1" 200 -
27/Sep/2026 10:54:36 - "GET /api/post_mtime HTTP/1.1" 200 -
27/Sep/2026 10:54:37 - "GET /api/post_mtime HTTP/1.1" 200 -
27/Sep/2026 10:54:37 - "GET /api/post_mtime HTTP/1.1" 200 -
27/Sep/2026 10:54:39 - "GET /api/post_mtime HTTP/1.1" 200 -
27/Sep/2026 10:54:40 - "GET /api/post_mtime HTTP/1.1" 200 -
27/Sep/2026 10:54:42 - "GET /api/post_mtime HTTP/1.1" 200 -
27/Sep/2026 10:54:43 - "GET /api/post_mtime HTTP/1.1" 200 -
27/Sep/2026 10:54:45 - "GET /api/post_mtime HTTP/1.1" 200 -
27/Sep/2026 10:54:46 - "GET /api/post_mtime HTTP/1.1" 200 -
27/Sep/2026 10:54:48 - "GET /api/post_mtime HTTP/1.1" 200 -
27/Sep/2026 10:54:49 - "GET /api/post_mtime HTTP/1.1" 200 -
27/Sep/2026 10:54:51 - "GET /api/post_mtime HTTP/1.1" 200 -
27/Sep/2026 10:54:52 - "GET /api/post_mtime HTTP/1.1" 200 -
27/Sep/2026 10:54:54 - "GET /api/post_mtime HTTP/1.1" 200 -
27/Sep/2026 10:54:55 - "GET /api/post_mtime HTTP/1.1" 200 -
27/Sep/2026 10:54:57 - "GET /api/post_mtime HTTP/1.1" 200 -
27/Sep/2026 10:54:58 - "GET /api/post_mtime HTTP/1.1" 200 -
27/Sep/2026 10:55:00 - "GET /api/post_mtime HTTP/1.1" 200 -
27/Sep/2026 10:55:01 - "GET /api/post_mtime HTTP/1.1" 200 -
27/Sep/2026 10:55:03 - "GET /api/post_mtime HTTP/1.1" 200 -
27/Sep/2026 10:55:04 - "GET /api/post_mtime HTTP/1.1" 200 -
27/Sep/2026 10:55:06 - "GET /api/post_mtime HTTP/1.1" 200 -
27/Sep/2026 10:55:07 - "GET /api/post_mtime HTTP/1.1" 200 -
27/Sep/2026 10:55:09 - "GET /api/post_mtime HTTP/1.1" 200 -
27/Sep/2026 10:55:10 - "GET /api/post_mtime HTTP/1.1" 200 -
27/Sep/2026 10:55:12 - "GET /api/post_mtime HTTP/1.1" 200 -
27/Sep/2026 10:55:13 - "GET /api/post_mtime HTTP/1.1" 200 -
27/Sep/2026 10:55:15 - "GET /api/post_mtime HTTP/1.1" 200 -
27/Sep/2026 10:55:16 - "GET /api/post_mtime HTTP/1.1" 200 -
27/Sep/2026 10:55:18 - "GET /api/post_mtime HTTP/1.1" 200 -
27/Sep/2026 10:55:19 - "GET /api/post_mtime HTTP/1.1" 200 -
27/Sep/2026 10:55:21 - "GET /api/post_mtime HTTP/1.1" 200 -
27/Sep/2026 10:55:22 - "GET /api/post_mtime HTTP/1.1" 200 -
27/Sep/2026 10:55:24 - "GET /api/post_mtime HTTP/1.1" 200 -
27/Sep/2026 10:55:25 - "GET /api/post_mtime HTTP/1.1" 200 -
27/Sep/2026 10:55:27 - "GET /api/post_mtime HTTP/1.1" 200 -
27/Sep/2026 10:55:28 - "GET /api/post_mtime HTTP/1.1" 200 -
27/Sep/2026 10:55:30 - "GET /api/post_mtime HTTP/1.1" 200 -
27/Sep/2026 10:55:31 - "GET /api/post_mtime HTTP/1.1" 200 -
27/Sep/2026 10:55:33 - "GET /api/post_mtime HTTP/1.1" 200 -
27/Sep/2026 10:55:34 - "GET /api/post_mtime HTTP/1.1" 200 -
27/Sep/2026 10:55:36 - "GET /api/post_mtime HTTP/1.1" 200 -
27/Sep/2026 10:55:37 - "GET /api/post_mtime HTTP/1.1" 200 -
27/Sep/2026 10:55:37 - "GET /api/post_mtime HTTP/1.1" 200 -
27/Sep/2026 10:55:39 - "GET /api/post_mtime HTTP/1.1" 200 -
27/Sep/2026 10:55:40 - "GET /api/post_mtime HTTP/1.1" 200 -
27/Sep/2026 10:55:42 - "GET /api/post_mtime HTTP/1.1" 200 -
27/Sep/2026 10:55:43 - "GET /api/post_mtime HTTP/1.1" 200 -
27/Sep/2026 10:55:45 - "GET /api/post_mtime HTTP/1.1" 200 -
27/Sep/2026 10:55:46 - "GET /api/post_mtime HTTP/1.1" 200 -
27/Sep/2026 10:55:48 - "GET /api/post_mtime HTTP/1.1" 200 -
27/Sep/2026 10:55:49 - "GET /api/post_mtime HTTP/1.1" 200 -
27/Sep/2026 10:55:51 - "GET /api/post_mtime HTTP/1.1" 200 -
27/Sep/2026 10:55:52 - "GET /api/post_mtime HTTP/1.1" 200 -
27/Sep/2026 10:55:54 - "GET /api/post_mtime HTTP/1.1" 200 -
27/Sep/2026 10:55:55 - "GET /api/post_mtime HTTP/1.1" 200 -
27/Sep/2026 10:55:57 - "GET /api/post_mtime HTTP/1.1" 200 -
27/Sep/2026 10:55:58 - "GET /api/post_mtime HTTP/1.1" 200 -
27/Sep/2026 10:56:00 - "GET /api/post_mtime HTTP/1.1" 200 -
27/Sep/2026 10:56:01 - "GET /api/post_mtime HTTP/1.1" 200 -
27/Sep/2026 10:56:03 - "GET /api/post_mtime HTTP/1.1" 200 -
27/Sep/2026 10:56:04 - "GET /api/post_mtime HTTP/1.1" 200 -
27/Sep/2026 10:56:06 - "GET /api/post_mtime HTTP/1.1" 200 -
27/Sep/2026 10:56:07 - "GET /api/post_mtime HTTP/1.1" 200 -
27/Sep/2026 10:56:09 - "GET /api/post_mtime HTTP/1.1" 200 -
27/Sep/2026 10:56:10 - "GET /api/post_mtime HTTP/1.1" 200 -
27/Sep/2026 10:56:12 - "GET /api/post_mtime HTTP/1.1" 200 -
27/Sep/2026 10:56:13 - "GET /api/post_mtime HTTP/1.1" 200 -
27/Sep/2026 10:56:15 - "GET /api/post_mtime HTTP/1.1" 200 -
27/Sep/2026 10:56:16 - "GET /api/post_mtime HTTP/1.1" 200 -
27/Sep/2026 10:56:18 - "GET /api/post_mtime HTTP/1.1" 200 -
27/Sep/2026 10:56:19 - "GET /api/post_mtime HTTP/1.1" 200 -
27/Sep/2026 10:56:21 - "GET /api/post_mtime HTTP/1.1" 200 -
27/Sep/2026 10:56:22 - "GET /api/post_mtime HTTP/1.1" 200 -
27/Sep/2026 10:56:24 - "GET /api/post_mtime HTTP/1.1" 200 -
27/Sep/2026 10:56:25 - "GET /api/post_mtime HTTP/1.1" 200 -
27/Sep/2026 10:56:27 - "GET /api/post_mtime HTTP/1.1" 200 -
27/Sep/2026 10:56:28 - "GET /api/post_mtime HTTP/1.1" 200 -
27/Sep/2026 10:56:30 - "GET /api/post_mtime HTTP/1.1" 200 -
27/Sep/2026 10:56:31 - "GET /api/post_mtime HTTP/1.1" 200 -
27/Sep/2026 10:56:33 - "GET /api/post_mtime HTTP/1.1" 200 -
27/Sep/2026 10:56:34 - "GET /api/post_mtime HTTP/1.1" 200 -
27/Sep/2026 10:56:36 - "GET /api/post_mtime HTTP/1.1" 200 -
27/Sep/2026 10:56:37 - "GET /api/post_mtime HTTP/1.1" 200 -
27/Sep/2026 10:56:37 - "GET /api/post_mtime HTTP/1.1" 200 -
27/Sep/2026 10:56:39 - "GET /api/post_mtime HTTP/1.1" 200 -
27/Sep/2026 10:56:40 - "GET /api/post_mtime HTTP/1.1" 200 -
27/Sep/2026 10:56:42 - "GET /api/post_mtime HTTP/1.1" 200 -
27/Sep/2026 10:56:43 - "GET /api/post_mtime HTTP/1.1" 200 -
27/Sep/2026 10:56:45 - "GET /api/post_mtime HTTP/1.1" 200 -
27/Sep/2026 10:56:46 - "GET /api/post_mtime HTTP/1.1" 200 -
27/Sep/2026 10:56:48 - "GET /api/post_mtime HTTP/1.1" 200 -
27/Sep/2026 10:56:49 - "GET /api/post_mtime HTTP/1.1" 200 -
27/Sep/2026 10:56:51 - "GET /api/post_mtime HTTP/1.1" 200 -
27/Sep/2026 10:56:52 - "GET /api/post_mtime HTTP/1.1" 200 -
27/Sep/2026 10:56:54 - "GET /api/post_mtime HTTP/1.1" 200 -
27/Sep/2026 10:56:55 - "GET /api/post_mtime HTTP/1.1" 200 -
27/Sep/2026 10:56:57 - "GET /api/post_mtime HTTP/1.1" 200 -
27/Sep/2026 10:56:58 - "GET /api/post_mtime HTTP/1.1" 200 -
27/Sep/2026 10:57:00 - "GET /api/post_mtime HTTP/1.1" 200 -
27/Sep/2026 10:57:01 - "GET /api/post_mtime HTTP/1.1" 200 -
27/Sep/2026 10:57:03 - "GET /api/post_mtime HTTP/1.1" 200 -
27/Sep/2026 10:57:04 - "GET /api/post_mtime HTTP/1.1" 200 -
27/Sep/2026 10:57:06 - "GET /api/post_mtime HTTP/1.1" 200 -
27/Sep/2026 10:57:07 - "GET /api/post_mtime HTTP/1.1" 200 -
27/Sep/2026 10:57:09 - "GET /api/post_mtime HTTP/1.1" 200 -
27/Sep/2026 10:57:10 - "GET /api/post_mtime HTTP/1.1" 200 -
27/Sep/2026 10:57:12 - "GET /api/post_mtime HTTP/1.1" 200 -
27/Sep/2026 10:57:13 - "GET /api/post_mtime HTTP/1.1" 200 -
27/Sep/2026 10:57:15 - "GET /api/post_mtime HTTP/1.1" 200 -
27/Sep/2026 10:57:16 - "GET /api/post_mtime HTTP/1.1" 200 -
27/Sep/2026 10:57:18 - "GET /api/post_mtime HTTP/1.1" 200 -
27/Sep/2026 10:57:19 - "GET /api/post_mtime HTTP/1.1" 200 -
27/Sep/2026 10:57:21 - "GET /api/post_mtime HTTP/1.1" 200 -
27/Sep/2026 10:57:22 - "GET /api/post_mtime HTTP/1.1" 200 -
27/Sep/2026 10:57:24 - "GET /api/post_mtime HTTP/1.1" 200 -
27/Sep/2026 10:57:25 - "GET /api/post_mtime HTTP/1.1" 200 -
27/Sep/2026 10:57:27 - "GET /api/post_mtime HTTP/1.1" 200 -
27/Sep/2026 10:57:28 - "GET /api/post_mtime HTTP/1.1" 200 -
27/Sep/2026 10:57:30 - "GET /api/post_mtime HTTP/1.1" 200 -
27/Sep/2026 10:57:31 - "GET /api/post_mtime HTTP/1.1" 200 -
27/Sep/2026 10:57:33 - "GET /api/post_mtime HTTP/1.1" 200 -
27/Sep/2026 10:57:34 - "GET /api/post_mtime HTTP/1.1" 200 -
27/Sep/2026 10:57:36 - "GET /api/post_mtime HTTP/1.1" 200 -
27/Sep/2026 10:57:37 - "GET /api/post_mtime HTTP/1.1" 200 -
27/Sep/2026 10:57:37 - "GET /api/post_mtime HTTP/1.1" 200 -
27/Sep/2026 10:57:39 - "GET /api/post_mtime HTTP/1.1" 200 -
27/Sep/2026 10:57:40 - "GET /api/post_mtime HTTP/1.1" 200 -
27/Sep/2026 10:57:42 - "GET /api/post_mtime HTTP/1.1" 200 -
27/Sep/2026 10:57:43 - "GET /api/post_mtime HTTP/1.1" 200 -
27/Sep/2026 10:57:45 - "GET /api/post_mtime HTTP/1.1" 200 -
27/Sep/2026 10:57:46 - "GET /api/post_mtime HTTP/1.1" 200 -
27/Sep/2026 10:57:48 - "GET /api/post_mtime HTTP/1.1" 200 -
27/Sep/2026 10:57:49 - "GET /api/post_mtime HTTP/1.1" 200 -
27/Sep/2026 10:57:51 - "GET /api/post_mtime HTTP/1.1" 200 -
27/Sep/2026 10:57:52 - "GET /api/post_mtime HTTP/1.1" 200 -
27/Sep/2026 10:57:54 - "GET /api/post_mtime HTTP/1.1" 200 -
27/Sep/2026 10:57:55 - "GET /api/post_mtime HTTP/1.1" 200 -
27/Sep/2026 10:57:57 - "GET /api/post_mtime HTTP/1.1" 200 -
27/Sep/2026 10:57:58 - "GET /api/post_mtime HTTP/1.1" 200 -
27/Sep/2026 10:58:00 - "GET /api/post_mtime HTTP/1.1" 200 -
27/Sep/2026 10:58:01 - "GET /api/post_mtime HTTP/1.1" 200 -
27/Sep/2026 10:58:03 - "GET /api/post_mtime HTTP/1.1" 200 -
27/Sep/2026 10:58:04 - "GET /api/post_mtime HTTP/1.1" 200 -
27/Sep/2026 10:58:06 - "GET /api/post_mtime HTTP/1.1" 200 -
27/Sep/2026 10:58:07 - "GET /api/post_mtime HTTP/1.1" 200 -
27/Sep/2026 10:58:09 - "GET /api/post_mtime HTTP/1.1" 200 -
27/Sep/2026 10:58:10 - "GET /api/post_mtime HTTP/1.1" 200 -
27/Sep/2026 10:58:12 - "GET /api/post_mtime HTTP/1.1" 200 -
27/Sep/2026 10:58:13 - "GET /api/post_mtime HTTP/1.1" 200 -
27/Sep/2026 10:58:15 - "GET /api/post_mtime HTTP/1.1" 200 -
27/Sep/2026 10:58:16 - "GET /api/post_mtime HTTP/1.1" 200 -
27/Sep/2026 10:58:18 - "GET /api/post_mtime HTTP/1.1" 200 -
27/Sep/2026 10:58:19 - "GET /api/post_mtime HTTP/1.1" 200 -
27/Sep/2026 10:58:21 - "GET /api/post_mtime HTTP/1.1" 200 -
27/Sep/2026 10:58:22 - "GET /api/post_mtime HTTP/1.1" 200 -
27/Sep/2026 10:58:24 - "GET /api/post_mtime HTTP/1.1" 200 -
27/Sep/2026 10:58:25 - "GET /api/post_mtime HTTP/1.1" 200 -
27/Sep/2026 10:58:27 - "GET /api/post_mtime HTTP/1.1" 200 -
27/Sep/2026 10:58:28 - "GET /api/post_mtime HTTP/1.1" 200 -
27/Sep/2026 10:58:30 - "GET /api/post_mtime HTTP/1.1" 200 -
27/Sep/2026 10:58:31 - "GET /api/post_mtime HTTP/1.1" 200 -
27/Sep/2026 10:58:33 - "GET /api/post_mtime HTTP/1.1" 200 -
27/Sep/2026 10:58:34 - "GET /api/post_mtime HTTP/1.1" 200 -
27/Sep/2026 10:58:36 - "GET /api/post_mtime HTTP/1.1" 200 -
27/Sep/2026 10:58:37 - "GET /api/post_mtime HTTP/1.1" 200 -
27/Sep/2026 10:58:37 - "GET /api/post_mtime HTTP/1.1" 200 -
27/Sep/2026 10:58:39 - "GET /api/post_mtime HTTP/1.1" 200 -
27/Sep/2026 10:58:40 - "GET /api/post_mtime HTTP/1.1" 200 -
27/Sep/2026 10:58:42 - "GET /api/post_mtime HTTP/1.1" 200 -
27/Sep/2026 10:58:43 - "GET /api/post_mtime HTTP/1.1" 200 -
27/Sep/2026 10:58:45 - "GET /api/post_mtime HTTP/1.1" 200 -
27/Sep/2026 10:58:46 - "GET /api/post_mtime HTTP/1.1" 200 -
27/Sep/2026 10:58:48 - "GET /api/post_mtime HTTP/1.1" 200 -
27/Sep/2026 10:58:49 - "GET /api/post_mtime HTTP/1.1" 200 -
27/Sep/2026 10:58:51 - "GET /api/post_mtime HTTP/1.1" 200 -
27/Sep/2026 10:58:52 - "GET /api/post_mtime HTTP/1.1" 200 -
27/Sep/2026 10:58:54 - "GET /api/post_mtime HTTP/1.1" 200 -
27/Sep/2026 10:58:55 - "GET /api/post_mtime HTTP/1.1" 200 -
27/Sep/2026 10:58:57 - "GET /api/post_mtime HTTP/1.1" 200 -
27/Sep/2026 10:58:58 - "GET /api/post_mtime HTTP/1.1" 200 -
27/Sep/2026 10:59:00 - "GET /api/post_mtime HTTP/1.1" 200 -
27/Sep/2026 10:59:01 - "GET /api/post_mtime HTTP/1.1" 200 -
27/Sep/2026 10:59:03 - "GET /api/post_mtime HTTP/1.1" 200 -
27/Sep/2026 10:59:04 - "GET /api/post_mtime HTTP/1.1" 200 -
27/Sep/2026 10:59:06 - "GET /api/post_mtime HTTP/1.1" 200 -
27/Sep/2026 10:59:07 - "GET /api/post_mtime HTTP/1.1" 200 -
27/Sep/2026 10:59:09 - "GET /api/post_mtime HTTP/1.1" 200 -
27/Sep/2026 10:59:10 - "GET /api/post_mtime HTTP/1.1" 200 -
27/Sep/2026 10:59:12 - "GET /api/post_mtime HTTP/1.1" 200 -
27/Sep/2026 10:59:13 - "GET /api/post_mtime HTTP/1.1" 200 -
27/Sep/2026 10:59:15 - "GET /api/post_mtime HTTP/1.1" 200 -
27/Sep/2026 10:59:16 - "GET /api/post_mtime HTTP/1.1" 200 -
27/Sep/2026 10:59:18 - "GET /api/post_mtime HTTP/1.1" 200 -
27/Sep/2026 10:59:19 - "GET /api/post_mtime HTTP/1.1" 200 -
27/Sep/2026 10:59:21 - "GET /api/post_mtime HTTP/1.1" 200 -
27/Sep/2026 10:59:22 - "GET /api/post_mtime HTTP/1.1" 200 -
27/Sep/2026 10:59:24 - "GET /api/post_mtime HTTP/1.1" 200 -
27/Sep/2026 10:59:25 - "GET /api/post_mtime HTTP/1.1" 200 -
27/Sep/2026 10:59:27 - "GET /api/post_mtime HTTP/1.1" 200 -
27/Sep/2026 10:59:28 - "GET /api/post_mtime HTTP/1.1" 200 -
27/Sep/2026 10:59:30 - "GET /api/post_mtime HTTP/1.1" 200 -
27/Sep/2026 10:59:31 - "GET /api/post_mtime HTTP/1.1" 200 -
27/Sep/2026 10:59:33 - "GET /api/post_mtime HTTP/1.1" 200 -
27/Sep/2026 10:59:34 - "GET /api/post_mtime HTTP/1.1" 200 -
27/Sep/2026 10:59:36 - "GET /api/post_mtime HTTP/1.1" 200 -
27/Sep/2026 10:59:37 - "GET /api/post_mtime HTTP/1.1" 200 -
27/Sep/2026 10:59:37 - "GET /api/post_mtime HTTP/1.1" 200 -
27/Sep/2026 10:59:39 - "GET /api/post_mtime HTTP/1.1" 200 -
27/Sep/2026 10:59:40 - "GET /api/post_mtime HTTP/1.1" 200 -
27/Sep/2026 10:59:42 - "GET /api/post_mtime HTTP/1.1" 200 -
27/Sep/2026 10:59:43 - "GET /api/post_mtime HTTP/1.1" 200 -
27/Sep/2026 10:59:45 - "GET /api/post_mtime HTTP/1.1" 200 -
27/Sep/2026 10:59:46 - "GET /api/post_mtime HTTP/1.1" 200 -
27/Sep/2026 10:59:48 - "GET /api/post_mtime HTTP/1.1" 200 -
27/Sep/2026 10:59:49 - "GET /api/post_mtime HTTP/1.1" 200 -
27/Sep/2026 10:59:51 - "GET /api/post_mtime HTTP/1.1" 200 -
27/Sep/2026 10:59:52 - "GET /api/post_mtime HTTP/1.1" 200 -
27/Sep/2026 10:59:54 - "GET /api/post_mtime HTTP/1.1" 200 -
27/Sep/2026 10:59:55 - "GET /api/post_mtime HTTP/1.1" 200 -
27/Sep/2026 10:59:57 - "GET /api/post_mtime HTTP/1.1" 200 -
27/Sep/2026 10:59:58 - "GET /api/post_mtime HTTP/1.1" 200 -
27/Sep/2026 11:00:00 - "GET /api/post_mtime HTTP/1.1" 200 -
27/Sep/2026 11:00:01 - "GET /api/post_mtime HTTP/1.1" 200 -
27/Sep/2026 11:00:03 - "GET /api/post_mtime HTTP/1.1" 200 -
27/Sep/2026 11:00:04 - "GET /api/post_mtime HTTP/1.1" 200 -
27/Sep/2026 11:00:06 - "GET /api/post_mtime HTTP/1.1" 200 -
27/Sep/2026 11:00:07 - "GET /api/post_mtime HTTP/1.1" 200 -
27/Sep/2026 11:00:09 - "GET /api/post_mtime HTTP/1.1" 200 -
27/Sep/2026 11:00:10 - "GET /api/post_mtime HTTP/1.1" 200 -
27/Sep/2026 11:00:12 - "GET /api/post_mtime HTTP/1.1" 200 -
27/Sep/2026 11:00:13 - "GET /api/post_mtime HTTP/1.1" 200 -
27/Sep/2026 11:00:15 - "GET /api/post_mtime HTTP/1.1" 200 -
27/Sep/2026 11:00:16 - "GET /api/post_mtime HTTP/1.1" 200 -
27/Sep/2026 11:00:18 - "GET /api/post_mtime HTTP/1.1" 200 -
27/Sep/2026 11:00:19 - "GET /api/post_mtime HTTP/1.1" 200 -
27/Sep/2026 11:00:21 - "GET /api/post_mtime HTTP/1.1" 200 -
27/Sep/2026 11:00:22 - "GET /api/post_mtime HTTP/1.1" 200 -
27/Sep/2026 11:00:24 - "GET /api/post_mtime HTTP/1.1" 200 -
27/Sep/2026 11:00:25 - "GET /api/post_mtime HTTP/1.1" 200 -
27/Sep/2026 11:00:27 - "GET /api/post_mtime HTTP/1.1" 200 -
27/Sep/2026 11:00:28 - "GET /api/post_mtime HTTP/1.1" 200 -
27/Sep/2026 11:00:30 - "GET /api/post_mtime HTTP/1.1" 200 -
27/Sep/2026 11:00:31 - "GET /api/post_mtime HTTP/1.1" 200 -
27/Sep/2026 11:00:33 - "GET /api/post_mtime HTTP/1.1" 200 -
27/Sep/2026 11:00:34 - "GET /api/post_mtime HTTP/1.1" 200 -
27/Sep/2026 11:00:36 - "GET /api/post_mtime HTTP/1.1" 200 -
27/Sep/2026 11:00:37 - "GET /api/post_mtime HTTP/1.1" 200 -
27/Sep/2026 11:00:37 - "GET /api/post_mtime HTTP/1.1" 200 -
27/Sep/2026 11:00:39 - "GET /api/post_mtime HTTP/1.1" 200 -
27/Sep/2026 11:00:40 - "GET /api/post_mtime HTTP/1.1" 200 -
27/Sep/2026 11:00:42 - "GET /api/post_mtime HTTP/1.1" 200 -
27/Sep/2026 11:00:43 - "GET /api/post_mtime HTTP/1.1" 200 -
27/Sep/2026 11:00:45 - "GET /api/post_mtime HTTP/1.1" 200 -
27/Sep/2026 11:00:46 - "GET /api/post_mtime HTTP/1.1" 200 -
27/Sep/2026 11:00:48 - "GET /api/post_mtime HTTP/1.1" 200 -
27/Sep/2026 11:00:49 - "GET /api/post_mtime HTTP/1.1" 200 -
27/Sep/2026 11:00:51 - "GET /api/post_mtime HTTP/1.1" 200 -
27/Sep/2026 11:00:52 - "GET /api/post_mtime HTTP/1.1" 200 -
27/Sep/2026 11:00:54 - "GET /api/post_mtime HTTP/1.1" 200 -
27/Sep/2026 11:00:55 - "GET /api/post_mtime HTTP/1.1" 200 -
27/Sep/2026 11:00:57 - "GET /api/post_mtime HTTP/1.1" 200 -
27/Sep/2026 11:00:58 - "GET /api/post_mtime HTTP/1.1" 200 -
27/Sep/2026 11:01:00 - "GET /api/post_mtime HTTP/1.1" 200 -
27/Sep/2026 11:01:01 - "GET /api/post_mtime HTTP/1.1" 200 -
27/Sep/2026 11:01:03 - "GET /api/post_mtime HTTP/1.1" 200 -
27/Sep/2026 11:01:04 - "GET /api/post_mtime HTTP/1.1" 200 -
27/Sep/2026 11:01:06 - "GET /api/post_mtime HTTP/1.1" 200 -
27/Sep/2026 11:01:07 - "GET /api/post_mtime HTTP/1.1" 200 -
27/Sep/2026 11:01:09 - "GET /api/post_mtime HTTP/1.1" 200 -
27/Sep/2026 11:01:10 - "GET /api/post_mtime HTTP/1.1" 200 -
27/Sep/2026 11:01:12 - "GET /api/post_mtime HTTP/1.1" 200 -
27/Sep/2026 11:01:13 - "GET /api/post_mtime HTTP/1.1" 200 -
27/Sep/2026 11:01:15 - "GET /api/post_mtime HTTP/1.1" 200 -
27/Sep/2026 11:01:16 - "GET /api/post_mtime HTTP/1.1" 200 -
27/Sep/2026 11:01:18 - "GET /api/post_mtime HTTP/1.1" 200 -
27/Sep/2026 11:01:19 - "GET /api/post_mtime HTTP/1.1" 200 -
27/Sep/2026 11:01:21 - "GET /api/post_mtime HTTP/1.1" 200 -
27/Sep/2026 11:01:22 - "GET /api/post_mtime HTTP/1.1" 200 -
27/Sep/2026 11:01:24 - "GET /api/post_mtime HTTP/1.1" 200 -
27/Sep/2026 11:01:25 - "GET /api/post_mtime HTTP/1.1" 200 -
27/Sep/2026 11:01:27 - "GET /api/post_mtime HTTP/1.1" 200 -
27/Sep/2026 11:01:28 - "GET /api/post_mtime HTTP/1.1" 200 -
27/Sep/2026 11:01:30 - "GET /api/post_mtime HTTP/1.1" 200 -
27/Sep/2026 11:01:31 - "GET /api/post_mtime HTTP/1.1" 200 -
27/Sep/2026 11:01:33 - "GET /api/post_mtime HTTP/1.1" 200 -
27/Sep/2026 11:01:34 - "GET /api/post_mtime HTTP/1.1" 200 -
27/Sep/2026 11:01:36 - "GET /api/post_mtime HTTP/1.1" 200 -
27/Sep/2026 11:01:37 - "GET /api/post_mtime HTTP/1.1" 200 -
27/Sep/2026 11:01:37 - "GET /api/post_mtime HTTP/1.1" 200 -
27/Sep/2026 11:01:39 - "GET /api/post_mtime HTTP/1.1" 200 -
27/Sep/2026 11:01:40 - "GET /api/post_mtime HTTP/1.1" 200 -
27/Sep/2026 11:01:42 - "GET /api/post_mtime HTTP/1.1" 200 -
27/Sep/2026 11:01:43 - "GET /api/post_mtime HTTP/1.1" 200 -
27/Sep/2026 11:01:45 - "GET /api/post_mtime HTTP/1.1" 200 -
27/Sep/2026 11:01:46 - "GET /api/post_mtime HTTP/1.1" 200 -
27/Sep/2026 11:01:48 - "GET /api/post_mtime HTTP/1.1" 200 -
27/Sep/2026 11:01:49 - "GET /api/post_mtime HTTP/1.1" 200 -
27/Sep/2026 11:01:51 - "GET /api/post_mtime HTTP/1.1" 200 -
27/Sep/2026 11:01:52 - "GET /api/post_mtime HTTP/1.1" 200 -
27/Sep/2026 11:01:54 - "GET /api/post_mtime HTTP/1.1" 200 -
27/Sep/2026 11:01:55 - "GET /api/post_mtime HTTP/1.1" 200 -
27/Sep/2026 11:01:57 - "GET /api/post_mtime HTTP/1.1" 200 -
27/Sep/2026 11:01:58 - "GET /api/post_mtime HTTP/1.1" 200 -
27/Sep/2026 11:02:00 - "GET /api/post_mtime HTTP/1.1" 200 -
27/Sep/2026 11:02:01 - "GET /api/post_mtime HTTP/1.1" 200 -
27/Sep/2026 11:02:03 - "GET /api/post_mtime HTTP/1.1" 200 -
27/Sep/2026 11:02:04 - "GET /api/post_mtime HTTP/1.1" 200 -
27/Sep/2026 11:02:06 - "GET /api/post_mtime HTTP/1.1" 200 -
27/Sep/2026 11:02:07 - "GET /api/post_mtime HTTP/1.1" 200 -
27/Sep/2026 11:02:09 - "GET /api/post_mtime HTTP/1.1" 200 -
27/Sep/2026 11:02:10 - "GET /api/post_mtime HTTP/1.1" 200 -
27/Sep/2026 11:02:12 - "GET /api/post_mtime HTTP/1.1" 200 -
27/Sep/2026 11:02:13 - "GET /api/post_mtime HTTP/1.1" 200 -
27/Sep/2026 11:02:15 - "GET /api/post_mtime HTTP/1.1" 200 -
27/Sep/2026 11:02:16 - "GET /api/post_mtime HTTP/1.1" 200 -
27/Sep/2026 11:02:18 - "GET /api/post_mtime HTTP/1.1" 200 -
27/Sep/2026 11:02:19 - "GET /api/post_mtime HTTP/1.1" 200 -
27/Sep/2026 11:02:21 - "GET /api/post_mtime HTTP/1.1" 200 -
27/Sep/2026 11:02:22 - "GET /api/post_mtime HTTP/1.1" 200 -
27/Sep/2026 11:02:24 - "GET /api/post_mtime HTTP/1.1" 200 -
27/Sep/2026 11:02:25 - "GET /api/post_mtime HTTP/1.1" 200 -
27/Sep/2026 11:02:27 - "GET /api/post_mtime HTTP/1.1" 200 -
27/Sep/2026 11:02:28 - "GET /api/post_mtime HTTP/1.1" 200 -
27/Sep/2026 11:02:30 - "GET /api/post_mtime HTTP/1.1" 200 -
27/Sep/2026 11:02:31 - "GET /api/post_mtime HTTP/1.1" 200 -
27/Sep/2026 11:02:33 - "GET /api/post_mtime HTTP/1.1" 200 -
27/Sep/2026 11:02:34 - "GET /api/post_mtime HTTP/1.1" 200 -
27/Sep/2026 11:02:36 - "GET /api/post_mtime HTTP/1.1" 200 -
27/Sep/2026 11:02:37 - "GET /api/post_mtime HTTP/1.1" 200 -
27/Sep/2026 11:02:37 - "GET /api/post_mtime HTTP/1.1" 200 -
27/Sep/2026 11:02:39 - "GET /api/post_mtime HTTP/1.1" 200 -
27/Sep/2026 11:02:40 - "GET /api/post_mtime HTTP/1.1" 200 -
27/Sep/2026 11:02:42 - "GET /api/post_mtime HTTP/1.1" 200 -
27/Sep/2026 11:02:43 - "GET /api/post_mtime HTTP/1.1" 200 -
27/Sep/2026 11:02:45 - "GET /api/post_mtime HTTP/1.1" 200 -
27/Sep/2026 11:02:46 - "GET /api/post_mtime HTTP/1.1" 200 -
27/Sep/2026 11:02:48 - "GET /api/post_mtime HTTP/1.1" 200 -
27/Sep/2026 11:02:49 - "GET /api/post_mtime HTTP/1.1" 200 -
27/Sep/2026 11:02:51 - "GET /api/post_mtime HTTP/1.1" 200 -
27/Sep/2026 11:02:52 - "GET /api/post_mtime HTTP/1.1" 200 -
27/Sep/2026 11:02:54 - "GET /api/post_mtime HTTP/1.1" 200 -
27/Sep/2026 11:02:55 - "GET /api/post_mtime HTTP/1.1" 200 -
27/Sep/2026 11:02:57 - "GET /api/post_mtime HTTP/1.1" 200 -
27/Sep/2026 11:02:58 - "GET /api/post_mtime HTTP/1.1" 200 -
27/Sep/2026 11:03:00 - "GET /api/post_mtime HTTP/1.1" 200 -
27/Sep/2026 11:03:01 - "GET /api/post_mtime HTTP/1.1" 200 -
27/Sep/2026 11:03:03 - "GET /api/post_mtime HTTP/1.1" 200 -
27/Sep/2026 11:03:04 - "GET /api/post_mtime HTTP/1.1" 200 -
27/Sep/2026 11:03:06 - "GET /api/post_mtime HTTP/1.1" 200 -
27/Sep/2026 11:03:07 - "GET /api/post_mtime HTTP/1.1" 200 -
27/Sep/2026 11:03:09 - "GET /api/post_mtime HTTP/1.1" 200 -
27/Sep/2026 11:03:10 - "GET /api/post_mtime HTTP/1.1" 200 -
27/Sep/2026 11:03:12 - "GET /api/post_mtime HTTP/1.1" 200 -
27/Sep/2026 11:03:13 - "GET /api/post_mtime HTTP/1.1" 200 -
27/Sep/2026 11:03:15 - "GET /api/post_mtime HTTP/1.1" 200 -
27/Sep/2026 11:03:16 - "GET /api/post_mtime HTTP/1.1" 200 -
27/Sep/2026 11:03:18 - "GET /api/post_mtime HTTP/1.1" 200 -
27/Sep/2026 11:03:19 - "GET /api/post_mtime HTTP/1.1" 200 -
27/Sep/2026 11:03:21 - "GET /api/post_mtime HTTP/1.1" 200 -
27/Sep/2026 11:03:22 - "GET /api/post_mtime HTTP/1.1" 200 -
27/Sep/2026 11:03:24 - "GET /api/post_mtime HTTP/1.1" 200 -
27/Sep/2026 11:03:25 - "GET /api/post_mtime HTTP/1.1" 200 -
27/Sep/2026 11:03:27 - "GET /api/post_mtime HTTP/1.1" 200 -
27/Sep/2026 11:03:28 - "GET /api/post_mtime HTTP/1.1" 200 -
27/Sep/2026 11:03:30 - "GET /api/post_mtime HTTP/1.1" 200 -
27/Sep/2026 11:03:31 - "GET /api/post_mtime HTTP/1.1" 200 -
27/Sep/2026 11:03:33 - "GET /api/post_mtime HTTP/1.1" 200 -
27/Sep/2026 11:03:34 - "GET /api/post_mtime HTTP/1.1" 200 -
27/Sep/2026 11:03:36 - "GET /api/post_mtime HTTP/1.1" 200 -
27/Sep/2026 11:03:37 - "GET /api/post_mtime HTTP/1.1" 200 -
27/Sep/2026 11:03:37 - "GET /api/post_mtime HTTP/1.1" 200 -
27/Sep/2026 11:03:39 - "GET /api/post_mtime HTTP/1.1" 200 -
27/Sep/2026 11:03:40 - "GET /api/post_mtime HTTP/1.1" 200 -
27/Sep/2026 11:03:42 - "GET /api/post_mtime HTTP/1.1" 200 -
27/Sep/2026 11:03:43 - "GET /api/post_mtime HTTP/1.1" 200 -
27/Sep/2026 11:03:45 - "GET /api/post_mtime HTTP/1.1" 200 -
27/Sep/2026 11:03:46 - "GET /api/post_mtime HTTP/1.1" 200 -
27/Sep/2026 11:03:48 - "GET /api/post_mtime HTTP/1.1" 200 -
27/Sep/2026 11:03:49 - "GET /api/post_mtime HTTP/1.1" 200 -
27/Sep/2026 11:03:51 - "GET /api/post_mtime HTTP/1.1" 200 -
27/Sep/2026 11:03:52 - "GET /api/post_mtime HTTP/1.1" 200 -
27/Sep/2026 11:03:54 - "GET /api/post_mtime HTTP/1.1" 200 -
27/Sep/2026 11:03:55 - "GET /api/post_mtime HTTP/1.1" 200 -
27/Sep/2026 11:03:57 - "GET /api/post_mtime HTTP/1.1" 200 -
27/Sep/2026 11:03:58 - "GET /api/post_mtime HTTP/1.1" 200 -
27/Sep/2026 11:04:01 - "GET /api/post_mtime HTTP/1.1" 200 -
27/Sep/2026 11:04:02 - "GET /api/post_mtime HTTP/1.1" 200 -
27/Sep/2026 11:04:04 - "GET /api/post_mtime HTTP/1.1" 200 -
27/Sep/2026 11:04:05 - "GET /api/post_mtime HTTP/1.1" 200 -
27/Sep/2026 11:04:07 - "GET /api/post_mtime HTTP/1.1" 200 -
27/Sep/2026 11:04:08 - "GET /api/post_mtime HTTP/1.1" 200 -
27/Sep/2026 11:04:10 - "GET /api/post_mtime HTTP/1.1" 200 -
27/Sep/2026 11:04:11 - "GET /api/post_mtime HTTP/1.1" 200 -
27/Sep/2026 11:04:13 - "GET /api/post_mtime HTTP/1.1" 200 -
27/Sep/2026 11:04:14 - "GET /api/post_mtime HTTP/1.1" 200 -
27/Sep/2026 11:04:16 - "GET /api/post_mtime HTTP/1.1" 200 -
27/Sep/2026 11:04:17 - "GET /api/post_mtime HTTP/1.1" 200 -
27/Sep/2026 11:04:19 - "GET /api/post_mtime HTTP/1.1" 200 -
27/Sep/2026 11:04:20 - "GET /api/post_mtime HTTP/1.1" 200 -
27/Sep/2026 11:04:22 - "GET /api/post_mtime HTTP/1.1" 200 -
27/Sep/2026 11:04:23 - "GET /api/post_mtime HTTP/1.1" 200 -
27/Sep/2026 11:04:25 - "GET /api/post_mtime HTTP/1.1" 200 -
27/Sep/2026 11:04:26 - "GET /api/post_mtime HTTP/1.1" 200 -
27/Sep/2026 11:04:28 - "GET /api/post_mtime HTTP/1.1" 200 -
27/Sep/2026 11:04:29 - "GET /api/post_mtime HTTP/1.1" 200 -
27/Sep/2026 11:04:31 - "GET /api/post_mtime HTTP/1.1" 200 -
27/Sep/2026 11:04:32 - "GET /api/post_mtime HTTP/1.1" 200 -
27/Sep/2026 11:04:34 - "GET /api/post_mtime HTTP/1.1" 200 -
27/Sep/2026 11:04:35 - "GET /api/post_mtime HTTP/1.1" 200 -
27/Sep/2026 11:04:37 - "GET /api/post_mtime HTTP/1.1" 200 -
27/Sep/2026 11:04:37 - "GET /api/post_mtime HTTP/1.1" 200 -
27/Sep/2026 11:04:38 - "GET /api/post_mtime HTTP/1.1" 200 -
27/Sep/2026 11:04:40 - "GET /api/post_mtime HTTP/1.1" 200 -
27/Sep/2026 11:04:41 - "GET /api/post_mtime HTTP/1.1" 200 -
27/Sep/2026 11:04:43 - "GET /api/post_mtime HTTP/1.1" 200 -
27/Sep/2026 11:04:44 - "GET /api/post_mtime HTTP/1.1" 200 -
27/Sep/2026 11:04:46 - "GET /api/post_mtime HTTP/1.1" 200 -
27/Sep/2026 11:04:47 - "GET /api/post_mtime HTTP/1.1" 200 -
27/Sep/2026 11:04:49 - "GET /api/post_mtime HTTP/1.1" 200 -
27/Sep/2026 11:04:50 - "GET /api/post_mtime HTTP/1.1" 200 -
27/Sep/2026 11:04:52 - "GET /api/post_mtime HTTP/1.1" 200 -
27/Sep/2026 11:04:53 - "GET /api/post_mtime HTTP/1.1" 200 -
27/Sep/2026 11:04:55 - "GET /api/post_mtime HTTP/1.1" 200 -
27/Sep/2026 11:04:56 - "GET /api/post_mtime HTTP/1.1" 200 -
27/Sep/2026 11:04:58 - "GET /api/post_mtime HTTP/1.1" 200 -
27/Sep/2026 11:04:59 - "GET /api/post_mtime HTTP/1.1" 200 -
27/Sep/2026 11:05:01 - "GET /api/post_mtime HTTP/1.1" 200 -
27/Sep/2026 11:05:02 - "GET /api/post_mtime HTTP/1.1" 200 -
27/Sep/2026 11:05:04 - "GET /api/post_mtime HTTP/1.1" 200 -
27/Sep/2026 11:05:05 - "GET /api/post_mtime HTTP/1.1" 200 -
27/Sep/2026 11:05:07 - "GET /api/post_mtime HTTP/1.1" 200 -
27/Sep/2026 11:05:08 - "GET /api/post_mtime HTTP/1.1" 200 -
27/Sep/2026 11:05:10 - "GET /api/post_mtime HTTP/1.1" 200 -
27/Sep/2026 11:05:11 - "GET /api/post_mtime HTTP/1.1" 200 -
27/Sep/2026 11:05:13 - "GET /api/post_mtime HTTP/1.1" 200 -
27/Sep/2026 11:05:14 - "GET /api/post_mtime HTTP/1.1" 200 -
27/Sep/2026 11:05:16 - "GET /api/post_mtime HTTP/1.1" 200 -
27/Sep/2026 11:05:17 - "GET /api/post_mtime HTTP/1.1" 200 -
27/Sep/2026 11:05:19 - "GET /api/post_mtime HTTP/1.1" 200 -
27/Sep/2026 11:05:20 - "GET /api/post_mtime HTTP/1.1" 200 -
27/Sep/2026 11:05:22 - "GET /api/post_mtime HTTP/1.1" 200 -
27/Sep/2026 11:05:23 - "GET /api/post_mtime HTTP/1.1" 200 -
27/Sep/2026 11:05:25 - "GET /api/post_mtime HTTP/1.1" 200 -
27/Sep/2026 11:05:26 - "GET /api/post_mtime HTTP/1.1" 200 -
27/Sep/2026 11:05:28 - "GET /api/post_mtime HTTP/1.1" 200 -
27/Sep/2026 11:05:29 - "GET /api/post_mtime HTTP/1.1" 200 -
27/Sep/2026 11:05:31 - "GET /api/post_mtime HTTP/1.1" 200 -
27/Sep/2026 11:05:32 - "GET /api/post_mtime HTTP/1.1" 200 -
27/Sep/2026 11:05:34 - "GET /api/post_mtime HTTP/1.1" 200 -
27/Sep/2026 11:05:35 - "GET /api/post_mtime HTTP/1.1" 200 -
27/Sep/2026 11:05:37 - "GET /api/post_mtime HTTP/1.1" 200 -
27/Sep/2026 11:05:37 - "GET /api/post_mtime HTTP/1.1" 200 -
27/Sep/2026 11:05:38 - "GET /api/post_mtime HTTP/1.1" 200 -
27/Sep/2026 11:05:40 - "GET /api/post_mtime HTTP/1.1" 200 -
27/Sep/2026 11:05:41 - "GET /api/post_mtime HTTP/1.1" 200 -
27/Sep/2026 11:05:43 - "GET /api/post_mtime HTTP/1.1" 200 -
27/Sep/2026 11:05:44 - "GET /api/post_mtime HTTP/1.1" 200 -
27/Sep/2026 11:05:46 - "GET /api/post_mtime HTTP/1.1" 200 -
27/Sep/2026 11:05:47 - "GET /api/post_mtime HTTP/1.1" 200 -
27/Sep/2026 11:05:49 - "GET /api/post_mtime HTTP/1.1" 200 -
27/Sep/2026 11:05:50 - "GET /api/post_mtime HTTP/1.1" 200 -
27/Sep/2026 11:05:52 - "GET /api/post_mtime HTTP/1.1" 200 -
27/Sep/2026 11:05:53 - "GET /api/post_mtime HTTP/1.1" 200 -
27/Sep/2026 11:05:55 - "GET /api/post_mtime HTTP/1.1" 200 -
27/Sep/2026 11:05:56 - "GET /api/post_mtime HTTP/1.1" 200 -
27/Sep/2026 11:05:58 - "GET /api/post_mtime HTTP/1.1" 200 -
27/Sep/2026 11:05:59 - "GET /api/post_mtime HTTP/1.1" 200 -
27/Sep/2026 11:06:01 - "GET /api/post_mtime HTTP/1.1" 200 -
27/Sep/2026 11:06:02 - "GET /api/post_mtime HTTP/1.1" 200 -
27/Sep/2026 11:06:04 - "GET /api/post_mtime HTTP/1.1" 200 -
27/Sep/2026 11:06:05 - "GET /api/post_mtime HTTP/1.1" 200 -
27/Sep/2026 11:06:07 - "GET /api/post_mtime HTTP/1.1" 200 -
27/Sep/2026 11:06:08 - "GET /api/post_mtime HTTP/1.1" 200 -
27/Sep/2026 11:06:10 - "GET /api/post_mtime HTTP/1.1" 200 -
27/Sep/2026 11:06:11 - "GET /api/post_mtime HTTP/1.1" 200 -
27/Sep/2026 11:06:13 - "GET /api/post_mtime HTTP/1.1" 200 -
27/Sep/2026 11:06:14 - "GET /api/post_mtime HTTP/1.1" 200 -
27/Sep/2026 11:06:16 - "GET /api/post_mtime HTTP/1.1" 200 -
27/Sep/2026 11:06:17 - "GET /api/post_mtime HTTP/1.1" 200 -
27/Sep/2026 11:06:19 - "GET /api/post_mtime HTTP/1.1" 200 -
27/Sep/2026 11:06:20 - "GET /api/post_mtime HTTP/1.1" 200 -
27/Sep/2026 11:06:22 - "GET /api/post_mtime HTTP/1.1" 200 -
27/Sep/2026 11:06:23 - "GET /api/post_mtime HTTP/1.1" 200 -
27/Sep/2026 11:06:25 - "GET /api/post_mtime HTTP/1.1" 200 -
27/Sep/2026 11:06:26 - "GET /api/post_mtime HTTP/1.1" 200 -
27/Sep/2026 11:06:28 - "GET /api/post_mtime HTTP/1.1" 200 -
27/Sep/2026 11:06:29 - "GET /api/post_mtime HTTP/1.1" 200 -
27/Sep/2026 11:06:31 - "GET /api/post_mtime HTTP/1.1" 200 -
27/Sep/2026 11:06:32 - "GET /api/post_mtime HTTP/1.1" 200 -
27/Sep/2026 11:06:34 - "GET /api/post_mtime HTTP/1.1" 200 -
27/Sep/2026 11:06:35 - "GET /api/post_mtime HTTP/1.1" 200 -
27/Sep/2026 11:06:37 - "GET /api/post_mtime HTTP/1.1" 200 -
27/Sep/2026 11:06:37 - "GET /api/post_mtime HTTP/1.1" 200 -
27/Sep/2026 11:06:38 - "GET /api/post_mtime HTTP/1.1" 200 -
27/Sep/2026 11:06:40 - "GET /api/post_mtime HTTP/1.1" 200 -
27/Sep/2026 11:06:41 - "GET /api/post_mtime HTTP/1.1" 200 -
27/Sep/2026 11:06:43 - "GET /api/post_mtime HTTP/1.1" 200 -
27/Sep/2026 11:06:44 - "GET /api/post_mtime HTTP/1.1" 200 -
27/Sep/2026 11:06:46 - "GET /api/post_mtime HTTP/1.1" 200 -
27/Sep/2026 11:06:47 - "GET /api/post_mtime HTTP/1.1" 200 -
27/Sep/2026 11:06:49 - "GET /api/post_mtime HTTP/1.1" 200 -
27/Sep/2026 11:06:50 - "GET /api/post_mtime HTTP/1.1" 200 -
27/Sep/2026 11:06:52 - "GET /api/post_mtime HTTP/1.1" 200 -
27/Sep/2026 11:06:53 - "GET /api/post_mtime HTTP/1.1" 200 -
27/Sep/2026 11:06:55 - "GET /api/post_mtime HTTP/1.1" 200 -
27/Sep/2026 11:06:56 - "GET /api/post_mtime HTTP/1.1" 200 -
27/Sep/2026 11:06:58 - "GET /api/post_mtime HTTP/1.1" 200 -
27/Sep/2026 11:06:59 - "GET /api/post_mtime HTTP/1.1" 200 -
27/Sep/2026 11:07:01 - "GET /api/post_mtime HTTP/1.1" 200 -
27/Sep/2026 11:07:02 - "GET /api/post_mtime HTTP/1.1" 200 -
27/Sep/2026 11:07:04 - "GET /api/post_mtime HTTP/1.1" 200 -
27/Sep/2026 11:07:05 - "GET /api/post_mtime HTTP/1.1" 200 -
27/Sep/2026 11:07:07 - "GET /api/post_mtime HTTP/1.1" 200 -
27/Sep/2026 11:07:08 - "GET /api/post_mtime HTTP/1.1" 200 -
27/Sep/2026 11:07:10 - "GET /api/post_mtime HTTP/1.1" 200 -
27/Sep/2026 11:07:11 - "GET /api/post_mtime HTTP/1.1" 200 -
27/Sep/2026 11:07:13 - "GET /api/post_mtime HTTP/1.1" 200 -
27/Sep/2026 11:07:14 - "GET /api/post_mtime HTTP/1.1" 200 -
27/Sep/2026 11:07:16 - "GET /api/post_mtime HTTP/1.1" 200 -
27/Sep/2026 11:07:17 - "GET /api/post_mtime HTTP/1.1" 200 -
27/Sep/2026 11:07:19 - "GET /api/post_mtime HTTP/1.1" 200 -
27/Sep/2026 11:07:20 - "GET /api/post_mtime HTTP/1.1" 200 -
27/Sep/2026 11:07:22 - "GET /api/post_mtime HTTP/1.1" 200 -
27/Sep/2026 11:07:23 - "GET /api/post_mtime HTTP/1.1" 200 -
27/Sep/2026 11:07:25 - "GET /api/post_mtime HTTP/1.1" 200 -
27/Sep/2026 11:07:26 - "GET /api/post_mtime HTTP/1.1" 200 -
27/Sep/2026 11:07:28 - "GET /api/post_mtime HTTP/1.1" 200 -
27/Sep/2026 11:07:29 - "GET /api/post_mtime HTTP/1.1" 200 -
27/Sep/2026 11:07:31 - "GET /api/post_mtime HTTP/1.1" 200 -
27/Sep/2026 11:07:32 - "GET /api/post_mtime HTTP/1.1" 200 -
27/Sep/2026 11:07:34 - "GET /api/post_mtime HTTP/1.1" 200 -
27/Sep/2026 11:07:35 - "GET /api/post_mtime HTTP/1.1" 200 -
27/Sep/2026 11:07:37 - "GET /api/post_mtime HTTP/1.1" 200 -
27/Sep/2026 11:07:37 - "GET /api/post_mtime HTTP/1.1" 200 -
27/Sep/2026 11:07:38 - "GET /api/post_mtime HTTP/1.1" 200 -
27/Sep/2026 11:07:40 - "GET /api/post_mtime HTTP/1.1" 200 -
27/Sep/2026 11:07:41 - "GET /api/post_mtime HTTP/1.1" 200 -
27/Sep/2026 11:07:43 - "GET /api/post_mtime HTTP/1.1" 200 -
27/Sep/2026 11:07:44 - "GET /api/post_mtime HTTP/1.1" 200 -
27/Sep/2026 11:07:46 - "GET /api/post_mtime HTTP/1.1" 200 -
27/Sep/2026 11:07:47 - "GET /api/post_mtime HTTP/1.1" 200 -
27/Sep/2026 11:07:49 - "GET /api/post_mtime HTTP/1.1" 200 -
27/Sep/2026 11:07:50 - "GET /api/post_mtime HTTP/1.1" 200 -
27/Sep/2026 11:07:52 - "GET /api/post_mtime HTTP/1.1" 200 -
27/Sep/2026 11:07:53 - "GET /api/post_mtime HTTP/1.1" 200 -
27/Sep/2026 11:07:55 - "GET /api/post_mtime HTTP/1.1" 200 -
27/Sep/2026 11:07:56 - "GET /api/post_mtime HTTP/1.1" 200 -
27/Sep/2026 11:07:58 - "GET /api/post_mtime HTTP/1.1" 200 -
27/Sep/2026 11:07:59 - "GET /api/post_mtime HTTP/1.1" 200 -
27/Sep/2026 11:08:01 - "GET /api/post_mtime HTTP/1.1" 200 -
27/Sep/2026 11:08:02 - "GET /api/post_mtime HTTP/1.1" 200 -
27/Sep/2026 11:19:02 - "GET /api/post_mtime HTTP/1.1" 200 -
27/Sep/2026 11:19:03 - "GET /api/post_mtime HTTP/1.1" 200 -
27/Sep/2026 11:19:05 - "GET /api/post_mtime HTTP/1.1" 200 -
27/Sep/2026 11:19:06 - "GET /api/post_mtime HTTP/1.1" 200 -
27/Sep/2026 11:19:08 - "GET /api/post_mtime HTTP/1.1" 200 -
27/Sep/2026 11:19:09 - "GET /api/post_mtime HTTP/1.1" 200 -
27/Sep/2026 11:19:11 - "GET /api/post_mtime HTTP/1.1" 200 -
27/Sep/2026 11:19:12 - "GET /api/post_mtime HTTP/1.1" 200 -
27/Sep/2026 11:30:48 - "GET /api/post_mtime HTTP/1.1" 200 -
27/Sep/2026 11:30:49 - "GET /api/post_mtime HTTP/1.1" 200 -
27/Sep/2026 11:30:51 - "GET /api/post_mtime HTTP/1.1" 200 -
27/Sep/2026 11:30:52 - "GET /api/post_mtime HTTP/1.1" 200 -
27/Sep/2026 11:30:54 - "GET /api/post_mtime HTTP/1.1" 200 -
27/Sep/2026 11:30:55 - "GET /api/post_mtime HTTP/1.1" 200 -
27/Sep/2026 11:30:57 - "GET /api/post_mtime HTTP/1.1" 200 -
27/Sep/2026 11:46:16 - "GET /api/post_mtime HTTP/1.1" 200 -
27/Sep/2026 11:46:18 - "GET /api/post_mtime HTTP/1.1" 200 -
27/Sep/2026 11:46:19 - "GET /api/post_mtime HTTP/1.1" 200 -
27/Sep/2026 11:46:21 - "GET /api/post_mtime HTTP/1.1" 200 -
27/Sep/2026 12:04:01 - "GET /api/post_mtime HTTP/1.1" 200 -
27/Sep/2026 12:04:03 - "GET /api/post_mtime HTTP/1.1" 200 -
27/Sep/2026 12:04:04 - "GET /api/post_mtime HTTP/1.1" 200 -
27/Sep/2026 12:19:43 - "GET /api/post_mtime HTTP/1.1" 200 -
27/Sep/2026 12:19:43 - "GET /api/post_mtime HTTP/1.1" 200 -
27/Sep/2026 12:19:44 - "GET /api/post_mtime HTTP/1.1" 200 -
27/Sep/2026 12:19:46 - "GET /api/post_mtime HTTP/1.1" 200 -
27/Sep/2026 12:19:47 - "GET /api/post_mtime HTTP/1.1" 200 -
27/Sep/2026 12:19:49 - "GET /api/post_mtime HTTP/1.1" 200 -
27/Sep/2026 12:19:50 - "GET /api/post_mtime HTTP/1.1" 200 -
27/Sep/2026 12:19:52 - "GET /api/post_mtime HTTP/1.1" 200 -
27/Sep/2026 12:19:53 - "GET /api/post_mtime HTTP/1.1" 200 -
27/Sep/2026 12:35:28 - "GET /api/post_mtime HTTP/1.1" 200 -
27/Sep/2026 12:35:29 - "GET /api/post_mtime HTTP/1.1" 200 -
27/Sep/2026 12:35:31 - "GET /api/post_mtime HTTP/1.1" 200 -
27/Sep/2026 12:50:42 - "GET /api/post_mtime HTTP/1.1" 200 -
27/Sep/2026 12:50:44 - "GET /api/post_mtime HTTP/1.1" 200 -
27/Sep/2026 12:50:45 - "GET /api/post_mtime HTTP/1.1" 200 -
27/Sep/2026 12:50:47 - "GET /api/post_mtime HTTP/1.1" 200 -
27/Sep/2026 14:13:37 - "GET /api/post_mtime HTTP/1.1" 200 -
27/Sep/2026 14:13:37 - "GET /api/post_mtime HTTP/1.1" 200 -
27/Sep/2026 15:10:56 - "GET /api/post_mtime HTTP/1.1" 200 -
27/Sep/2026 15:10:56 - "GET /api/post_mtime HTTP/1.1" 200 -
27/Sep/2026 16:32:07 - "GET /api/post_mtime HTTP/1.1" 200 -
27/Sep/2026 16:32:07 - "GET /api/post_mtime HTTP/1.1" 200 -
27/Sep/2026 16:37:02 - "GET /api/post_mtime HTTP/1.1" 200 -
27/Sep/2026 16:37:02 - "GET /api/post_mtime HTTP/1.1" 200 -
27/Sep/2026 16:37:04 - "GET /api/post_mtime HTTP/1.1" 200 -
27/Sep/2026 16:37:05 - "GET /api/post_mtime HTTP/1.1" 200 -
27/Sep/2026 16:37:07 - "GET /api/post_mtime HTTP/1.1" 200 -
27/Sep/2026 16:37:09 - "GET /api/post_mtime HTTP/1.1" 200 -
27/Sep/2026 16:37:11 - "GET /api/post_mtime HTTP/1.1" 200 -
27/Sep/2026 16:37:12 - "GET /api/post_mtime HTTP/1.1" 200 -
27/Sep/2026 16:37:12 - "GET /api/post_mtime HTTP/1.1" 200 -
27/Sep/2026 16:37:12 - "GET /api/post_mtime HTTP/1.1" 200 -
27/Sep/2026 16:37:14 - "GET /api/post_mtime HTTP/1.1" 200 -
27/Sep/2026 16:37:14 - "GET /api/post_mtime HTTP/1.1" 200 -
27/Sep/2026 16:37:15 - "GET /api/post_mtime HTTP/1.1" 200 -
27/Sep/2026 16:37:16 - "GET /api/post_mtime HTTP/1.1" 200 -
27/Sep/2026 16:37:17 - "GET /api/post_mtime HTTP/1.1" 200 -
27/Sep/2026 16:37:17 - "GET /api/post_mtime HTTP/1.1" 200 -
27/Sep/2026 16:37:18 - "GET /api/post_mtime HTTP/1.1" 200 -
27/Sep/2026 16:37:18 - "GET /api/post_mtime HTTP/1.1" 200 -
27/Sep/2026 16:37:20 - "GET /api/post_mtime HTTP/1.1" 200 -
27/Sep/2026 16:37:20 - "GET /api/post_mtime HTTP/1.1" 200 -
27/Sep/2026 16:37:21 - "GET /api/post_mtime HTTP/1.1" 200 -
27/Sep/2026 16:37:21 - "GET /api/post_mtime HTTP/1.1" 200 -
27/Sep/2026 16:37:23 - "GET /api/post_mtime HTTP/1.1" 200 -
27/Sep/2026 16:37:23 - "GET /api/post_mtime HTTP/1.1" 200 -
27/Sep/2026 16:37:24 - "GET /api/post_mtime HTTP/1.1" 200 -
27/Sep/2026 16:37:24 - "GET /api/post_mtime HTTP/1.1" 200 -
27/Sep/2026 16:37:26 - "GET /api/post_mtime HTTP/1.1" 200 -
27/Sep/2026 16:37:26 - "GET /api/post_mtime HTTP/1.1" 200 -
27/Sep/2026 16:37:27 - "GET /api/post_mtime HTTP/1.1" 200 -
27/Sep/2026 16:37:27 - "GET /api/post_mtime HTTP/1.1" 200 -
27/Sep/2026 16:37:29 - "GET /api/post_mtime HTTP/1.1" 200 -
27/Sep/2026 16:37:29 - "GET /api/post_mtime HTTP/1.1" 200 -
27/Sep/2026 16:37:30 - "GET /api/post_mtime HTTP/1.1" 200 -
27/Sep/2026 16:37:30 - "GET /api/post_mtime HTTP/1.1" 200 -
27/Sep/2026 16:37:32 - "GET /api/post_mtime HTTP/1.1" 200 -
27/Sep/2026 16:37:32 - "GET /api/post_mtime HTTP/1.1" 200 -
27/Sep/2026 16:37:33 - "GET /api/post_mtime HTTP/1.1" 200 -
27/Sep/2026 16:37:33 - "GET /api/post_mtime HTTP/1.1" 200 -
27/Sep/2026 16:37:35 - "GET /api/post_mtime HTTP/1.1" 200 -
27/Sep/2026 16:37:35 - "GET /api/post_mtime HTTP/1.1" 200 -
27/Sep/2026 16:37:36 - "GET /api/post_mtime HTTP/1.1" 200 -
27/Sep/2026 16:37:36 - "GET /api/post_mtime HTTP/1.1" 200 -
27/Sep/2026 16:37:38 - "GET /api/post_mtime HTTP/1.1" 200 -
27/Sep/2026 16:37:38 - "GET /api/post_mtime HTTP/1.1" 200 -
27/Sep/2026 16:37:39 - "GET /api/post_mtime HTTP/1.1" 200 -
27/Sep/2026 16:37:39 - "GET /api/post_mtime HTTP/1.1" 200 -
27/Sep/2026 16:37:41 - "GET /api/post_mtime HTTP/1.1" 200 -
27/Sep/2026 16:37:41 - "GET /api/post_mtime HTTP/1.1" 200 -
27/Sep/2026 16:37:42 - "GET /api/post_mtime HTTP/1.1" 200 -
27/Sep/2026 16:37:42 - "GET /api/post_mtime HTTP/1.1" 200 -
27/Sep/2026 16:37:44 - "GET /api/post_mtime HTTP/1.1" 200 -
27/Sep/2026 16:37:45 - "GET /api/post_mtime HTTP/1.1" 200 -
27/Sep/2026 16:37:45 - "GET /api/post_mtime HTTP/1.1" 200 -
27/Sep/2026 16:37:46 - "GET /api/post_mtime HTTP/1.1" 200 -
27/Sep/2026 16:37:47 - "GET /api/post_mtime HTTP/1.1" 200 -
27/Sep/2026 16:37:48 - "GET /api/post_mtime HTTP/1.1" 200 -
27/Sep/2026 16:37:48 - "GET /api/post_mtime HTTP/1.1" 200 -
27/Sep/2026 16:37:49 - "GET /api/post_mtime HTTP/1.1" 200 -
27/Sep/2026 16:37:50 - "GET /api/post_mtime HTTP/1.1" 200 -
27/Sep/2026 16:37:51 - "GET /api/post_mtime HTTP/1.1" 200 -
27/Sep/2026 16:37:51 - "GET /api/post_mtime HTTP/1.1" 200 -
27/Sep/2026 16:37:52 - "GET /api/post_mtime HTTP/1.1" 200 -
27/Sep/2026 16:37:53 - "GET /api/post_mtime HTTP/1.1" 200 -
27/Sep/2026 16:37:53 - "GET /api/post_mtime HTTP/1.1" 200 -
27/Sep/2026 16:37:54 - "GET /api/post_mtime HTTP/1.1" 200 -
27/Sep/2026 16:37:55 - "GET /api/post_mtime HTTP/1.1" 200 -
27/Sep/2026 16:37:56 - "GET /api/post_mtime HTTP/1.1" 200 -
27/Sep/2026 16:37:57 - "GET /api/post_mtime HTTP/1.1" 200 -
27/Sep/2026 16:37:57 - "GET /api/post_mtime HTTP/1.1" 200 -
27/Sep/2026 16:37:58 - "GET /api/post_mtime HTTP/1.1" 200 -
27/Sep/2026 16:37:59 - "GET /api/post_mtime HTTP/1.1" 200 -
27/Sep/2026 16:38:00 - "GET /api/post_mtime HTTP/1.1" 200 -
27/Sep/2026 16:38:00 - "GET /api/post_mtime HTTP/1.1" 200 -
27/Sep/2026 16:38:01 - "GET /api/post_mtime HTTP/1.1" 200 -
27/Sep/2026 16:38:02 - "GET /api/post_mtime HTTP/1.1" 200 -
27/Sep/2026 16:38:03 - "GET /api/post_mtime HTTP/1.1" 200 -
27/Sep/2026 16:38:03 - "GET /api/post_mtime HTTP/1.1" 200 -
27/Sep/2026 16:38:04 - "GET /api/post_mtime HTTP/1.1" 200 -
27/Sep/2026 16:38:05 - "GET /api/post_mtime HTTP/1.1" 200 -
27/Sep/2026 16:38:06 - "GET /api/post_mtime HTTP/1.1" 200 -
27/Sep/2026 16:38:06 - "GET /api/post_mtime HTTP/1.1" 200 -
27/Sep/2026 16:38:07 - "GET /api/post_mtime HTTP/1.1" 200 -
27/Sep/2026 16:38:08 - "GET /api/post_mtime HTTP/1.1" 200 -
27/Sep/2026 16:38:09 - "GET /api/post_mtime HTTP/1.1" 200 -
27/Sep/2026 16:38:09 - "GET /api/post_mtime HTTP/1.1" 200 -
27/Sep/2026 16:38:10 - "GET /api/post_mtime HTTP/1.1" 200 -
27/Sep/2026 16:38:11 - "GET /api/post_mtime HTTP/1.1" 200 -
27/Sep/2026 16:38:12 - "GET /api/post_mtime HTTP/1.1" 200 -
27/Sep/2026 16:38:12 - "GET /api/post_mtime HTTP/1.1" 200 -
27/Sep/2026 16:38:13 - "GET /api/post_mtime HTTP/1.1" 200 -
27/Sep/2026 16:38:14 - "GET /api/post_mtime HTTP/1.1" 200 -
27/Sep/2026 16:38:15 - "GET /api/post_mtime HTTP/1.1" 200 -
27/Sep/2026 16:38:15 - "GET /api/post_mtime HTTP/1.1" 200 -
27/Sep/2026 16:38:16 - "GET /api/post_mtime HTTP/1.1" 200 -
27/Sep/2026 16:38:17 - "GET /api/post_mtime HTTP/1.1" 200 -
27/Sep/2026 16:38:18 - "GET /api/post_mtime HTTP/1.1" 200 -
27/Sep/2026 16:38:18 - "GET /api/post_mtime HTTP/1.1" 200 -
27/Sep/2026 16:38:19 - "GET /api/post_mtime HTTP/1.1" 200 -
27/Sep/2026 16:38:20 - "GET /api/post_mtime HTTP/1.1" 200 -
27/Sep/2026 16:38:21 - "GET /api/post_mtime HTTP/1.1" 200 -
27/Sep/2026 16:38:21 - "GET /api/post_mtime HTTP/1.1" 200 -
27/Sep/2026 16:38:22 - "GET /api/post_mtime HTTP/1.1" 200 -
27/Sep/2026 16:38:23 - "GET /api/post_mtime HTTP/1.1" 200 -
27/Sep/2026 16:38:24 - "GET /api/post_mtime HTTP/1.1" 200 -
27/Sep/2026 16:38:24 - "GET /api/post_mtime HTTP/1.1" 200 -
27/Sep/2026 16:38:25 - "GET /api/post_mtime HTTP/1.1" 200 -
27/Sep/2026 16:38:26 - "GET /api/post_mtime HTTP/1.1" 200 -
27/Sep/2026 16:38:27 - "GET /api/post_mtime HTTP/1.1" 200 -
27/Sep/2026 16:38:27 - "GET /api/post_mtime HTTP/1.1" 200 -
27/Sep/2026 16:38:28 - "GET /api/post_mtime HTTP/1.1" 200 -
27/Sep/2026 16:38:29 - "GET /api/post_mtime HTTP/1.1" 200 -
27/Sep/2026 16:38:30 - "GET /api/post_mtime HTTP/1.1" 200 -
27/Sep/2026 16:38:30 - "GET /api/post_mtime HTTP/1.1" 200 -
27/Sep/2026 16:38:31 - "GET /api/post_mtime HTTP/1.1" 200 -
27/Sep/2026 16:38:32 - "GET /api/post_mtime HTTP/1.1" 200 -
27/Sep/2026 16:38:33 - "GET /api/post_mtime HTTP/1.1" 200 -
27/Sep/2026 16:38:33 - "GET /api/post_mtime HTTP/1.1" 200 -
27/Sep/2026 16:38:34 - "GET /api/post_mtime HTTP/1.1" 200 -
27/Sep/2026 16:38:35 - "GET /api/post_mtime HTTP/1.1" 200 -
27/Sep/2026 16:38:36 - "GET /api/post_mtime HTTP/1.1" 200 -
27/Sep/2026 16:38:36 - "GET /api/post_mtime HTTP/1.1" 200 -
27/Sep/2026 16:38:37 - "GET /api/post_mtime HTTP/1.1" 200 -
27/Sep/2026 16:38:38 - "GET /api/post_mtime HTTP/1.1" 200 -
27/Sep/2026 16:38:39 - "GET /api/post_mtime HTTP/1.1" 200 -
27/Sep/2026 16:38:39 - "GET /api/post_mtime HTTP/1.1" 200 -
27/Sep/2026 16:38:40 - "GET /api/post_mtime HTTP/1.1" 200 -
27/Sep/2026 16:38:41 - "GET /api/post_mtime HTTP/1.1" 200 -
27/Sep/2026 16:38:42 - "GET /api/post_mtime HTTP/1.1" 200 -
27/Sep/2026 16:38:42 - "GET /api/post_mtime HTTP/1.1" 200 -
27/Sep/2026 16:38:43 - "GET /api/post_mtime HTTP/1.1" 200 -
27/Sep/2026 16:38:44 - "GET /api/post_mtime HTTP/1.1" 200 -
27/Sep/2026 16:38:45 - "GET /api/post_mtime HTTP/1.1" 200 -
27/Sep/2026 16:38:45 - "GET /api/post_mtime HTTP/1.1" 200 -
27/Sep/2026 16:38:46 - "GET /api/post_mtime HTTP/1.1" 200 -
27/Sep/2026 16:38:47 - "GET /api/post_mtime HTTP/1.1" 200 -
27/Sep/2026 16:38:48 - "GET /api/post_mtime HTTP/1.1" 200 -
27/Sep/2026 16:38:48 - "GET /api/post_mtime HTTP/1.1" 200 -
27/Sep/2026 16:38:49 - "GET /api/post_mtime HTTP/1.1" 200 -
27/Sep/2026 16:38:50 - "GET /api/post_mtime HTTP/1.1" 200 -
27/Sep/2026 16:38:51 - "GET /api/post_mtime HTTP/1.1" 200 -
27/Sep/2026 16:38:51 - "GET /api/post_mtime HTTP/1.1" 200 -
27/Sep/2026 16:38:52 - "GET /api/post_mtime HTTP/1.1" 200 -
27/Sep/2026 16:38:53 - "GET /api/post_mtime HTTP/1.1" 200 -
27/Sep/2026 16:38:54 - "GET /api/post_mtime HTTP/1.1" 200 -
27/Sep/2026 16:38:54 - "GET /api/post_mtime HTTP/1.1" 200 -
27/Sep/2026 16:38:55 - "GET /api/post_mtime HTTP/1.1" 200 -
27/Sep/2026 16:38:56 - "GET /api/post_mtime HTTP/1.1" 200 -
27/Sep/2026 16:38:57 - "GET /api/post_mtime HTTP/1.1" 200 -
27/Sep/2026 16:38:57 - "GET /api/post_mtime HTTP/1.1" 200 -
27/Sep/2026 16:38:58 - "GET /api/post_mtime HTTP/1.1" 200 -
27/Sep/2026 16:38:59 - "GET /api/post_mtime HTTP/1.1" 200 -
27/Sep/2026 16:39:00 - "GET /api/post_mtime HTTP/1.1" 200 -
27/Sep/2026 16:39:00 - "GET /api/post_mtime HTTP/1.1" 200 -
27/Sep/2026 16:39:01 - "GET /api/post_mtime HTTP/1.1" 200 -
27/Sep/2026 16:39:02 - "GET /api/post_mtime HTTP/1.1" 200 -
27/Sep/2026 16:39:03 - "GET /api/post_mtime HTTP/1.1" 200 -
27/Sep/2026 16:39:03 - "GET /api/post_mtime HTTP/1.1" 200 -
27/Sep/2026 16:39:04 - "GET /api/post_mtime HTTP/1.1" 200 -
27/Sep/2026 16:39:05 - "GET /api/post_mtime HTTP/1.1" 200 -
27/Sep/2026 16:39:06 - "GET /api/post_mtime HTTP/1.1" 200 -
27/Sep/2026 16:39:06 - "GET /api/post_mtime HTTP/1.1" 200 -
27/Sep/2026 16:39:07 - "GET /api/post_mtime HTTP/1.1" 200 -
27/Sep/2026 16:39:08 - "GET /api/post_mtime HTTP/1.1" 200 -
27/Sep/2026 16:39:09 - "GET /api/post_mtime HTTP/1.1" 200 -
27/Sep/2026 16:39:09 - "GET /api/post_mtime HTTP/1.1" 200 -
27/Sep/2026 16:39:10 - "GET /api/post_mtime HTTP/1.1" 200 -
27/Sep/2026 16:39:11 - "GET /api/post_mtime HTTP/1.1" 200 -
27/Sep/2026 16:39:12 - "GET /api/post_mtime HTTP/1.1" 200 -
27/Sep/2026 16:39:12 - "GET /api/post_mtime HTTP/1.1" 200 -
27/Sep/2026 16:39:13 - "GET /api/post_mtime HTTP/1.1" 200 -
27/Sep/2026 16:39:14 - "GET /api/post_mtime HTTP/1.1" 200 -
27/Sep/2026 16:39:15 - "GET /api/post_mtime HTTP/1.1" 200 -
27/Sep/2026 16:39:15 - "GET /api/post_mtime HTTP/1.1" 200 -
27/Sep/2026 16:39:16 - "GET /api/post_mtime HTTP/1.1" 200 -
27/Sep/2026 16:39:17 - "GET /api/post_mtime HTTP/1.1" 200 -
27/Sep/2026 16:39:18 - "GET /api/post_mtime HTTP/1.1" 200 -
27/Sep/2026 16:39:18 - "GET /api/post_mtime HTTP/1.1" 200 -
27/Sep/2026 16:39:19 - "GET /api/post_mtime HTTP/1.1" 200 -
27/Sep/2026 16:39:20 - "GET /api/post_mtime HTTP/1.1" 200 -
27/Sep/2026 16:39:21 - "GET /api/post_mtime HTTP/1.1" 200 -
27/Sep/2026 16:39:21 - "GET /api/post_mtime HTTP/1.1" 200 -
27/Sep/2026 16:39:22 - "GET /api/post_mtime HTTP/1.1" 200 -
27/Sep/2026 16:39:23 - "GET /api/post_mtime HTTP/1.1" 200 -
27/Sep/2026 16:39:24 - "GET /api/post_mtime HTTP/1.1" 200 -
27/Sep/2026 16:39:24 - "GET /api/post_mtime HTTP/1.1" 200 -
27/Sep/2026 16:39:25 - "GET /api/post_mtime HTTP/1.1" 200 -
27/Sep/2026 16:39:26 - "GET /api/post_mtime HTTP/1.1" 200 -
27/Sep/2026 16:39:27 - "GET /api/post_mtime HTTP/1.1" 200 -
27/Sep/2026 16:39:27 - "GET /api/post_mtime HTTP/1.1" 200 -
27/Sep/2026 16:39:28 - "GET /api/post_mtime HTTP/1.1" 200 -
27/Sep/2026 16:39:29 - "GET /api/post_mtime HTTP/1.1" 200 -
27/Sep/2026 16:39:30 - "GET /api/post_mtime HTTP/1.1" 200 -
27/Sep/2026 16:39:30 - "GET /api/post_mtime HTTP/1.1" 200 -
27/Sep/2026 16:39:31 - "GET /api/post_mtime HTTP/1.1" 200 -
27/Sep/2026 16:39:32 - "GET /api/post_mtime HTTP/1.1" 200 -
27/Sep/2026 16:39:33 - "GET /api/post_mtime HTTP/1.1" 200 -
27/Sep/2026 16:39:33 - "GET /api/post_mtime HTTP/1.1" 200 -
27/Sep/2026 16:39:34 - "GET /api/post_mtime HTTP/1.1" 200 -
27/Sep/2026 16:39:35 - "GET /api/post_mtime HTTP/1.1" 200 -
27/Sep/2026 16:39:36 - "GET /api/post_mtime HTTP/1.1" 200 -
27/Sep/2026 16:39:36 - "GET /api/post_mtime HTTP/1.1" 200 -
27/Sep/2026 16:39:37 - "GET /api/post_mtime HTTP/1.1" 200 -
27/Sep/2026 16:39:38 - "GET /api/post_mtime HTTP/1.1" 200 -
27/Sep/2026 16:39:39 - "GET /api/post_mtime HTTP/1.1" 200 -
27/Sep/2026 16:39:39 - "GET /api/post_mtime HTTP/1.1" 200 -
27/Sep/2026 16:39:40 - "GET /api/post_mtime HTTP/1.1" 200 -
27/Sep/2026 16:39:41 - "GET /api/post_mtime HTTP/1.1" 200 -
27/Sep/2026 16:39:42 - "GET /api/post_mtime HTTP/1.1" 200 -
27/Sep/2026 16:39:42 - "GET /api/post_mtime HTTP/1.1" 200 -
27/Sep/2026 16:39:43 - "GET /api/post_mtime HTTP/1.1" 200 -
27/Sep/2026 16:39:44 - "GET /api/post_mtime HTTP/1.1" 200 -
27/Sep/2026 16:39:45 - "GET /api/post_mtime HTTP/1.1" 200 -
27/Sep/2026 16:39:45 - "GET /api/post_mtime HTTP/1.1" 200 -
27/Sep/2026 16:39:46 - "GET /api/post_mtime HTTP/1.1" 200 -
27/Sep/2026 16:39:47 - "GET /api/post_mtime HTTP/1.1" 200 -
27/Sep/2026 16:39:48 - "GET /api/post_mtime HTTP/1.1" 200 -
27/Sep/2026 16:39:48 - "GET /api/post_mtime HTTP/1.1" 200 -
27/Sep/2026 16:39:49 - "GET /api/post_mtime HTTP/1.1" 200 -
27/Sep/2026 16:39:50 - "GET /api/post_mtime HTTP/1.1" 200 -
27/Sep/2026 16:39:51 - "GET /api/post_mtime HTTP/1.1" 200 -
27/Sep/2026 16:39:51 - "GET /api/post_mtime HTTP/1.1" 200 -
27/Sep/2026 16:39:52 - "GET /api/post_mtime HTTP/1.1" 200 -
27/Sep/2026 16:39:53 - "GET /api/post_mtime HTTP/1.1" 200 -
27/Sep/2026 16:39:54 - "GET /api/post_mtime HTTP/1.1" 200 -
27/Sep/2026 16:39:54 - "GET /api/post_mtime HTTP/1.1" 200 -
27/Sep/2026 16:39:55 - "GET /api/post_mtime HTTP/1.1" 200 -
27/Sep/2026 16:39:56 - "GET /api/post_mtime HTTP/1.1" 200 -
27/Sep/2026 16:39:57 - "GET /api/post_mtime HTTP/1.1" 200 -
27/Sep/2026 16:39:57 - "GET /api/post_mtime HTTP/1.1" 200 -
27/Sep/2026 16:39:58 - "GET /api/post_mtime HTTP/1.1" 200 -
27/Sep/2026 16:39:59 - "GET /api/post_mtime HTTP/1.1" 200 -
27/Sep/2026 16:40:00 - "GET /api/post_mtime HTTP/1.1" 200 -
27/Sep/2026 16:40:00 - "GET /api/post_mtime HTTP/1.1" 200 -
27/Sep/2026 16:40:01 - "GET /api/post_mtime HTTP/1.1" 200 -
27/Sep/2026 16:40:02 - "GET /api/post_mtime HTTP/1.1" 200 -
27/Sep/2026 16:40:03 - "GET /api/post_mtime HTTP/1.1" 200 -
27/Sep/2026 16:40:03 - "GET /api/post_mtime HTTP/1.1" 200 -
27/Sep/2026 16:40:04 - "GET /api/post_mtime HTTP/1.1" 200 -
27/Sep/2026 16:40:05 - "GET /api/post_mtime HTTP/1.1" 200 -
27/Sep/2026 16:40:06 - "GET /api/post_mtime HTTP/1.1" 200 -
27/Sep/2026 16:40:06 - "GET /api/post_mtime HTTP/1.1" 200 -
27/Sep/2026 16:40:07 - "GET /api/post_mtime HTTP/1.1" 200 -
27/Sep/2026 16:40:08 - "GET /api/post_mtime HTTP/1.1" 200 -
27/Sep/2026 16:40:09 - "GET /api/post_mtime HTTP/1.1" 200 -
27/Sep/2026 16:40:09 - "GET /api/post_mtime HTTP/1.1" 200 -
27/Sep/2026 16:40:10 - "GET /api/post_mtime HTTP/1.1" 200 -
27/Sep/2026 16:40:11 - "GET /api/post_mtime HTTP/1.1" 200 -
27/Sep/2026 16:40:12 - "GET /api/post_mtime HTTP/1.1" 200 -
27/Sep/2026 16:40:12 - "GET /api/post_mtime HTTP/1.1" 200 -
27/Sep/2026 16:40:13 - "GET /api/post_mtime HTTP/1.1" 200 -
27/Sep/2026 16:40:14 - "GET /api/post_mtime HTTP/1.1" 200 -
27/Sep/2026 16:40:15 - "GET /api/post_mtime HTTP/1.1" 200 -
27/Sep/2026 16:40:15 - "GET /api/post_mtime HTTP/1.1" 200 -
27/Sep/2026 16:40:16 - "GET /api/post_mtime HTTP/1.1" 200 -
27/Sep/2026 16:40:17 - "GET /api/post_mtime HTTP/1.1" 200 -
27/Sep/2026 16:40:18 - "GET /api/post_mtime HTTP/1.1" 200 -
27/Sep/2026 16:40:18 - "GET /api/post_mtime HTTP/1.1" 200 -
27/Sep/2026 16:40:19 - "GET /api/post_mtime HTTP/1.1" 200 -
27/Sep/2026 16:40:20 - "GET /api/post_mtime HTTP/1.1" 200 -
27/Sep/2026 16:40:21 - "GET /api/post_mtime HTTP/1.1" 200 -
27/Sep/2026 16:40:21 - "GET /api/post_mtime HTTP/1.1" 200 -
27/Sep/2026 16:40:22 - "GET /api/post_mtime HTTP/1.1" 200 -
27/Sep/2026 16:40:23 - "GET /api/post_mtime HTTP/1.1" 200 -
27/Sep/2026 16:40:24 - "GET /api/post_mtime HTTP/1.1" 200 -
27/Sep/2026 16:40:24 - "GET /api/post_mtime HTTP/1.1" 200 -
27/Sep/2026 16:40:25 - "GET /api/post_mtime HTTP/1.1" 200 -
27/Sep/2026 16:40:26 - "GET /api/post_mtime HTTP/1.1" 200 -
27/Sep/2026 16:40:27 - "GET /api/post_mtime HTTP/1.1" 200 -
27/Sep/2026 16:40:27 - "GET /api/post_mtime HTTP/1.1" 200 -
27/Sep/2026 16:40:28 - "GET /api/post_mtime HTTP/1.1" 200 -
27/Sep/2026 16:40:29 - "GET /api/post_mtime HTTP/1.1" 200 -
27/Sep/2026 16:40:30 - "GET /api/post_mtime HTTP/1.1" 200 -
27/Sep/2026 16:40:30 - "GET /api/post_mtime HTTP/1.1" 200 -
27/Sep/2026 16:40:31 - "GET /api/post_mtime HTTP/1.1" 200 -
27/Sep/2026 16:40:32 - "GET /api/post_mtime HTTP/1.1" 200 -
27/Sep/2026 16:40:33 - "GET /api/post_mtime HTTP/1.1" 200 -
27/Sep/2026 16:40:33 - "GET /api/post_mtime HTTP/1.1" 200 -
27/Sep/2026 16:40:34 - "GET /api/post_mtime HTTP/1.1" 200 -
27/Sep/2026 16:40:35 - "GET /api/post_mtime HTTP/1.1" 200 -
27/Sep/2026 16:40:36 - "GET /api/post_mtime HTTP/1.1" 200 -
27/Sep/2026 16:40:36 - "GET /api/post_mtime HTTP/1.1" 200 -
27/Sep/2026 16:40:37 - "GET /api/post_mtime HTTP/1.1" 200 -
27/Sep/2026 16:40:38 - "GET /api/post_mtime HTTP/1.1" 200 -
27/Sep/2026 16:40:39 - "GET /api/post_mtime HTTP/1.1" 200 -
27/Sep/2026 16:40:39 - "GET /api/post_mtime HTTP/1.1" 200 -
27/Sep/2026 16:40:40 - "GET /api/post_mtime HTTP/1.1" 200 -
27/Sep/2026 16:40:41 - "GET /api/post_mtime HTTP/1.1" 200 -
27/Sep/2026 16:40:42 - "GET /api/post_mtime HTTP/1.1" 200 -
27/Sep/2026 16:40:42 - "GET /api/post_mtime HTTP/1.1" 200 -
27/Sep/2026 16:40:43 - "GET /api/post_mtime HTTP/1.1" 200 -
27/Sep/2026 16:40:44 - "GET /api/post_mtime HTTP/1.1" 200 -
27/Sep/2026 16:40:45 - "GET /api/post_mtime HTTP/1.1" 200 -
27/Sep/2026 16:40:45 - "GET /api/post_mtime HTTP/1.1" 200 -
27/Sep/2026 16:40:46 - "GET /api/post_mtime HTTP/1.1" 200 -
27/Sep/2026 16:40:47 - "GET /api/post_mtime HTTP/1.1" 200 -
27/Sep/2026 16:40:48 - "GET /api/post_mtime HTTP/1.1" 200 -
27/Sep/2026 16:40:48 - "GET /api/post_mtime HTTP/1.1" 200 -
27/Sep/2026 16:40:49 - "GET /api/post_mtime HTTP/1.1" 200 -
27/Sep/2026 16:40:50 - "GET /api/post_mtime HTTP/1.1" 200 -
27/Sep/2026 16:40:51 - "GET /api/post_mtime HTTP/1.1" 200 -
27/Sep/2026 16:40:51 - "GET /api/post_mtime HTTP/1.1" 200 -
27/Sep/2026 16:40:52 - "GET /api/post_mtime HTTP/1.1" 200 -
27/Sep/2026 16:40:53 - "GET /api/post_mtime HTTP/1.1" 200 -
27/Sep/2026 16:40:54 - "GET /api/post_mtime HTTP/1.1" 200 -
27/Sep/2026 16:40:54 - "GET /api/post_mtime HTTP/1.1" 200 -
27/Sep/2026 16:40:55 - "GET /api/post_mtime HTTP/1.1" 200 -
27/Sep/2026 16:40:56 - "GET /api/post_mtime HTTP/1.1" 200 -
27/Sep/2026 16:40:57 - "GET /api/post_mtime HTTP/1.1" 200 -
27/Sep/2026 16:40:57 - "GET /api/post_mtime HTTP/1.1" 200 -
27/Sep/2026 16:40:58 - "GET /api/post_mtime HTTP/1.1" 200 -
27/Sep/2026 16:40:59 - "GET /api/post_mtime HTTP/1.1" 200 -
27/Sep/2026 16:41:00 - "GET /api/post_mtime HTTP/1.1" 200 -
27/Sep/2026 16:41:00 - "GET /api/post_mtime HTTP/1.1" 200 -
27/Sep/2026 16:41:01 - "GET /api/post_mtime HTTP/1.1" 200 -
27/Sep/2026 16:41:02 - "GET /api/post_mtime HTTP/1.1" 200 -
27/Sep/2026 16:41:03 - "GET /api/post_mtime HTTP/1.1" 200 -
27/Sep/2026 16:41:03 - "GET /api/post_mtime HTTP/1.1" 200 -
27/Sep/2026 16:41:04 - "GET /api/post_mtime HTTP/1.1" 200 -
27/Sep/2026 16:41:05 - "GET /api/post_mtime HTTP/1.1" 200 -
27/Sep/2026 16:41:06 - "GET /api/post_mtime HTTP/1.1" 200 -
27/Sep/2026 16:41:06 - "GET /api/post_mtime HTTP/1.1" 200 -
27/Sep/2026 16:41:07 - "GET /api/post_mtime HTTP/1.1" 200 -
27/Sep/2026 16:41:08 - "GET /api/post_mtime HTTP/1.1" 200 -
27/Sep/2026 16:41:09 - "GET /api/post_mtime HTTP/1.1" 200 -
27/Sep/2026 16:41:09 - "GET /api/post_mtime HTTP/1.1" 200 -
27/Sep/2026 16:41:10 - "GET /api/post_mtime HTTP/1.1" 200 -
27/Sep/2026 16:41:11 - "GET /api/post_mtime HTTP/1.1" 200 -
27/Sep/2026 16:41:12 - "GET /api/post_mtime HTTP/1.1" 200 -
27/Sep/2026 16:41:12 - "GET /api/post_mtime HTTP/1.1" 200 -
27/Sep/2026 16:41:13 - "GET /api/post_mtime HTTP/1.1" 200 -
27/Sep/2026 16:41:14 - "GET /api/post_mtime HTTP/1.1" 200 -
27/Sep/2026 16:41:15 - "GET /api/post_mtime HTTP/1.1" 200 -
27/Sep/2026 16:41:15 - "GET /api/post_mtime HTTP/1.1" 200 -
27/Sep/2026 16:41:16 - "GET /api/post_mtime HTTP/1.1" 200 -
27/Sep/2026 16:41:17 - "GET /api/post_mtime HTTP/1.1" 200 -
27/Sep/2026 16:41:18 - "GET /api/post_mtime HTTP/1.1" 200 -
27/Sep/2026 16:41:18 - "GET /api/post_mtime HTTP/1.1" 200 -
27/Sep/2026 16:41:19 - "GET /api/post_mtime HTTP/1.1" 200 -
27/Sep/2026 16:41:20 - "GET /api/post_mtime HTTP/1.1" 200 -
27/Sep/2026 16:41:21 - "GET /api/post_mtime HTTP/1.1" 200 -
27/Sep/2026 16:41:21 - "GET /api/post_mtime HTTP/1.1" 200 -
27/Sep/2026 16:41:22 - "GET /api/post_mtime HTTP/1.1" 200 -
27/Sep/2026 16:41:23 - "GET /api/post_mtime HTTP/1.1" 200 -
27/Sep/2026 16:41:24 - "GET /api/post_mtime HTTP/1.1" 200 -
27/Sep/2026 16:41:24 - "GET /api/post_mtime HTTP/1.1" 200 -
27/Sep/2026 16:41:25 - "GET /api/post_mtime HTTP/1.1" 200 -
27/Sep/2026 16:41:26 - "GET /api/post_mtime HTTP/1.1" 200 -
27/Sep/2026 16:41:27 - "GET /api/post_mtime HTTP/1.1" 200 -
27/Sep/2026 16:41:27 - "GET /api/post_mtime HTTP/1.1" 200 -
27/Sep/2026 16:41:28 - "GET /api/post_mtime HTTP/1.1" 200 -
27/Sep/2026 16:41:29 - "GET /api/post_mtime HTTP/1.1" 200 -
27/Sep/2026 16:41:30 - "GET /api/post_mtime HTTP/1.1" 200 -
27/Sep/2026 16:41:30 - "GET /api/post_mtime HTTP/1.1" 200 -
27/Sep/2026 16:41:31 - "GET /api/post_mtime HTTP/1.1" 200 -
27/Sep/2026 16:41:32 - "GET /api/post_mtime HTTP/1.1" 200 -
27/Sep/2026 16:41:33 - "GET /api/post_mtime HTTP/1.1" 200 -
27/Sep/2026 16:41:33 - "GET /api/post_mtime HTTP/1.1" 200 -
27/Sep/2026 16:41:34 - "GET /api/post_mtime HTTP/1.1" 200 -
27/Sep/2026 16:41:35 - "GET /api/post_mtime HTTP/1.1" 200 -
27/Sep/2026 16:41:36 - "GET /api/post_mtime HTTP/1.1" 200 -
27/Sep/2026 16:41:36 - "GET /api/post_mtime HTTP/1.1" 200 -
27/Sep/2026 16:41:37 - "GET /api/post_mtime HTTP/1.1" 200 -
27/Sep/2026 16:41:38 - "GET /api/post_mtime HTTP/1.1" 200 -
27/Sep/2026 16:41:39 - "GET /api/post_mtime HTTP/1.1" 200 -
27/Sep/2026 16:41:39 - "GET /api/post_mtime HTTP/1.1" 200 -
27/Sep/2026 16:41:40 - "GET /api/post_mtime HTTP/1.1" 200 -
27/Sep/2026 16:41:41 - "GET /api/post_mtime HTTP/1.1" 200 -
27/Sep/2026 16:41:42 - "GET /api/post_mtime HTTP/1.1" 200 -
27/Sep/2026 16:41:42 - "GET /api/post_mtime HTTP/1.1" 200 -
27/Sep/2026 16:41:43 - "GET /api/post_mtime HTTP/1.1" 200 -
27/Sep/2026 16:41:44 - "GET /api/post_mtime HTTP/1.1" 200 -
27/Sep/2026 16:41:45 - "GET /api/post_mtime HTTP/1.1" 200 -
27/Sep/2026 16:41:45 - "GET /api/post_mtime HTTP/1.1" 200 -
27/Sep/2026 16:41:46 - "GET /api/post_mtime HTTP/1.1" 200 -
27/Sep/2026 16:41:47 - "GET /api/post_mtime HTTP/1.1" 200 -
27/Sep/2026 16:41:48 - "GET /api/post_mtime HTTP/1.1" 200 -
27/Sep/2026 16:41:48 - "GET /api/post_mtime HTTP/1.1" 200 -
27/Sep/2026 16:41:49 - "GET /api/post_mtime HTTP/1.1" 200 -
27/Sep/2026 16:41:50 - "GET /api/post_mtime HTTP/1.1" 200 -
27/Sep/2026 16:41:51 - "GET /api/post_mtime HTTP/1.1" 200 -
27/Sep/2026 16:41:51 - "GET /api/post_mtime HTTP/1.1" 200 -
27/Sep/2026 16:41:52 - "GET /api/post_mtime HTTP/1.1" 200 -
27/Sep/2026 16:41:53 - "GET /api/post_mtime HTTP/1.1" 200 -
27/Sep/2026 16:41:54 - "GET /api/post_mtime HTTP/1.1" 200 -
27/Sep/2026 16:41:54 - "GET /api/post_mtime HTTP/1.1" 200 -
27/Sep/2026 16:41:55 - "GET /api/post_mtime HTTP/1.1" 200 -
27/Sep/2026 16:41:56 - "GET /api/post_mtime HTTP/1.1" 200 -
27/Sep/2026 16:41:57 - "GET /api/post_mtime HTTP/1.1" 200 -
27/Sep/2026 16:41:57 - "GET /api/post_mtime HTTP/1.1" 200 -
27/Sep/2026 16:41:58 - "GET /api/post_mtime HTTP/1.1" 200 -
27/Sep/2026 16:41:59 - "GET /api/post_mtime HTTP/1.1" 200 -
27/Sep/2026 16:42:00 - "GET /api/post_mtime HTTP/1.1" 200 -
27/Sep/2026 16:42:00 - "GET /api/post_mtime HTTP/1.1" 200 -
27/Sep/2026 16:42:01 - "GET /api/post_mtime HTTP/1.1" 200 -
27/Sep/2026 16:42:02 - "GET /api/post_mtime HTTP/1.1" 200 -
27/Sep/2026 16:42:03 - "GET /api/post_mtime HTTP/1.1" 200 -
27/Sep/2026 16:42:03 - "GET /api/post_mtime HTTP/1.1" 200 -
27/Sep/2026 16:42:04 - "GET /api/post_mtime HTTP/1.1" 200 -
27/Sep/2026 16:42:05 - "GET /api/post_mtime HTTP/1.1" 200 -
27/Sep/2026 16:42:06 - "GET /api/post_mtime HTTP/1.1" 200 -
27/Sep/2026 16:42:06 - "GET /api/post_mtime HTTP/1.1" 200 -
27/Sep/2026 16:42:07 - "GET /api/post_mtime HTTP/1.1" 200 -
27/Sep/2026 16:42:08 - "GET /api/post_mtime HTTP/1.1" 200 -
27/Sep/2026 16:42:09 - "GET /api/post_mtime HTTP/1.1" 200 -
27/Sep/2026 16:42:10 - "GET /api/post_mtime HTTP/1.1" 200 -
27/Sep/2026 16:42:12 - "GET /api/post_mtime HTTP/1.1" 200 -
27/Sep/2026 16:42:13 - "GET /api/post_mtime HTTP/1.1" 200 -
27/Sep/2026 16:42:15 - "GET /api/post_mtime HTTP/1.1" 200 -
27/Sep/2026 16:42:16 - "GET /api/post_mtime HTTP/1.1" 200 -
27/Sep/2026 16:42:18 - "GET /api/post_mtime HTTP/1.1" 200 -
27/Sep/2026 16:42:19 - "GET /api/post_mtime HTTP/1.1" 200 -
27/Sep/2026 16:42:21 - "GET /api/post_mtime HTTP/1.1" 200 -
27/Sep/2026 16:42:22 - "GET /api/post_mtime HTTP/1.1" 200 -
27/Sep/2026 16:42:24 - "GET /api/post_mtime HTTP/1.1" 200 -
27/Sep/2026 16:42:25 - "GET /api/post_mtime HTTP/1.1" 200 -
27/Sep/2026 16:42:27 - "GET /api/post_mtime HTTP/1.1" 200 -
27/Sep/2026 16:42:28 - "GET /api/post_mtime HTTP/1.1" 200 -
27/Sep/2026 16:42:30 - "GET /api/post_mtime HTTP/1.1" 200 -
27/Sep/2026 16:42:31 - "GET /api/post_mtime HTTP/1.1" 200 -
27/Sep/2026 16:42:33 - "GET /api/post_mtime HTTP/1.1" 200 -
27/Sep/2026 16:42:34 - "GET /api/post_mtime HTTP/1.1" 200 -
27/Sep/2026 16:42:35 - "GET /api/post_mtime HTTP/1.1" 200 -
27/Sep/2026 16:42:36 - "GET /api/post_mtime HTTP/1.1" 200 -
27/Sep/2026 16:42:37 - "GET /api/post_mtime HTTP/1.1" 200 -
27/Sep/2026 16:42:39 - "GET /api/post_mtime HTTP/1.1" 200 -
27/Sep/2026 16:42:40 - "GET /api/post_mtime HTTP/1.1" 200 -
27/Sep/2026 16:42:42 - "GET /api/post_mtime HTTP/1.1" 200 -
27/Sep/2026 16:42:43 - "GET /api/post_mtime HTTP/1.1" 200 -
27/Sep/2026 16:42:45 - "GET /api/post_mtime HTTP/1.1" 200 -
27/Sep/2026 16:42:46 - "GET /api/post_mtime HTTP/1.1" 200 -
27/Sep/2026 16:42:48 - "GET /api/post_mtime HTTP/1.1" 200 -
27/Sep/2026 16:42:49 - "GET /api/post_mtime HTTP/1.1" 200 -
27/Sep/2026 16:42:51 - "GET /api/post_mtime HTTP/1.1" 200 -
27/Sep/2026 16:42:52 - "GET /api/post_mtime HTTP/1.1" 200 -
27/Sep/2026 16:42:54 - "GET /api/post_mtime HTTP/1.1" 200 -
27/Sep/2026 16:43:35 - "GET /api/post_mtime HTTP/1.1" 200 -
27/Sep/2026 16:43:35 - "GET /api/post_mtime HTTP/1.1" 200 -
27/Sep/2026 16:44:35 - "GET /api/post_mtime HTTP/1.1" 200 -
27/Sep/2026 16:44:35 - "GET /api/post_mtime HTTP/1.1" 200 -
27/Sep/2026 16:45:07 - "GET /api/post_mtime HTTP/1.1" 200 -
27/Sep/2026 16:45:08 - "GET /api/post_mtime HTTP/1.1" 200 -
27/Sep/2026 16:45:09 - "GET /api/post_mtime HTTP/1.1" 200 -
27/Sep/2026 16:45:11 - "GET /api/post_mtime HTTP/1.1" 200 -
27/Sep/2026 16:45:12 - "GET /api/post_mtime HTTP/1.1" 200 -
27/Sep/2026 16:45:14 - "GET /api/post_mtime HTTP/1.1" 200 -
27/Sep/2026 16:45:15 - "GET /api/post_mtime HTTP/1.1" 200 -
27/Sep/2026 16:45:17 - "GET /api/post_mtime HTTP/1.1" 200 -
27/Sep/2026 16:45:18 - "GET /api/post_mtime HTTP/1.1" 200 -
27/Sep/2026 16:45:20 - "GET /api/post_mtime HTTP/1.1" 200 -
27/Sep/2026 16:45:21 - "GET /api/post_mtime HTTP/1.1" 200 -
27/Sep/2026 16:45:23 - "GET /api/post_mtime HTTP/1.1" 200 -
27/Sep/2026 16:45:24 - "GET /api/post_mtime HTTP/1.1" 200 -
27/Sep/2026 16:45:26 - "GET /api/post_mtime HTTP/1.1" 200 -
27/Sep/2026 16:45:28 - "GET /api/post_mtime HTTP/1.1" 200 -
27/Sep/2026 16:45:30 - "GET /api/post_mtime HTTP/1.1" 200 -
27/Sep/2026 16:45:31 - "GET /api/post_mtime HTTP/1.1" 200 -
27/Sep/2026 16:45:33 - "GET /api/post_mtime HTTP/1.1" 200 -
27/Sep/2026 16:45:34 - "GET /api/post_mtime HTTP/1.1" 200 -
27/Sep/2026 16:45:35 - "GET /api/post_mtime HTTP/1.1" 200 -
27/Sep/2026 16:45:36 - "GET /api/post_mtime HTTP/1.1" 200 -
27/Sep/2026 16:45:37 - "GET /api/post_mtime HTTP/1.1" 200 -
27/Sep/2026 16:45:39 - "GET /api/post_mtime HTTP/1.1" 200 -
27/Sep/2026 16:45:40 - "GET /api/post_mtime HTTP/1.1" 200 -
27/Sep/2026 16:45:42 - "GET /api/post_mtime HTTP/1.1" 200 -
27/Sep/2026 16:45:43 - "GET /api/post_mtime HTTP/1.1" 200 -
27/Sep/2026 16:45:45 - "GET /api/post_mtime HTTP/1.1" 200 -
27/Sep/2026 16:45:46 - "GET /api/post_mtime HTTP/1.1" 200 -
27/Sep/2026 16:45:48 - "GET /api/post_mtime HTTP/1.1" 200 -
27/Sep/2026 16:45:49 - "GET /api/post_mtime HTTP/1.1" 200 -
27/Sep/2026 16:45:51 - "GET /api/post_mtime HTTP/1.1" 200 -
27/Sep/2026 16:45:52 - "GET /api/post_mtime HTTP/1.1" 200 -
27/Sep/2026 16:45:54 - "GET /api/post_mtime HTTP/1.1" 200 -
27/Sep/2026 16:45:55 - "GET /api/post_mtime HTTP/1.1" 200 -
27/Sep/2026 16:45:57 - "GET /api/post_mtime HTTP/1.1" 200 -
27/Sep/2026 16:45:58 - "GET /api/post_mtime HTTP/1.1" 200 -
27/Sep/2026 16:46:00 - "GET /api/post_mtime HTTP/1.1" 200 -
27/Sep/2026 16:46:01 - "GET /api/post_mtime HTTP/1.1" 200 -
27/Sep/2026 16:46:03 - "GET /api/post_mtime HTTP/1.1" 200 -
27/Sep/2026 16:46:04 - "GET /api/post_mtime HTTP/1.1" 200 -
27/Sep/2026 16:46:06 - "GET /api/post_mtime HTTP/1.1" 200 -
27/Sep/2026 16:46:07 - "GET /api/post_mtime HTTP/1.1" 200 -
27/Sep/2026 16:46:09 - "GET /api/post_mtime HTTP/1.1" 200 -
27/Sep/2026 16:46:10 - "GET /api/post_mtime HTTP/1.1" 200 -
27/Sep/2026 16:46:12 - "GET /api/post_mtime HTTP/1.1" 200 -
27/Sep/2026 16:46:13 - "GET /api/post_mtime HTTP/1.1" 200 -
27/Sep/2026 16:46:15 - "GET /api/post_mtime HTTP/1.1" 200 -
27/Sep/2026 16:46:16 - "GET /api/post_mtime HTTP/1.1" 200 -
27/Sep/2026 16:46:18 - "GET /api/post_mtime HTTP/1.1" 200 -
27/Sep/2026 16:46:19 - "GET /api/post_mtime HTTP/1.1" 200 -
27/Sep/2026 16:46:21 - "GET /api/post_mtime HTTP/1.1" 200 -
27/Sep/2026 16:46:22 - "GET /api/post_mtime HTTP/1.1" 200 -
27/Sep/2026 16:46:24 - "GET /api/post_mtime HTTP/1.1" 200 -
27/Sep/2026 16:46:25 - "GET /api/post_mtime HTTP/1.1" 200 -
27/Sep/2026 16:46:27 - "GET /api/post_mtime HTTP/1.1" 200 -
27/Sep/2026 16:46:28 - "GET /api/post_mtime HTTP/1.1" 200 -
27/Sep/2026 16:46:30 - "GET /api/post_mtime HTTP/1.1" 200 -
27/Sep/2026 16:46:31 - "GET /api/post_mtime HTTP/1.1" 200 -
27/Sep/2026 16:46:33 - "GET /api/post_mtime HTTP/1.1" 200 -
27/Sep/2026 16:46:34 - "GET /api/post_mtime HTTP/1.1" 200 -
27/Sep/2026 16:46:35 - "GET /api/post_mtime HTTP/1.1" 200 -
27/Sep/2026 16:46:36 - "GET /api/post_mtime HTTP/1.1" 200 -
27/Sep/2026 16:46:37 - "GET /api/post_mtime HTTP/1.1" 200 -
27/Sep/2026 16:46:39 - "GET /api/post_mtime HTTP/1.1" 200 -
27/Sep/2026 16:46:40 - "GET /api/post_mtime HTTP/1.1" 200 -
27/Sep/2026 16:46:42 - "GET /api/post_mtime HTTP/1.1" 200 -
27/Sep/2026 16:46:43 - "GET /api/post_mtime HTTP/1.1" 200 -
27/Sep/2026 16:46:45 - "GET /api/post_mtime HTTP/1.1" 200 -
27/Sep/2026 16:46:46 - "GET /api/post_mtime HTTP/1.1" 200 -
27/Sep/2026 16:46:48 - "GET /api/post_mtime HTTP/1.1" 200 -
27/Sep/2026 16:46:49 - "GET /api/post_mtime HTTP/1.1" 200 -
27/Sep/2026 16:46:51 - "GET /api/post_mtime HTTP/1.1" 200 -
27/Sep/2026 16:46:52 - "GET /api/post_mtime HTTP/1.1" 200 -
27/Sep/2026 16:46:54 - "GET /api/post_mtime HTTP/1.1" 200 -
27/Sep/2026 16:46:55 - "GET /api/post_mtime HTTP/1.1" 200 -
27/Sep/2026 16:46:57 - "GET /api/post_mtime HTTP/1.1" 200 -
27/Sep/2026 16:46:58 - "GET /api/post_mtime HTTP/1.1" 200 -
27/Sep/2026 16:47:00 - "GET /api/post_mtime HTTP/1.1" 200 -
27/Sep/2026 16:47:01 - "GET /api/post_mtime HTTP/1.1" 200 -
27/Sep/2026 16:47:03 - "GET /api/post_mtime HTTP/1.1" 200 -
27/Sep/2026 16:47:04 - "GET /api/post_mtime HTTP/1.1" 200 -
27/Sep/2026 16:47:06 - "GET /api/post_mtime HTTP/1.1" 200 -
27/Sep/2026 16:47:07 - "GET /api/post_mtime HTTP/1.1" 200 -
27/Sep/2026 16:47:09 - "GET /api/post_mtime HTTP/1.1" 200 -
27/Sep/2026 16:47:10 - "GET /api/post_mtime HTTP/1.1" 200 -
27/Sep/2026 16:47:12 - "GET /api/post_mtime HTTP/1.1" 200 -
27/Sep/2026 16:47:13 - "GET /api/post_mtime HTTP/1.1" 200 -
27/Sep/2026 16:47:15 - "GET /api/post_mtime HTTP/1.1" 200 -
27/Sep/2026 16:47:16 - "GET /api/post_mtime HTTP/1.1" 200 -
27/Sep/2026 16:47:18 - "GET /api/post_mtime HTTP/1.1" 200 -
27/Sep/2026 16:47:19 - "GET /api/post_mtime HTTP/1.1" 200 -
27/Sep/2026 16:47:21 - "GET /api/post_mtime HTTP/1.1" 200 -
27/Sep/2026 16:47:22 - "GET /api/post_mtime HTTP/1.1" 200 -
27/Sep/2026 16:47:24 - "GET /api/post_mtime HTTP/1.1" 200 -
27/Sep/2026 16:47:25 - "GET /api/post_mtime HTTP/1.1" 200 -
27/Sep/2026 16:47:27 - "GET /api/post_mtime HTTP/1.1" 200 -
27/Sep/2026 16:47:28 - "GET /api/post_mtime HTTP/1.1" 200 -
27/Sep/2026 16:47:30 - "GET /api/post_mtime HTTP/1.1" 200 -
27/Sep/2026 16:47:31 - "GET /api/post_mtime HTTP/1.1" 200 -
27/Sep/2026 16:47:33 - "GET /api/post_mtime HTTP/1.1" 200 -
27/Sep/2026 16:47:34 - "GET /api/post_mtime HTTP/1.1" 200 -
27/Sep/2026 16:47:35 - "GET /api/post_mtime HTTP/1.1" 200 -
27/Sep/2026 16:47:36 - "GET /api/post_mtime HTTP/1.1" 200 -
27/Sep/2026 16:47:37 - "GET /api/post_mtime HTTP/1.1" 200 -
27/Sep/2026 16:47:39 - "GET /api/post_mtime HTTP/1.1" 200 -
27/Sep/2026 16:47:40 - "GET /api/post_mtime HTTP/1.1" 200 -
27/Sep/2026 16:47:42 - "GET /api/post_mtime HTTP/1.1" 200 -
27/Sep/2026 16:47:43 - "GET /api/post_mtime HTTP/1.1" 200 -
27/Sep/2026 16:47:45 - "GET /api/post_mtime HTTP/1.1" 200 -
27/Sep/2026 16:47:46 - "GET /api/post_mtime HTTP/1.1" 200 -
27/Sep/2026 16:47:48 - "GET /api/post_mtime HTTP/1.1" 200 -
27/Sep/2026 16:47:49 - "GET /api/post_mtime HTTP/1.1" 200 -
27/Sep/2026 16:47:51 - "GET /api/post_mtime HTTP/1.1" 200 -
27/Sep/2026 16:47:52 - "GET /api/post_mtime HTTP/1.1" 200 -
27/Sep/2026 16:47:54 - "GET /api/post_mtime HTTP/1.1" 200 -
27/Sep/2026 16:47:55 - "GET /api/post_mtime HTTP/1.1" 200 -
27/Sep/2026 16:47:57 - "GET /api/post_mtime HTTP/1.1" 200 -
27/Sep/2026 16:47:58 - "GET /api/post_mtime HTTP/1.1" 200 -
27/Sep/2026 16:48:00 - "GET /api/post_mtime HTTP/1.1" 200 -
27/Sep/2026 16:48:01 - "GET /api/post_mtime HTTP/1.1" 200 -
27/Sep/2026 16:48:03 - "GET /api/post_mtime HTTP/1.1" 200 -
27/Sep/2026 16:48:04 - "GET /api/post_mtime HTTP/1.1" 200 -
27/Sep/2026 16:48:06 - "GET /api/post_mtime HTTP/1.1" 200 -
27/Sep/2026 16:48:07 - "GET /api/post_mtime HTTP/1.1" 200 -
27/Sep/2026 16:48:09 - "GET /api/post_mtime HTTP/1.1" 200 -
27/Sep/2026 16:48:10 - "GET /api/post_mtime HTTP/1.1" 200 -
27/Sep/2026 16:48:12 - "GET /api/post_mtime HTTP/1.1" 200 -
27/Sep/2026 16:48:13 - "GET /api/post_mtime HTTP/1.1" 200 -
27/Sep/2026 16:48:15 - "GET /api/post_mtime HTTP/1.1" 200 -
27/Sep/2026 16:48:16 - "GET /api/post_mtime HTTP/1.1" 200 -
27/Sep/2026 16:48:18 - "GET /api/post_mtime HTTP/1.1" 200 -
27/Sep/2026 16:48:19 - "GET /api/post_mtime HTTP/1.1" 200 -
27/Sep/2026 16:48:21 - "GET /api/post_mtime HTTP/1.1" 200 -
27/Sep/2026 16:48:22 - "GET /api/post_mtime HTTP/1.1" 200 -
27/Sep/2026 16:48:24 - "GET /api/post_mtime HTTP/1.1" 200 -
27/Sep/2026 16:48:25 - "GET /api/post_mtime HTTP/1.1" 200 -
27/Sep/2026 16:48:27 - "GET /api/post_mtime HTTP/1.1" 200 -
27/Sep/2026 16:48:28 - "GET /api/post_mtime HTTP/1.1" 200 -
27/Sep/2026 16:48:30 - "GET /api/post_mtime HTTP/1.1" 200 -
27/Sep/2026 16:48:31 - "GET /api/post_mtime HTTP/1.1" 200 -
27/Sep/2026 16:48:33 - "GET /api/post_mtime HTTP/1.1" 200 -
27/Sep/2026 16:48:34 - "GET /api/post_mtime HTTP/1.1" 200 -
27/Sep/2026 16:48:35 - "GET /api/post_mtime HTTP/1.1" 200 -
27/Sep/2026 16:48:36 - "GET /api/post_mtime HTTP/1.1" 200 -
27/Sep/2026 16:48:37 - "GET /api/post_mtime HTTP/1.1" 200 -
27/Sep/2026 16:48:39 - "GET /api/post_mtime HTTP/1.1" 200 -
27/Sep/2026 16:48:40 - "GET /api/post_mtime HTTP/1.1" 200 -
27/Sep/2026 16:48:42 - "GET /api/post_mtime HTTP/1.1" 200 -
27/Sep/2026 16:48:43 - "GET /api/post_mtime HTTP/1.1" 200 -
27/Sep/2026 16:48:45 - "GET /api/post_mtime HTTP/1.1" 200 -
27/Sep/2026 16:48:46 - "GET /api/post_mtime HTTP/1.1" 200 -
27/Sep/2026 16:48:48 - "GET /api/post_mtime HTTP/1.1" 200 -
27/Sep/2026 16:48:49 - "GET /api/post_mtime HTTP/1.1" 200 -
27/Sep/2026 16:48:51 - "GET /api/post_mtime HTTP/1.1" 200 -
27/Sep/2026 16:48:52 - "GET /api/post_mtime HTTP/1.1" 200 -
27/Sep/2026 16:48:54 - "GET /api/post_mtime HTTP/1.1" 200 -
27/Sep/2026 16:48:55 - "GET /api/post_mtime HTTP/1.1" 200 -
27/Sep/2026 16:48:57 - "GET /api/post_mtime HTTP/1.1" 200 -
27/Sep/2026 16:48:58 - "GET /api/post_mtime HTTP/1.1" 200 -
27/Sep/2026 16:49:00 - "GET /api/post_mtime HTTP/1.1" 200 -
27/Sep/2026 16:49:01 - "GET /api/post_mtime HTTP/1.1" 200 -
27/Sep/2026 16:49:03 - "GET /api/post_mtime HTTP/1.1" 200 -
27/Sep/2026 16:49:04 - "GET /api/post_mtime HTTP/1.1" 200 -
27/Sep/2026 16:49:06 - "GET /api/post_mtime HTTP/1.1" 200 -
27/Sep/2026 16:49:07 - "GET /api/post_mtime HTTP/1.1" 200 -
27/Sep/2026 16:49:09 - "GET /api/post_mtime HTTP/1.1" 200 -
27/Sep/2026 16:49:10 - "GET /api/post_mtime HTTP/1.1" 200 -
27/Sep/2026 16:49:12 - "GET /api/post_mtime HTTP/1.1" 200 -
27/Sep/2026 16:49:13 - "GET /api/post_mtime HTTP/1.1" 200 -
27/Sep/2026 16:49:15 - "GET /api/post_mtime HTTP/1.1" 200 -
27/Sep/2026 16:49:16 - "GET /api/post_mtime HTTP/1.1" 200 -
27/Sep/2026 16:49:18 - "GET /api/post_mtime HTTP/1.1" 200 -
27/Sep/2026 16:49:19 - "GET /api/post_mtime HTTP/1.1" 200 -
27/Sep/2026 16:49:21 - "GET /api/post_mtime HTTP/1.1" 200 -
27/Sep/2026 16:49:22 - "GET /api/post_mtime HTTP/1.1" 200 -
27/Sep/2026 16:49:24 - "GET /api/post_mtime HTTP/1.1" 200 -
27/Sep/2026 16:49:25 - "GET /api/post_mtime HTTP/1.1" 200 -
27/Sep/2026 16:49:27 - "GET /api/post_mtime HTTP/1.1" 200 -
27/Sep/2026 16:49:28 - "GET /api/post_mtime HTTP/1.1" 200 -
27/Sep/2026 16:49:30 - "GET /api/post_mtime HTTP/1.1" 200 -
27/Sep/2026 16:49:31 - "GET /api/post_mtime HTTP/1.1" 200 -
27/Sep/2026 16:49:33 - "GET /api/post_mtime HTTP/1.1" 200 -
27/Sep/2026 16:49:34 - "GET /api/post_mtime HTTP/1.1" 200 -
27/Sep/2026 16:49:35 - "GET /api/post_mtime HTTP/1.1" 200 -
27/Sep/2026 16:49:36 - "GET /api/post_mtime HTTP/1.1" 200 -
27/Sep/2026 16:49:37 - "GET /api/post_mtime HTTP/1.1" 200 -
27/Sep/2026 16:49:39 - "GET /api/post_mtime HTTP/1.1" 200 -
27/Sep/2026 16:49:40 - "GET /api/post_mtime HTTP/1.1" 200 -
27/Sep/2026 16:49:42 - "GET /api/post_mtime HTTP/1.1" 200 -
27/Sep/2026 16:49:43 - "GET /api/post_mtime HTTP/1.1" 200 -
27/Sep/2026 16:49:45 - "GET /api/post_mtime HTTP/1.1" 200 -
27/Sep/2026 16:49:46 - "GET /api/post_mtime HTTP/1.1" 200 -
27/Sep/2026 16:49:48 - "GET /api/post_mtime HTTP/1.1" 200 -
27/Sep/2026 16:49:49 - "GET /api/post_mtime HTTP/1.1" 200 -
27/Sep/2026 16:49:51 - "GET /api/post_mtime HTTP/1.1" 200 -
27/Sep/2026 16:49:52 - "GET /api/post_mtime HTTP/1.1" 200 -
27/Sep/2026 16:49:54 - "GET /api/post_mtime HTTP/1.1" 200 -
27/Sep/2026 16:49:55 - "GET /api/post_mtime HTTP/1.1" 200 -
27/Sep/2026 16:49:57 - "GET /api/post_mtime HTTP/1.1" 200 -
27/Sep/2026 16:49:58 - "GET /api/post_mtime HTTP/1.1" 200 -
27/Sep/2026 16:50:00 - "GET /api/post_mtime HTTP/1.1" 200 -
27/Sep/2026 16:50:01 - "GET /api/post_mtime HTTP/1.1" 200 -
27/Sep/2026 16:50:03 - "GET /api/post_mtime HTTP/1.1" 200 -
27/Sep/2026 16:50:04 - "GET /api/post_mtime HTTP/1.1" 200 -
27/Sep/2026 16:50:06 - "GET /api/post_mtime HTTP/1.1" 200 -
27/Sep/2026 16:50:07 - "GET /api/post_mtime HTTP/1.1" 200 -
27/Sep/2026 16:50:09 - "GET /api/post_mtime HTTP/1.1" 200 -
27/Sep/2026 16:50:10 - "GET /api/post_mtime HTTP/1.1" 200 -
27/Sep/2026 16:50:12 - "GET /api/post_mtime HTTP/1.1" 200 -
27/Sep/2026 16:50:13 - "GET /api/post_mtime HTTP/1.1" 200 -
27/Sep/2026 16:50:15 - "GET /api/post_mtime HTTP/1.1" 200 -
27/Sep/2026 16:50:16 - "GET /api/post_mtime HTTP/1.1" 200 -
27/Sep/2026 16:50:18 - "GET /api/post_mtime HTTP/1.1" 200 -
27/Sep/2026 16:50:19 - "GET /api/post_mtime HTTP/1.1" 200 -
27/Sep/2026 16:50:21 - "GET /api/post_mtime HTTP/1.1" 200 -
27/Sep/2026 16:50:22 - "GET /api/post_mtime HTTP/1.1" 200 -
27/Sep/2026 16:50:24 - "GET /api/post_mtime HTTP/1.1" 200 -
27/Sep/2026 16:50:25 - "GET /api/post_mtime HTTP/1.1" 200 -
27/Sep/2026 16:50:27 - "GET /api/post_mtime HTTP/1.1" 200 -
27/Sep/2026 16:50:35 - "GET /api/post_mtime HTTP/1.1" 200 -
27/Sep/2026 16:50:35 - "GET /api/post_mtime HTTP/1.1" 200 -
27/Sep/2026 16:51:25 - "GET /api/post_mtime HTTP/1.1" 200 -
27/Sep/2026 16:51:26 - "GET /api/post_mtime HTTP/1.1" 200 -
27/Sep/2026 16:51:27 - "GET /api/post_mtime HTTP/1.1" 200 -
27/Sep/2026 16:51:29 - "GET /api/post_mtime HTTP/1.1" 200 -
27/Sep/2026 16:51:30 - "GET /api/post_mtime HTTP/1.1" 200 -
27/Sep/2026 16:51:32 - "GET /api/post_mtime HTTP/1.1" 200 -
27/Sep/2026 16:51:33 - "GET /api/post_mtime HTTP/1.1" 200 -
27/Sep/2026 16:51:35 - "GET /api/post_mtime HTTP/1.1" 200 -
27/Sep/2026 16:51:35 - "GET /api/post_mtime HTTP/1.1" 200 -
27/Sep/2026 16:51:36 - "GET /api/post_mtime HTTP/1.1" 200 -
27/Sep/2026 16:51:39 - "GET /api/post_mtime HTTP/1.1" 200 -
27/Sep/2026 16:51:40 - "GET /api/post_mtime HTTP/1.1" 200 -
27/Sep/2026 16:51:42 - "GET /api/post_mtime HTTP/1.1" 200 -
27/Sep/2026 16:51:42 - "GET /api/post_mtime HTTP/1.1" 200 -
27/Sep/2026 16:51:44 - "GET /api/post_mtime HTTP/1.1" 200 -
27/Sep/2026 16:51:45 - "GET /api/post_mtime HTTP/1.1" 200 -
27/Sep/2026 16:51:47 - "GET /api/post_mtime HTTP/1.1" 200 -
27/Sep/2026 16:51:48 - "GET /api/post_mtime HTTP/1.1" 200 -
27/Sep/2026 16:51:50 - "GET /api/post_mtime HTTP/1.1" 200 -
27/Sep/2026 16:51:51 - "GET /api/post_mtime HTTP/1.1" 200 -
27/Sep/2026 16:51:53 - "GET /api/post_mtime HTTP/1.1" 200 -
27/Sep/2026 16:51:54 - "GET /api/post_mtime HTTP/1.1" 200 -
27/Sep/2026 16:51:56 - "GET /api/post_mtime HTTP/1.1" 200 -
27/Sep/2026 16:51:57 - "GET /api/post_mtime HTTP/1.1" 200 -
27/Sep/2026 16:51:59 - "GET /api/post_mtime HTTP/1.1" 200 -
27/Sep/2026 16:52:00 - "GET /api/post_mtime HTTP/1.1" 200 -
27/Sep/2026 16:52:02 - "GET /api/post_mtime HTTP/1.1" 200 -
27/Sep/2026 16:52:03 - "GET /api/post_mtime HTTP/1.1" 200 -
27/Sep/2026 16:52:05 - "GET /api/post_mtime HTTP/1.1" 200 -
27/Sep/2026 16:52:06 - "GET /api/post_mtime HTTP/1.1" 200 -
27/Sep/2026 16:52:08 - "GET /api/post_mtime HTTP/1.1" 200 -
27/Sep/2026 16:52:09 - "GET /api/post_mtime HTTP/1.1" 200 -
27/Sep/2026 16:52:11 - "GET /api/post_mtime HTTP/1.1" 200 -
27/Sep/2026 16:52:12 - "GET /api/post_mtime HTTP/1.1" 200 -
27/Sep/2026 16:52:14 - "GET /api/post_mtime HTTP/1.1" 200 -
27/Sep/2026 16:52:15 - "GET /api/post_mtime HTTP/1.1" 200 -
27/Sep/2026 16:52:17 - "GET /api/post_mtime HTTP/1.1" 200 -
27/Sep/2026 16:52:18 - "GET /api/post_mtime HTTP/1.1" 200 -
27/Sep/2026 16:52:20 - "GET /api/post_mtime HTTP/1.1" 200 -
27/Sep/2026 16:52:21 - "GET /api/post_mtime HTTP/1.1" 200 -
27/Sep/2026 16:52:23 - "GET /api/post_mtime HTTP/1.1" 200 -
27/Sep/2026 16:52:24 - "GET /api/post_mtime HTTP/1.1" 200 -
27/Sep/2026 16:52:27 - "GET /api/post_mtime HTTP/1.1" 200 -
27/Sep/2026 16:52:28 - "GET /api/post_mtime HTTP/1.1" 200 -
27/Sep/2026 16:52:30 - "GET /api/post_mtime HTTP/1.1" 200 -
27/Sep/2026 16:52:31 - "GET /api/post_mtime HTTP/1.1" 200 -
27/Sep/2026 16:52:33 - "GET /api/post_mtime HTTP/1.1" 200 -
27/Sep/2026 16:52:34 - "GET /api/post_mtime HTTP/1.1" 200 -
27/Sep/2026 16:52:35 - "GET /api/post_mtime HTTP/1.1" 200 -
27/Sep/2026 16:52:36 - "GET /api/post_mtime HTTP/1.1" 200 -
27/Sep/2026 16:52:37 - "GET /api/post_mtime HTTP/1.1" 200 -
27/Sep/2026 16:52:39 - "GET /api/post_mtime HTTP/1.1" 200 -
27/Sep/2026 16:52:40 - "GET /api/post_mtime HTTP/1.1" 200 -
27/Sep/2026 16:52:42 - "GET /api/post_mtime HTTP/1.1" 200 -
27/Sep/2026 16:52:43 - "GET /api/post_mtime HTTP/1.1" 200 -
27/Sep/2026 16:52:45 - "GET /api/post_mtime HTTP/1.1" 200 -
27/Sep/2026 16:52:46 - "GET /api/post_mtime HTTP/1.1" 200 -
27/Sep/2026 16:52:47 - "GET /api/post_mtime HTTP/1.1" 200 -
27/Sep/2026 16:52:48 - "GET /api/post_mtime HTTP/1.1" 200 -
27/Sep/2026 16:52:50 - "GET /api/post_mtime HTTP/1.1" 200 -
27/Sep/2026 16:52:52 - "GET /api/post_mtime HTTP/1.1" 200 -
27/Sep/2026 16:52:54 - "GET /api/post_mtime HTTP/1.1" 200 -
27/Sep/2026 16:52:55 - "GET /api/post_mtime HTTP/1.1" 200 -
27/Sep/2026 16:52:57 - "GET /api/post_mtime HTTP/1.1" 200 -
27/Sep/2026 16:52:58 - "GET /api/post_mtime HTTP/1.1" 200 -
27/Sep/2026 16:53:00 - "GET /api/post_mtime HTTP/1.1" 200 -
27/Sep/2026 16:53:01 - "GET /api/post_mtime HTTP/1.1" 200 -
27/Sep/2026 16:53:03 - "GET /api/post_mtime HTTP/1.1" 200 -
27/Sep/2026 16:53:04 - "GET /api/post_mtime HTTP/1.1" 200 -
27/Sep/2026 16:53:06 - "GET /api/post_mtime HTTP/1.1" 200 -
27/Sep/2026 16:53:07 - "GET /api/post_mtime HTTP/1.1" 200 -
27/Sep/2026 16:53:09 - "GET /api/post_mtime HTTP/1.1" 200 -
27/Sep/2026 16:53:10 - "GET /api/post_mtime HTTP/1.1" 200 -
27/Sep/2026 16:53:12 - "GET /api/post_mtime HTTP/1.1" 200 -
27/Sep/2026 16:53:13 - "GET /api/post_mtime HTTP/1.1" 200 -
27/Sep/2026 16:53:15 - "GET /api/post_mtime HTTP/1.1" 200 -
27/Sep/2026 16:53:16 - "GET /api/post_mtime HTTP/1.1" 200 -
27/Sep/2026 16:53:18 - "GET /api/post_mtime HTTP/1.1" 200 -
27/Sep/2026 16:53:19 - "GET /api/post_mtime HTTP/1.1" 200 -
27/Sep/2026 16:53:21 - "GET /api/post_mtime HTTP/1.1" 200 -
27/Sep/2026 16:53:22 - "GET /api/post_mtime HTTP/1.1" 200 -
27/Sep/2026 16:53:24 - "GET /api/post_mtime HTTP/1.1" 200 -
27/Sep/2026 16:53:25 - "GET /api/post_mtime HTTP/1.1" 200 -
27/Sep/2026 16:53:27 - "GET /api/post_mtime HTTP/1.1" 200 -
27/Sep/2026 16:53:28 - "GET /api/post_mtime HTTP/1.1" 200 -
27/Sep/2026 16:53:30 - "GET /api/post_mtime HTTP/1.1" 200 -
27/Sep/2026 16:53:31 - "GET /api/post_mtime HTTP/1.1" 200 -
27/Sep/2026 16:53:33 - "GET /api/post_mtime HTTP/1.1" 200 -
27/Sep/2026 16:53:34 - "GET /api/post_mtime HTTP/1.1" 200 -
27/Sep/2026 16:53:35 - "GET /api/post_mtime HTTP/1.1" 200 -
27/Sep/2026 16:53:36 - "GET /api/post_mtime HTTP/1.1" 200 -
27/Sep/2026 16:53:37 - "GET /api/post_mtime HTTP/1.1" 200 -
27/Sep/2026 16:53:39 - "GET /api/post_mtime HTTP/1.1" 200 -
27/Sep/2026 16:53:40 - "GET /api/post_mtime HTTP/1.1" 200 -
27/Sep/2026 16:53:42 - "GET /api/post_mtime HTTP/1.1" 200 -
27/Sep/2026 16:53:43 - "GET /api/post_mtime HTTP/1.1" 200 -
27/Sep/2026 16:53:45 - "GET /api/post_mtime HTTP/1.1" 200 -
27/Sep/2026 16:53:46 - "GET /api/post_mtime HTTP/1.1" 200 -
27/Sep/2026 16:53:48 - "GET /api/post_mtime HTTP/1.1" 200 -
27/Sep/2026 16:53:49 - "GET /api/post_mtime HTTP/1.1" 200 -
27/Sep/2026 16:53:51 - "GET /api/post_mtime HTTP/1.1" 200 -
27/Sep/2026 16:53:52 - "GET /api/post_mtime HTTP/1.1" 200 -
27/Sep/2026 16:53:54 - "GET /api/post_mtime HTTP/1.1" 200 -
27/Sep/2026 16:53:55 - "GET /api/post_mtime HTTP/1.1" 200 -
27/Sep/2026 16:53:57 - "GET /api/post_mtime HTTP/1.1" 200 -
27/Sep/2026 16:53:58 - "GET /api/post_mtime HTTP/1.1" 200 -
27/Sep/2026 16:54:00 - "GET /api/post_mtime HTTP/1.1" 200 -
27/Sep/2026 16:54:01 - "GET /api/post_mtime HTTP/1.1" 200 -
27/Sep/2026 16:54:03 - "GET /api/post_mtime HTTP/1.1" 200 -
27/Sep/2026 16:54:04 - "GET /api/post_mtime HTTP/1.1" 200 -
27/Sep/2026 16:54:06 - "GET /api/post_mtime HTTP/1.1" 200 -
27/Sep/2026 16:54:07 - "GET /api/post_mtime HTTP/1.1" 200 -
27/Sep/2026 16:54:09 - "GET /api/post_mtime HTTP/1.1" 200 -
27/Sep/2026 16:54:10 - "GET /api/post_mtime HTTP/1.1" 200 -
27/Sep/2026 16:54:12 - "GET /api/post_mtime HTTP/1.1" 200 -
27/Sep/2026 16:54:13 - "GET /api/post_mtime HTTP/1.1" 200 -
27/Sep/2026 16:54:15 - "GET /api/post_mtime HTTP/1.1" 200 -
27/Sep/2026 16:54:16 - "GET /api/post_mtime HTTP/1.1" 200 -
27/Sep/2026 16:54:18 - "GET /api/post_mtime HTTP/1.1" 200 -
27/Sep/2026 16:54:19 - "GET /api/post_mtime HTTP/1.1" 200 -
27/Sep/2026 16:54:21 - "GET /api/post_mtime HTTP/1.1" 200 -
27/Sep/2026 16:54:22 - "GET /api/post_mtime HTTP/1.1" 200 -
27/Sep/2026 16:54:24 - "GET /api/post_mtime HTTP/1.1" 200 -
27/Sep/2026 16:54:25 - "GET /api/post_mtime HTTP/1.1" 200 -
27/Sep/2026 16:54:27 - "GET /api/post_mtime HTTP/1.1" 200 -
27/Sep/2026 16:54:28 - "GET /api/post_mtime HTTP/1.1" 200 -
27/Sep/2026 16:54:30 - "GET /api/post_mtime HTTP/1.1" 200 -
27/Sep/2026 16:54:31 - "GET /api/post_mtime HTTP/1.1" 200 -
27/Sep/2026 16:54:33 - "GET /api/post_mtime HTTP/1.1" 200 -
27/Sep/2026 16:54:34 - "GET /api/post_mtime HTTP/1.1" 200 -
27/Sep/2026 16:54:35 - "GET /api/post_mtime HTTP/1.1" 200 -
27/Sep/2026 16:54:36 - "GET /api/post_mtime HTTP/1.1" 200 -
27/Sep/2026 16:54:37 - "GET /api/post_mtime HTTP/1.1" 200 -
27/Sep/2026 16:54:39 - "GET /api/post_mtime HTTP/1.1" 200 -
27/Sep/2026 16:54:40 - "GET /api/post_mtime HTTP/1.1" 200 -
27/Sep/2026 16:54:42 - "GET /api/post_mtime HTTP/1.1" 200 -
27/Sep/2026 16:54:43 - "GET /api/post_mtime HTTP/1.1" 200 -
27/Sep/2026 16:54:45 - "GET /api/post_mtime HTTP/1.1" 200 -
27/Sep/2026 16:54:46 - "GET /api/post_mtime HTTP/1.1" 200 -
27/Sep/2026 16:54:48 - "GET /api/post_mtime HTTP/1.1" 200 -
27/Sep/2026 16:54:49 - "GET /api/post_mtime HTTP/1.1" 200 -
27/Sep/2026 16:54:51 - "GET /api/post_mtime HTTP/1.1" 200 -
27/Sep/2026 16:54:52 - "GET /api/post_mtime HTTP/1.1" 200 -
27/Sep/2026 16:54:54 - "GET /api/post_mtime HTTP/1.1" 200 -
27/Sep/2026 16:54:55 - "GET /api/post_mtime HTTP/1.1" 200 -
27/Sep/2026 16:54:57 - "GET /api/post_mtime HTTP/1.1" 200 -
27/Sep/2026 16:54:58 - "GET /api/post_mtime HTTP/1.1" 200 -
27/Sep/2026 16:55:00 - "GET /api/post_mtime HTTP/1.1" 200 -
27/Sep/2026 16:55:01 - "GET /api/post_mtime HTTP/1.1" 200 -
27/Sep/2026 16:55:02 - "GET /api/post_mtime HTTP/1.1" 200 -
27/Sep/2026 16:55:03 - "GET /api/post_mtime HTTP/1.1" 200 -
27/Sep/2026 16:55:05 - "GET /api/post_mtime HTTP/1.1" 200 -
27/Sep/2026 16:55:06 - "GET /api/post_mtime HTTP/1.1" 200 -
27/Sep/2026 16:55:08 - "GET /api/post_mtime HTTP/1.1" 200 -
27/Sep/2026 16:55:10 - "GET /api/post_mtime HTTP/1.1" 200 -
27/Sep/2026 16:55:12 - "GET /api/post_mtime HTTP/1.1" 200 -
27/Sep/2026 16:55:13 - "GET /api/post_mtime HTTP/1.1" 200 -
27/Sep/2026 16:55:15 - "GET /api/post_mtime HTTP/1.1" 200 -
27/Sep/2026 16:55:16 - "GET /api/post_mtime HTTP/1.1" 200 -
27/Sep/2026 16:55:18 - "GET /api/post_mtime HTTP/1.1" 200 -
27/Sep/2026 16:55:19 - "GET /api/post_mtime HTTP/1.1" 200 -
27/Sep/2026 16:55:21 - "GET /api/post_mtime HTTP/1.1" 200 -
27/Sep/2026 16:55:22 - "GET /api/post_mtime HTTP/1.1" 200 -
27/Sep/2026 16:55:24 - "GET /api/post_mtime HTTP/1.1" 200 -
27/Sep/2026 16:55:25 - "GET /api/post_mtime HTTP/1.1" 200 -
27/Sep/2026 16:55:27 - "GET /api/post_mtime HTTP/1.1" 200 -
27/Sep/2026 16:55:28 - "GET /api/post_mtime HTTP/1.1" 200 -
27/Sep/2026 16:55:30 - "GET /api/post_mtime HTTP/1.1" 200 -
27/Sep/2026 16:55:31 - "GET /api/post_mtime HTTP/1.1" 200 -
27/Sep/2026 16:55:33 - "GET /api/post_mtime HTTP/1.1" 200 -
27/Sep/2026 16:55:34 - "GET /api/post_mtime HTTP/1.1" 200 -
27/Sep/2026 16:55:35 - "GET /api/post_mtime HTTP/1.1" 200 -
27/Sep/2026 16:55:36 - "GET /api/post_mtime HTTP/1.1" 200 -
27/Sep/2026 16:55:37 - "GET /api/post_mtime HTTP/1.1" 200 -
27/Sep/2026 16:55:39 - "GET /api/post_mtime HTTP/1.1" 200 -
27/Sep/2026 16:55:40 - "GET /api/post_mtime HTTP/1.1" 200 -
27/Sep/2026 16:55:42 - "GET /api/post_mtime HTTP/1.1" 200 -
27/Sep/2026 16:55:43 - "GET /api/post_mtime HTTP/1.1" 200 -
27/Sep/2026 16:55:45 - "GET /api/post_mtime HTTP/1.1" 200 -
27/Sep/2026 16:55:46 - "GET /api/post_mtime HTTP/1.1" 200 -
27/Sep/2026 16:55:48 - "GET /api/post_mtime HTTP/1.1" 200 -
27/Sep/2026 16:55:49 - "GET /api/post_mtime HTTP/1.1" 200 -
27/Sep/2026 16:55:51 - "GET /api/post_mtime HTTP/1.1" 200 -
----------------------------------------
Exception occurred during processing of request from ('127.0.0.1', 65398)
Traceback (most recent call last):
  File "/Users/alex/.local/share/uv/python/cpython-3.12.14-macos-aarch64-none/lib/python3.12/http/server.py", line 735, in send_head
    f = open(path, 'rb')
        ^^^^^^^^^^^^^^^^
FileNotFoundError: [Errno 2] No such file or directory: '/Users/alex/Documents/CR_projects/phil_sycophancy/results/favicon.ico'

During handling of the above exception, another exception occurred:

Traceback (most recent call last):
  File "/Users/alex/.local/share/uv/python/cpython-3.12.14-macos-aarch64-none/lib/python3.12/socketserver.py", line 697, in process_request_thread
    self.finish_request(request, client_address)
  File "/Users/alex/.local/share/uv/python/cpython-3.12.14-macos-aarch64-none/lib/python3.12/socketserver.py", line 362, in finish_request
    self.RequestHandlerClass(request, client_address, self)
  File "/Users/alex/.local/share/uv/python/cpython-3.12.14-macos-aarch64-none/lib/python3.12/http/server.py", line 676, in __init__
    super().__init__(*args, **kwargs)
  File "/Users/alex/.local/share/uv/python/cpython-3.12.14-macos-aarch64-none/lib/python3.12/socketserver.py", line 766, in __init__
    self.handle()
  File "/Users/alex/.local/share/uv/python/cpython-3.12.14-macos-aarch64-none/lib/python3.12/http/server.py", line 440, in handle
    self.handle_one_request()
  File "/Users/alex/.local/share/uv/python/cpython-3.12.14-macos-aarch64-none/lib/python3.12/http/server.py", line 428, in handle_one_request
    method()
  File "/Users/alex/Documents/CR_projects/phil_sycophancy/philsyc/serve_report.py", line 67, in do_GET
    return super().do_GET()
           ^^^^^^^^^^^^^^^^
  File "/Users/alex/.local/share/uv/python/cpython-3.12.14-macos-aarch64-none/lib/python3.12/http/server.py", line 680, in do_GET
    f = self.send_head()
        ^^^^^^^^^^^^^^^^
  File "/Users/alex/.local/share/uv/python/cpython-3.12.14-macos-aarch64-none/lib/python3.12/http/server.py", line 737, in send_head
    self.send_error(HTTPStatus.NOT_FOUND, "File not found")
  File "/Users/alex/.local/share/uv/python/cpython-3.12.14-macos-aarch64-none/lib/python3.12/http/server.py", line 470, in send_error
    self.log_error("code %d, message %s", code, message)
  File "/Users/alex/.local/share/uv/python/cpython-3.12.14-macos-aarch64-none/lib/python3.12/http/server.py", line 572, in log_error
    self.log_message(format, *args)
  File "/Users/alex/Documents/CR_projects/phil_sycophancy/philsyc/serve_report.py", line 42, in log_message
    if "/api/" in (args[0] if args else ""):
       ^^^^^^^^^^^^^^^^^^^^^^^^^^^^^^^^^^^^
TypeError: argument of type 'HTTPStatus' is not iterable
----------------------------------------
----------------------------------------
Exception occurred during processing of request from ('127.0.0.1', 65399)
Traceback (most recent call last):
  File "/Users/alex/.local/share/uv/python/cpython-3.12.14-macos-aarch64-none/lib/python3.12/http/server.py", line 735, in send_head
    f = open(path, 'rb')
        ^^^^^^^^^^^^^^^^
FileNotFoundError: [Errno 2] No such file or directory: '/Users/alex/Documents/CR_projects/phil_sycophancy/results/favicon.ico'

During handling of the above exception, another exception occurred:

Traceback (most recent call last):
  File "/Users/alex/.local/share/uv/python/cpython-3.12.14-macos-aarch64-none/lib/python3.12/socketserver.py", line 697, in process_request_thread
    self.finish_request(request, client_address)
  File "/Users/alex/.local/share/uv/python/cpython-3.12.14-macos-aarch64-none/lib/python3.12/socketserver.py", line 362, in finish_request
    self.RequestHandlerClass(request, client_address, self)
  File "/Users/alex/.local/share/uv/python/cpython-3.12.14-macos-aarch64-none/lib/python3.12/http/server.py", line 676, in __init__
    super().__init__(*args, **kwargs)
  File "/Users/alex/.local/share/uv/python/cpython-3.12.14-macos-aarch64-none/lib/python3.12/socketserver.py", line 766, in __init__
    self.handle()
  File "/Users/alex/.local/share/uv/python/cpython-3.12.14-macos-aarch64-none/lib/python3.12/http/server.py", line 440, in handle
    self.handle_one_request()
  File "/Users/alex/.local/share/uv/python/cpython-3.12.14-macos-aarch64-none/lib/python3.12/http/server.py", line 428, in handle_one_request
    method()
  File "/Users/alex/Documents/CR_projects/phil_sycophancy/philsyc/serve_report.py", line 67, in do_GET
    return super().do_GET()
           ^^^^^^^^^^^^^^^^
  File "/Users/alex/.local/share/uv/python/cpython-3.12.14-macos-aarch64-none/lib/python3.12/http/server.py", line 680, in do_GET
    f = self.send_head()
        ^^^^^^^^^^^^^^^^
  File "/Users/alex/.local/share/uv/python/cpython-3.12.14-macos-aarch64-none/lib/python3.12/http/server.py", line 737, in send_head
    self.send_error(HTTPStatus.NOT_FOUND, "File not found")
  File "/Users/alex/.local/share/uv/python/cpython-3.12.14-macos-aarch64-none/lib/python3.12/http/server.py", line 470, in send_error
    self.log_error("code %d, message %s", code, message)
  File "/Users/alex/.local/share/uv/python/cpython-3.12.14-macos-aarch64-none/lib/python3.12/http/server.py", line 572, in log_error
    self.log_message(format, *args)
  File "/Users/alex/Documents/CR_projects/phil_sycophancy/philsyc/serve_report.py", line 42, in log_message
    if "/api/" in (args[0] if args else ""):
       ^^^^^^^^^^^^^^^^^^^^^^^^^^^^^^^^^^^^
TypeError: argument of type 'HTTPStatus' is not iterable
----------------------------------------
27/Sep/2026 16:55:53 - "GET /api/post_mtime HTTP/1.1" 200 -
